Copyright 1986-2022 Xilinx, Inc. All Rights Reserved. Copyright 2022-2023 Advanced Micro Devices, Inc. All Rights Reserved.
---------------------------------------------------------------------------------------------------------------------------------------------
| Tool Version : Vivado v.2023.2 (win64) Build 4029153 Fri Oct 13 20:14:34 MDT 2023
| Date         : Sun Jun 14 17:19:59 2026
| Host         : benson running 64-bit major release  (build 9200)
| Command      : report_timing_summary -max_paths 10 -file E:/Vivado/Projects/desperate_yi/MVP2_fdtd_d4s48/reports/timing_impl.rpt
| Design       : fdtd_hdmi_bd_wrapper
| Device       : 7z020-clg400
| Speed File   : -1  PRODUCTION 1.12 2019-11-22
| Design State : Routed
---------------------------------------------------------------------------------------------------------------------------------------------

Timing Summary Report

------------------------------------------------------------------------------------------------
| Timer Settings
| --------------
------------------------------------------------------------------------------------------------

  Enable Multi Corner Analysis               :  Yes
  Enable Pessimism Removal                   :  Yes
  Pessimism Removal Resolution               :  Nearest Common Node
  Enable Input Delay Default Clock           :  No
  Enable Preset / Clear Arcs                 :  No
  Disable Flight Delays                      :  No
  Ignore I/O Paths                           :  No
  Timing Early Launch at Borrowing Latches   :  No
  Borrow Time for Max Delay Exceptions       :  Yes
  Merge Timing Exceptions                    :  Yes
  Inter-SLR Compensation                     :  Conservative

  Corner  Analyze    Analyze    
  Name    Max Paths  Min Paths  
  ------  ---------  ---------  
  Slow    Yes        Yes        
  Fast    Yes        Yes        


------------------------------------------------------------------------------------------------
| Report Methodology
| ------------------
------------------------------------------------------------------------------------------------

Rule       Severity  Description                                  Violations  
---------  --------  -------------------------------------------  ----------  
TIMING-9   Warning   Unknown CDC Logic                            1           
TIMING-10  Warning   Missing property on synchronizer             1           
TIMING-18  Warning   Missing input or output delay                8           
XDCB-5     Warning   Runtime inefficient way to find pin objects  1           

Note: This report is based on the most recent report_methodology run and may not be up-to-date. Run report_methodology on the current design for the latest report.



check_timing report

Table of Contents
-----------------
1. checking no_clock (0)
2. checking constant_clock (0)
3. checking pulse_width_clock (0)
4. checking unconstrained_internal_endpoints (0)
5. checking no_input_delay (0)
6. checking no_output_delay (4)
7. checking multiple_clock (0)
8. checking generated_clocks (0)
9. checking loops (0)
10. checking partial_input_delay (0)
11. checking partial_output_delay (0)
12. checking latch_loops (0)

1. checking no_clock (0)
------------------------
 There are 0 register/latch pins with no clock.


2. checking constant_clock (0)
------------------------------
 There are 0 register/latch pins with constant_clock.


3. checking pulse_width_clock (0)
---------------------------------
 There are 0 register/latch pins which need pulse_width check


4. checking unconstrained_internal_endpoints (0)
------------------------------------------------
 There are 0 pins that are not constrained for maximum delay.

 There are 0 pins that are not constrained for maximum delay due to constant clock.


5. checking no_input_delay (0)
------------------------------
 There are 0 input ports with no input delay specified.

 There are 0 input ports with no input delay but user has a false path constraint.


6. checking no_output_delay (4)
-------------------------------
 There are 4 ports with no output delay specified. (HIGH)

 There are 0 ports with no output delay but user has a false path constraint

 There are 0 ports with no output delay but with a timing clock defined on it or propagating through it


7. checking multiple_clock (0)
------------------------------
 There are 0 register/latch pins with multiple clocks.


8. checking generated_clocks (0)
--------------------------------
 There are 0 generated clocks that are not connected to a clock source.


9. checking loops (0)
---------------------
 There are 0 combinational loops in the design.


10. checking partial_input_delay (0)
------------------------------------
 There are 0 input ports with partial input delay specified.


11. checking partial_output_delay (0)
-------------------------------------
 There are 0 ports with partial output delay specified.


12. checking latch_loops (0)
----------------------------
 There are 0 combinational latch loops in the design through latch input



------------------------------------------------------------------------------------------------
| Design Timing Summary
| ---------------------
------------------------------------------------------------------------------------------------

    WNS(ns)      TNS(ns)  TNS Failing Endpoints  TNS Total Endpoints      WHS(ns)      THS(ns)  THS Failing Endpoints  THS Total Endpoints     WPWS(ns)     TPWS(ns)  TPWS Failing Endpoints  TPWS Total Endpoints  
    -------      -------  ---------------------  -------------------      -------      -------  ---------------------  -------------------     --------     --------  ----------------------  --------------------  
      0.298        0.000                      0                82067        0.023        0.000                      0                82047        2.000        0.000                       0                 34363  


All user specified timing constraints are met.


------------------------------------------------------------------------------------------------
| Clock Summary
| -------------
------------------------------------------------------------------------------------------------

Clock                                Waveform(ns)         Period(ns)      Frequency(MHz)
-----                                ------------         ----------      --------------
clk                                  {0.000 4.000}        8.000           125.000         
  clk_out1_fdtd_hdmi_bd_clk_wiz_0_0  {0.000 20.000}       40.000          25.000          
  clk_out2_fdtd_hdmi_bd_clk_wiz_0_0  {0.000 4.000}        8.000           125.000         
  clk_out3_fdtd_hdmi_bd_clk_wiz_0_0  {0.000 5.000}        10.000          100.000         
  clkfbout_fdtd_hdmi_bd_clk_wiz_0_0  {0.000 4.000}        8.000           125.000         
clk_fpga_0                           {0.000 10.000}       20.000          50.000          


------------------------------------------------------------------------------------------------
| Intra Clock Table
| -----------------
------------------------------------------------------------------------------------------------

Clock                                    WNS(ns)      TNS(ns)  TNS Failing Endpoints  TNS Total Endpoints      WHS(ns)      THS(ns)  THS Failing Endpoints  THS Total Endpoints     WPWS(ns)     TPWS(ns)  TPWS Failing Endpoints  TPWS Total Endpoints  
-----                                    -------      -------  ---------------------  -------------------      -------      -------  ---------------------  -------------------     --------     --------  ----------------------  --------------------  
clk                                                                                                                                                                                    2.000        0.000                       0                     1  
  clk_out1_fdtd_hdmi_bd_clk_wiz_0_0       21.500        0.000                      0                 9420        0.044        0.000                      0                 9420       19.020        0.000                       0                  3161  
  clk_out2_fdtd_hdmi_bd_clk_wiz_0_0                                                                                                                                                    5.845        0.000                       0                    10  
  clk_out3_fdtd_hdmi_bd_clk_wiz_0_0        0.298        0.000                      0                67733        0.023        0.000                      0                67733        4.020        0.000                       0                 28855  
  clkfbout_fdtd_hdmi_bd_clk_wiz_0_0                                                                                                                                                    5.845        0.000                       0                     3  
clk_fpga_0                                10.887        0.000                      0                 4891        0.027        0.000                      0                 4891        9.020        0.000                       0                  2333  


------------------------------------------------------------------------------------------------
| Inter Clock Table
| -----------------
------------------------------------------------------------------------------------------------

From Clock                         To Clock                               WNS(ns)      TNS(ns)  TNS Failing Endpoints  TNS Total Endpoints      WHS(ns)      THS(ns)  THS Failing Endpoints  THS Total Endpoints  
----------                         --------                               -------      -------  ---------------------  -------------------      -------      -------  ---------------------  -------------------  
clk_out3_fdtd_hdmi_bd_clk_wiz_0_0  clk_out1_fdtd_hdmi_bd_clk_wiz_0_0        8.733        0.000                      0                   10                                                                        
clk_out1_fdtd_hdmi_bd_clk_wiz_0_0  clk_out3_fdtd_hdmi_bd_clk_wiz_0_0       38.549        0.000                      0                   10                                                                        


------------------------------------------------------------------------------------------------
| Other Path Groups Table
| -----------------------
------------------------------------------------------------------------------------------------

Path Group                         From Clock                         To Clock                               WNS(ns)      TNS(ns)  TNS Failing Endpoints  TNS Total Endpoints      WHS(ns)      THS(ns)  THS Failing Endpoints  THS Total Endpoints  
----------                         ----------                         --------                               -------      -------  ---------------------  -------------------      -------      -------  ---------------------  -------------------  
**async_default**                  clk_out1_fdtd_hdmi_bd_clk_wiz_0_0  clk_out3_fdtd_hdmi_bd_clk_wiz_0_0        5.382        0.000                      0                    3        1.011        0.000                      0                    3  


------------------------------------------------------------------------------------------------
| Timing Details
| --------------
------------------------------------------------------------------------------------------------


---------------------------------------------------------------------------------------------------
From Clock:  clk
  To Clock:  clk

Setup :           NA  Failing Endpoints,  Worst Slack           NA  ,  Total Violation           NA
Hold  :           NA  Failing Endpoints,  Worst Slack           NA  ,  Total Violation           NA
PW    :            0  Failing Endpoints,  Worst Slack        2.000ns,  Total Violation        0.000ns
---------------------------------------------------------------------------------------------------


Pulse Width Checks
--------------------------------------------------------------------------------------
Clock Name:         clk
Waveform(ns):       { 0.000 4.000 }
Period(ns):         8.000
Sources:            { clk }

Check Type        Corner  Lib Pin            Reference Pin  Required(ns)  Actual(ns)  Slack(ns)  Location         Pin
Min Period        n/a     MMCME2_ADV/CLKIN1  n/a            1.249         8.000       6.751      MMCME2_ADV_X1Y2  fdtd_hdmi_bd_i/clk_wiz_0/inst/mmcm_adv_inst/CLKIN1
Max Period        n/a     MMCME2_ADV/CLKIN1  n/a            100.000       8.000       92.000     MMCME2_ADV_X1Y2  fdtd_hdmi_bd_i/clk_wiz_0/inst/mmcm_adv_inst/CLKIN1
Low Pulse Width   Slow    MMCME2_ADV/CLKIN1  n/a            2.000         4.000       2.000      MMCME2_ADV_X1Y2  fdtd_hdmi_bd_i/clk_wiz_0/inst/mmcm_adv_inst/CLKIN1
Low Pulse Width   Fast    MMCME2_ADV/CLKIN1  n/a            2.000         4.000       2.000      MMCME2_ADV_X1Y2  fdtd_hdmi_bd_i/clk_wiz_0/inst/mmcm_adv_inst/CLKIN1
High Pulse Width  Slow    MMCME2_ADV/CLKIN1  n/a            2.000         4.000       2.000      MMCME2_ADV_X1Y2  fdtd_hdmi_bd_i/clk_wiz_0/inst/mmcm_adv_inst/CLKIN1
High Pulse Width  Fast    MMCME2_ADV/CLKIN1  n/a            2.000         4.000       2.000      MMCME2_ADV_X1Y2  fdtd_hdmi_bd_i/clk_wiz_0/inst/mmcm_adv_inst/CLKIN1



---------------------------------------------------------------------------------------------------
From Clock:  clk_out1_fdtd_hdmi_bd_clk_wiz_0_0
  To Clock:  clk_out1_fdtd_hdmi_bd_clk_wiz_0_0

Setup :            0  Failing Endpoints,  Worst Slack       21.500ns,  Total Violation        0.000ns
Hold  :            0  Failing Endpoints,  Worst Slack        0.044ns,  Total Violation        0.000ns
PW    :            0  Failing Endpoints,  Worst Slack       19.020ns,  Total Violation        0.000ns
---------------------------------------------------------------------------------------------------


Max Delay Paths
--------------------------------------------------------------------------------------
Slack (MET) :             21.500ns  (required time - arrival time)
  Source:                 fdtd_hdmi_bd_i/bridge_0/inst/hm_wdata_reg[12]/C
                            (rising edge-triggered cell FDRE clocked by clk_out1_fdtd_hdmi_bd_clk_wiz_0_0  {rise@0.000ns fall@20.000ns period=40.000ns})
  Destination:            fdtd_hdmi_bd_i/renderer_0/inst/u_impl/g_marcher_bram[47].u_bram/mem_reg/DIADI[4]
                            (rising edge-triggered cell RAMB36E1 clocked by clk_out1_fdtd_hdmi_bd_clk_wiz_0_0  {rise@0.000ns fall@20.000ns period=40.000ns})
  Path Group:             clk_out1_fdtd_hdmi_bd_clk_wiz_0_0
  Path Type:              Setup (Max at Slow Process Corner)
  Requirement:            40.000ns  (clk_out1_fdtd_hdmi_bd_clk_wiz_0_0 rise@40.000ns - clk_out1_fdtd_hdmi_bd_clk_wiz_0_0 rise@0.000ns)
  Data Path Delay:        17.781ns  (logic 0.456ns (2.565%)  route 17.325ns (97.435%))
  Logic Levels:           0  
  Clock Path Skew:        0.108ns (DCD - SCD + CPR)
    Destination Clock Delay (DCD):    -1.348ns = ( 38.652 - 40.000 ) 
    Source Clock Delay      (SCD):    -1.003ns
    Clock Pessimism Removal (CPR):    0.452ns
  Clock Uncertainty:      0.090ns  ((TSJ^2 + DJ^2)^1/2) / 2 + PE
    Total System Jitter     (TSJ):    0.071ns
    Discrete Jitter          (DJ):    0.165ns
    Phase Error              (PE):    0.000ns

    Location             Delay type                Incr(ns)  Path(ns)    Netlist Resource(s)
  -------------------------------------------------------------------    -------------------
                         (clock clk_out1_fdtd_hdmi_bd_clk_wiz_0_0 rise edge)
                                                      0.000     0.000 r  
    H16                                               0.000     0.000 r  clk (IN)
                         net (fo=0)                   0.000     0.000    fdtd_hdmi_bd_i/clk_wiz_0/inst/clk_in1
    H16                  IBUF (Prop_ibuf_I_O)         1.451     1.451 r  fdtd_hdmi_bd_i/clk_wiz_0/inst/clkin1_ibufg/O
                         net (fo=1, routed)           1.285     2.736    fdtd_hdmi_bd_i/clk_wiz_0/inst/clk_in1_fdtd_hdmi_bd_clk_wiz_0_0
    MMCME2_ADV_X1Y2      MMCME2_ADV (Prop_mmcme2_adv_CLKIN1_CLKOUT0)
                                                     -7.759    -5.023 r  fdtd_hdmi_bd_i/clk_wiz_0/inst/mmcm_adv_inst/CLKOUT0
                         net (fo=1, routed)           2.206    -2.817    fdtd_hdmi_bd_i/clk_wiz_0/inst/clk_out1_fdtd_hdmi_bd_clk_wiz_0_0
    BUFGCTRL_X0Y16       BUFG (Prop_bufg_I_O)         0.101    -2.716 r  fdtd_hdmi_bd_i/clk_wiz_0/inst/clkout1_buf/O
                         net (fo=3160, routed)        1.713    -1.003    fdtd_hdmi_bd_i/bridge_0/inst/clk
    SLICE_X63Y23         FDRE                                         r  fdtd_hdmi_bd_i/bridge_0/inst/hm_wdata_reg[12]/C
  -------------------------------------------------------------------    -------------------
    SLICE_X63Y23         FDRE (Prop_fdre_C_Q)         0.456    -0.547 r  fdtd_hdmi_bd_i/bridge_0/inst/hm_wdata_reg[12]/Q
                         net (fo=58, routed)         17.325    16.778    fdtd_hdmi_bd_i/renderer_0/inst/u_impl/g_marcher_bram[47].u_bram/hm_wdata[4]
    RAMB36_X5Y22         RAMB36E1                                     r  fdtd_hdmi_bd_i/renderer_0/inst/u_impl/g_marcher_bram[47].u_bram/mem_reg/DIADI[4]
  -------------------------------------------------------------------    -------------------

                         (clock clk_out1_fdtd_hdmi_bd_clk_wiz_0_0 rise edge)
                                                     40.000    40.000 r  
    H16                                               0.000    40.000 r  clk (IN)
                         net (fo=0)                   0.000    40.000    fdtd_hdmi_bd_i/clk_wiz_0/inst/clk_in1
    H16                  IBUF (Prop_ibuf_I_O)         1.380    41.380 r  fdtd_hdmi_bd_i/clk_wiz_0/inst/clkin1_ibufg/O
                         net (fo=1, routed)           1.162    42.542    fdtd_hdmi_bd_i/clk_wiz_0/inst/clk_in1_fdtd_hdmi_bd_clk_wiz_0_0
    MMCME2_ADV_X1Y2      MMCME2_ADV (Prop_mmcme2_adv_CLKIN1_CLKOUT0)
                                                     -7.814    34.728 r  fdtd_hdmi_bd_i/clk_wiz_0/inst/mmcm_adv_inst/CLKOUT0
                         net (fo=1, routed)           2.012    36.740    fdtd_hdmi_bd_i/clk_wiz_0/inst/clk_out1_fdtd_hdmi_bd_clk_wiz_0_0
    BUFGCTRL_X0Y16       BUFG (Prop_bufg_I_O)         0.091    36.831 r  fdtd_hdmi_bd_i/clk_wiz_0/inst/clkout1_buf/O
                         net (fo=3160, routed)        1.821    38.652    fdtd_hdmi_bd_i/renderer_0/inst/u_impl/g_marcher_bram[47].u_bram/clk_pix
    RAMB36_X5Y22         RAMB36E1                                     r  fdtd_hdmi_bd_i/renderer_0/inst/u_impl/g_marcher_bram[47].u_bram/mem_reg/CLKARDCLK
                         clock pessimism              0.452    39.104    
                         clock uncertainty           -0.090    39.014    
    RAMB36_X5Y22         RAMB36E1 (Setup_ramb36e1_CLKARDCLK_DIADI[4])
                                                     -0.737    38.277    fdtd_hdmi_bd_i/renderer_0/inst/u_impl/g_marcher_bram[47].u_bram/mem_reg
  -------------------------------------------------------------------
                         required time                         38.277    
                         arrival time                         -16.778    
  -------------------------------------------------------------------
                         slack                                 21.500    

Slack (MET) :             21.700ns  (required time - arrival time)
  Source:                 fdtd_hdmi_bd_i/bridge_0/inst/hm_wdata_reg[12]/C
                            (rising edge-triggered cell FDRE clocked by clk_out1_fdtd_hdmi_bd_clk_wiz_0_0  {rise@0.000ns fall@20.000ns period=40.000ns})
  Destination:            fdtd_hdmi_bd_i/renderer_0/inst/u_impl/g_marcher_bram[45].u_bram/mem_reg/DIADI[4]
                            (rising edge-triggered cell RAMB36E1 clocked by clk_out1_fdtd_hdmi_bd_clk_wiz_0_0  {rise@0.000ns fall@20.000ns period=40.000ns})
  Path Group:             clk_out1_fdtd_hdmi_bd_clk_wiz_0_0
  Path Type:              Setup (Max at Slow Process Corner)
  Requirement:            40.000ns  (clk_out1_fdtd_hdmi_bd_clk_wiz_0_0 rise@40.000ns - clk_out1_fdtd_hdmi_bd_clk_wiz_0_0 rise@0.000ns)
  Data Path Delay:        17.585ns  (logic 0.456ns (2.593%)  route 17.129ns (97.407%))
  Logic Levels:           0  
  Clock Path Skew:        0.112ns (DCD - SCD + CPR)
    Destination Clock Delay (DCD):    -1.344ns = ( 38.656 - 40.000 ) 
    Source Clock Delay      (SCD):    -1.003ns
    Clock Pessimism Removal (CPR):    0.452ns
  Clock Uncertainty:      0.090ns  ((TSJ^2 + DJ^2)^1/2) / 2 + PE
    Total System Jitter     (TSJ):    0.071ns
    Discrete Jitter          (DJ):    0.165ns
    Phase Error              (PE):    0.000ns

    Location             Delay type                Incr(ns)  Path(ns)    Netlist Resource(s)
  -------------------------------------------------------------------    -------------------
                         (clock clk_out1_fdtd_hdmi_bd_clk_wiz_0_0 rise edge)
                                                      0.000     0.000 r  
    H16                                               0.000     0.000 r  clk (IN)
                         net (fo=0)                   0.000     0.000    fdtd_hdmi_bd_i/clk_wiz_0/inst/clk_in1
    H16                  IBUF (Prop_ibuf_I_O)         1.451     1.451 r  fdtd_hdmi_bd_i/clk_wiz_0/inst/clkin1_ibufg/O
                         net (fo=1, routed)           1.285     2.736    fdtd_hdmi_bd_i/clk_wiz_0/inst/clk_in1_fdtd_hdmi_bd_clk_wiz_0_0
    MMCME2_ADV_X1Y2      MMCME2_ADV (Prop_mmcme2_adv_CLKIN1_CLKOUT0)
                                                     -7.759    -5.023 r  fdtd_hdmi_bd_i/clk_wiz_0/inst/mmcm_adv_inst/CLKOUT0
                         net (fo=1, routed)           2.206    -2.817    fdtd_hdmi_bd_i/clk_wiz_0/inst/clk_out1_fdtd_hdmi_bd_clk_wiz_0_0
    BUFGCTRL_X0Y16       BUFG (Prop_bufg_I_O)         0.101    -2.716 r  fdtd_hdmi_bd_i/clk_wiz_0/inst/clkout1_buf/O
                         net (fo=3160, routed)        1.713    -1.003    fdtd_hdmi_bd_i/bridge_0/inst/clk
    SLICE_X63Y23         FDRE                                         r  fdtd_hdmi_bd_i/bridge_0/inst/hm_wdata_reg[12]/C
  -------------------------------------------------------------------    -------------------
    SLICE_X63Y23         FDRE (Prop_fdre_C_Q)         0.456    -0.547 r  fdtd_hdmi_bd_i/bridge_0/inst/hm_wdata_reg[12]/Q
                         net (fo=58, routed)         17.129    16.581    fdtd_hdmi_bd_i/renderer_0/inst/u_impl/g_marcher_bram[45].u_bram/hm_wdata[4]
    RAMB36_X5Y21         RAMB36E1                                     r  fdtd_hdmi_bd_i/renderer_0/inst/u_impl/g_marcher_bram[45].u_bram/mem_reg/DIADI[4]
  -------------------------------------------------------------------    -------------------

                         (clock clk_out1_fdtd_hdmi_bd_clk_wiz_0_0 rise edge)
                                                     40.000    40.000 r  
    H16                                               0.000    40.000 r  clk (IN)
                         net (fo=0)                   0.000    40.000    fdtd_hdmi_bd_i/clk_wiz_0/inst/clk_in1
    H16                  IBUF (Prop_ibuf_I_O)         1.380    41.380 r  fdtd_hdmi_bd_i/clk_wiz_0/inst/clkin1_ibufg/O
                         net (fo=1, routed)           1.162    42.542    fdtd_hdmi_bd_i/clk_wiz_0/inst/clk_in1_fdtd_hdmi_bd_clk_wiz_0_0
    MMCME2_ADV_X1Y2      MMCME2_ADV (Prop_mmcme2_adv_CLKIN1_CLKOUT0)
                                                     -7.814    34.728 r  fdtd_hdmi_bd_i/clk_wiz_0/inst/mmcm_adv_inst/CLKOUT0
                         net (fo=1, routed)           2.012    36.740    fdtd_hdmi_bd_i/clk_wiz_0/inst/clk_out1_fdtd_hdmi_bd_clk_wiz_0_0
    BUFGCTRL_X0Y16       BUFG (Prop_bufg_I_O)         0.091    36.831 r  fdtd_hdmi_bd_i/clk_wiz_0/inst/clkout1_buf/O
                         net (fo=3160, routed)        1.825    38.656    fdtd_hdmi_bd_i/renderer_0/inst/u_impl/g_marcher_bram[45].u_bram/clk_pix
    RAMB36_X5Y21         RAMB36E1                                     r  fdtd_hdmi_bd_i/renderer_0/inst/u_impl/g_marcher_bram[45].u_bram/mem_reg/CLKARDCLK
                         clock pessimism              0.452    39.108    
                         clock uncertainty           -0.090    39.018    
    RAMB36_X5Y21         RAMB36E1 (Setup_ramb36e1_CLKARDCLK_DIADI[4])
                                                     -0.737    38.281    fdtd_hdmi_bd_i/renderer_0/inst/u_impl/g_marcher_bram[45].u_bram/mem_reg
  -------------------------------------------------------------------
                         required time                         38.281    
                         arrival time                         -16.581    
  -------------------------------------------------------------------
                         slack                                 21.700    

Slack (MET) :             21.775ns  (required time - arrival time)
  Source:                 fdtd_hdmi_bd_i/bridge_0/inst/hm_wdata_reg[12]/C
                            (rising edge-triggered cell FDRE clocked by clk_out1_fdtd_hdmi_bd_clk_wiz_0_0  {rise@0.000ns fall@20.000ns period=40.000ns})
  Destination:            fdtd_hdmi_bd_i/renderer_0/inst/u_impl/g_marcher_bram[44].u_bram/mem_reg/DIADI[4]
                            (rising edge-triggered cell RAMB36E1 clocked by clk_out1_fdtd_hdmi_bd_clk_wiz_0_0  {rise@0.000ns fall@20.000ns period=40.000ns})
  Path Group:             clk_out1_fdtd_hdmi_bd_clk_wiz_0_0
  Path Type:              Setup (Max at Slow Process Corner)
  Requirement:            40.000ns  (clk_out1_fdtd_hdmi_bd_clk_wiz_0_0 rise@40.000ns - clk_out1_fdtd_hdmi_bd_clk_wiz_0_0 rise@0.000ns)
  Data Path Delay:        17.511ns  (logic 0.456ns (2.604%)  route 17.055ns (97.396%))
  Logic Levels:           0  
  Clock Path Skew:        0.113ns (DCD - SCD + CPR)
    Destination Clock Delay (DCD):    -1.343ns = ( 38.657 - 40.000 ) 
    Source Clock Delay      (SCD):    -1.003ns
    Clock Pessimism Removal (CPR):    0.452ns
  Clock Uncertainty:      0.090ns  ((TSJ^2 + DJ^2)^1/2) / 2 + PE
    Total System Jitter     (TSJ):    0.071ns
    Discrete Jitter          (DJ):    0.165ns
    Phase Error              (PE):    0.000ns

    Location             Delay type                Incr(ns)  Path(ns)    Netlist Resource(s)
  -------------------------------------------------------------------    -------------------
                         (clock clk_out1_fdtd_hdmi_bd_clk_wiz_0_0 rise edge)
                                                      0.000     0.000 r  
    H16                                               0.000     0.000 r  clk (IN)
                         net (fo=0)                   0.000     0.000    fdtd_hdmi_bd_i/clk_wiz_0/inst/clk_in1
    H16                  IBUF (Prop_ibuf_I_O)         1.451     1.451 r  fdtd_hdmi_bd_i/clk_wiz_0/inst/clkin1_ibufg/O
                         net (fo=1, routed)           1.285     2.736    fdtd_hdmi_bd_i/clk_wiz_0/inst/clk_in1_fdtd_hdmi_bd_clk_wiz_0_0
    MMCME2_ADV_X1Y2      MMCME2_ADV (Prop_mmcme2_adv_CLKIN1_CLKOUT0)
                                                     -7.759    -5.023 r  fdtd_hdmi_bd_i/clk_wiz_0/inst/mmcm_adv_inst/CLKOUT0
                         net (fo=1, routed)           2.206    -2.817    fdtd_hdmi_bd_i/clk_wiz_0/inst/clk_out1_fdtd_hdmi_bd_clk_wiz_0_0
    BUFGCTRL_X0Y16       BUFG (Prop_bufg_I_O)         0.101    -2.716 r  fdtd_hdmi_bd_i/clk_wiz_0/inst/clkout1_buf/O
                         net (fo=3160, routed)        1.713    -1.003    fdtd_hdmi_bd_i/bridge_0/inst/clk
    SLICE_X63Y23         FDRE                                         r  fdtd_hdmi_bd_i/bridge_0/inst/hm_wdata_reg[12]/C
  -------------------------------------------------------------------    -------------------
    SLICE_X63Y23         FDRE (Prop_fdre_C_Q)         0.456    -0.547 r  fdtd_hdmi_bd_i/bridge_0/inst/hm_wdata_reg[12]/Q
                         net (fo=58, routed)         17.055    16.507    fdtd_hdmi_bd_i/renderer_0/inst/u_impl/g_marcher_bram[44].u_bram/hm_wdata[4]
    RAMB36_X5Y20         RAMB36E1                                     r  fdtd_hdmi_bd_i/renderer_0/inst/u_impl/g_marcher_bram[44].u_bram/mem_reg/DIADI[4]
  -------------------------------------------------------------------    -------------------

                         (clock clk_out1_fdtd_hdmi_bd_clk_wiz_0_0 rise edge)
                                                     40.000    40.000 r  
    H16                                               0.000    40.000 r  clk (IN)
                         net (fo=0)                   0.000    40.000    fdtd_hdmi_bd_i/clk_wiz_0/inst/clk_in1
    H16                  IBUF (Prop_ibuf_I_O)         1.380    41.380 r  fdtd_hdmi_bd_i/clk_wiz_0/inst/clkin1_ibufg/O
                         net (fo=1, routed)           1.162    42.542    fdtd_hdmi_bd_i/clk_wiz_0/inst/clk_in1_fdtd_hdmi_bd_clk_wiz_0_0
    MMCME2_ADV_X1Y2      MMCME2_ADV (Prop_mmcme2_adv_CLKIN1_CLKOUT0)
                                                     -7.814    34.728 r  fdtd_hdmi_bd_i/clk_wiz_0/inst/mmcm_adv_inst/CLKOUT0
                         net (fo=1, routed)           2.012    36.740    fdtd_hdmi_bd_i/clk_wiz_0/inst/clk_out1_fdtd_hdmi_bd_clk_wiz_0_0
    BUFGCTRL_X0Y16       BUFG (Prop_bufg_I_O)         0.091    36.831 r  fdtd_hdmi_bd_i/clk_wiz_0/inst/clkout1_buf/O
                         net (fo=3160, routed)        1.826    38.657    fdtd_hdmi_bd_i/renderer_0/inst/u_impl/g_marcher_bram[44].u_bram/clk_pix
    RAMB36_X5Y20         RAMB36E1                                     r  fdtd_hdmi_bd_i/renderer_0/inst/u_impl/g_marcher_bram[44].u_bram/mem_reg/CLKARDCLK
                         clock pessimism              0.452    39.109    
                         clock uncertainty           -0.090    39.019    
    RAMB36_X5Y20         RAMB36E1 (Setup_ramb36e1_CLKARDCLK_DIADI[4])
                                                     -0.737    38.282    fdtd_hdmi_bd_i/renderer_0/inst/u_impl/g_marcher_bram[44].u_bram/mem_reg
  -------------------------------------------------------------------
                         required time                         38.282    
                         arrival time                         -16.507    
  -------------------------------------------------------------------
                         slack                                 21.775    

Slack (MET) :             22.041ns  (required time - arrival time)
  Source:                 fdtd_hdmi_bd_i/bridge_0/inst/hm_wdata_reg[12]/C
                            (rising edge-triggered cell FDRE clocked by clk_out1_fdtd_hdmi_bd_clk_wiz_0_0  {rise@0.000ns fall@20.000ns period=40.000ns})
  Destination:            fdtd_hdmi_bd_i/renderer_0/inst/u_impl/g_marcher_bram[43].u_bram/mem_reg/DIADI[4]
                            (rising edge-triggered cell RAMB36E1 clocked by clk_out1_fdtd_hdmi_bd_clk_wiz_0_0  {rise@0.000ns fall@20.000ns period=40.000ns})
  Path Group:             clk_out1_fdtd_hdmi_bd_clk_wiz_0_0
  Path Type:              Setup (Max at Slow Process Corner)
  Requirement:            40.000ns  (clk_out1_fdtd_hdmi_bd_clk_wiz_0_0 rise@40.000ns - clk_out1_fdtd_hdmi_bd_clk_wiz_0_0 rise@0.000ns)
  Data Path Delay:        17.071ns  (logic 0.456ns (2.671%)  route 16.615ns (97.329%))
  Logic Levels:           0  
  Clock Path Skew:        -0.061ns (DCD - SCD + CPR)
    Destination Clock Delay (DCD):    -1.517ns = ( 38.483 - 40.000 ) 
    Source Clock Delay      (SCD):    -1.003ns
    Clock Pessimism Removal (CPR):    0.452ns
  Clock Uncertainty:      0.090ns  ((TSJ^2 + DJ^2)^1/2) / 2 + PE
    Total System Jitter     (TSJ):    0.071ns
    Discrete Jitter          (DJ):    0.165ns
    Phase Error              (PE):    0.000ns

    Location             Delay type                Incr(ns)  Path(ns)    Netlist Resource(s)
  -------------------------------------------------------------------    -------------------
                         (clock clk_out1_fdtd_hdmi_bd_clk_wiz_0_0 rise edge)
                                                      0.000     0.000 r  
    H16                                               0.000     0.000 r  clk (IN)
                         net (fo=0)                   0.000     0.000    fdtd_hdmi_bd_i/clk_wiz_0/inst/clk_in1
    H16                  IBUF (Prop_ibuf_I_O)         1.451     1.451 r  fdtd_hdmi_bd_i/clk_wiz_0/inst/clkin1_ibufg/O
                         net (fo=1, routed)           1.285     2.736    fdtd_hdmi_bd_i/clk_wiz_0/inst/clk_in1_fdtd_hdmi_bd_clk_wiz_0_0
    MMCME2_ADV_X1Y2      MMCME2_ADV (Prop_mmcme2_adv_CLKIN1_CLKOUT0)
                                                     -7.759    -5.023 r  fdtd_hdmi_bd_i/clk_wiz_0/inst/mmcm_adv_inst/CLKOUT0
                         net (fo=1, routed)           2.206    -2.817    fdtd_hdmi_bd_i/clk_wiz_0/inst/clk_out1_fdtd_hdmi_bd_clk_wiz_0_0
    BUFGCTRL_X0Y16       BUFG (Prop_bufg_I_O)         0.101    -2.716 r  fdtd_hdmi_bd_i/clk_wiz_0/inst/clkout1_buf/O
                         net (fo=3160, routed)        1.713    -1.003    fdtd_hdmi_bd_i/bridge_0/inst/clk
    SLICE_X63Y23         FDRE                                         r  fdtd_hdmi_bd_i/bridge_0/inst/hm_wdata_reg[12]/C
  -------------------------------------------------------------------    -------------------
    SLICE_X63Y23         FDRE (Prop_fdre_C_Q)         0.456    -0.547 r  fdtd_hdmi_bd_i/bridge_0/inst/hm_wdata_reg[12]/Q
                         net (fo=58, routed)         16.615    16.068    fdtd_hdmi_bd_i/renderer_0/inst/u_impl/g_marcher_bram[43].u_bram/hm_wdata[4]
    RAMB36_X5Y19         RAMB36E1                                     r  fdtd_hdmi_bd_i/renderer_0/inst/u_impl/g_marcher_bram[43].u_bram/mem_reg/DIADI[4]
  -------------------------------------------------------------------    -------------------

                         (clock clk_out1_fdtd_hdmi_bd_clk_wiz_0_0 rise edge)
                                                     40.000    40.000 r  
    H16                                               0.000    40.000 r  clk (IN)
                         net (fo=0)                   0.000    40.000    fdtd_hdmi_bd_i/clk_wiz_0/inst/clk_in1
    H16                  IBUF (Prop_ibuf_I_O)         1.380    41.380 r  fdtd_hdmi_bd_i/clk_wiz_0/inst/clkin1_ibufg/O
                         net (fo=1, routed)           1.162    42.542    fdtd_hdmi_bd_i/clk_wiz_0/inst/clk_in1_fdtd_hdmi_bd_clk_wiz_0_0
    MMCME2_ADV_X1Y2      MMCME2_ADV (Prop_mmcme2_adv_CLKIN1_CLKOUT0)
                                                     -7.814    34.728 r  fdtd_hdmi_bd_i/clk_wiz_0/inst/mmcm_adv_inst/CLKOUT0
                         net (fo=1, routed)           2.012    36.740    fdtd_hdmi_bd_i/clk_wiz_0/inst/clk_out1_fdtd_hdmi_bd_clk_wiz_0_0
    BUFGCTRL_X0Y16       BUFG (Prop_bufg_I_O)         0.091    36.831 r  fdtd_hdmi_bd_i/clk_wiz_0/inst/clkout1_buf/O
                         net (fo=3160, routed)        1.652    38.483    fdtd_hdmi_bd_i/renderer_0/inst/u_impl/g_marcher_bram[43].u_bram/clk_pix
    RAMB36_X5Y19         RAMB36E1                                     r  fdtd_hdmi_bd_i/renderer_0/inst/u_impl/g_marcher_bram[43].u_bram/mem_reg/CLKARDCLK
                         clock pessimism              0.452    38.936    
                         clock uncertainty           -0.090    38.846    
    RAMB36_X5Y19         RAMB36E1 (Setup_ramb36e1_CLKARDCLK_DIADI[4])
                                                     -0.737    38.109    fdtd_hdmi_bd_i/renderer_0/inst/u_impl/g_marcher_bram[43].u_bram/mem_reg
  -------------------------------------------------------------------
                         required time                         38.109    
                         arrival time                         -16.068    
  -------------------------------------------------------------------
                         slack                                 22.041    

Slack (MET) :             22.108ns  (required time - arrival time)
  Source:                 fdtd_hdmi_bd_i/bridge_0/inst/hm_wdata_reg[12]/C
                            (rising edge-triggered cell FDRE clocked by clk_out1_fdtd_hdmi_bd_clk_wiz_0_0  {rise@0.000ns fall@20.000ns period=40.000ns})
  Destination:            fdtd_hdmi_bd_i/renderer_0/inst/u_impl/g_marcher_bram[42].u_bram/mem_reg/DIADI[4]
                            (rising edge-triggered cell RAMB36E1 clocked by clk_out1_fdtd_hdmi_bd_clk_wiz_0_0  {rise@0.000ns fall@20.000ns period=40.000ns})
  Path Group:             clk_out1_fdtd_hdmi_bd_clk_wiz_0_0
  Path Type:              Setup (Max at Slow Process Corner)
  Requirement:            40.000ns  (clk_out1_fdtd_hdmi_bd_clk_wiz_0_0 rise@40.000ns - clk_out1_fdtd_hdmi_bd_clk_wiz_0_0 rise@0.000ns)
  Data Path Delay:        17.004ns  (logic 0.456ns (2.682%)  route 16.548ns (97.318%))
  Logic Levels:           0  
  Clock Path Skew:        -0.062ns (DCD - SCD + CPR)
    Destination Clock Delay (DCD):    -1.518ns = ( 38.482 - 40.000 ) 
    Source Clock Delay      (SCD):    -1.003ns
    Clock Pessimism Removal (CPR):    0.452ns
  Clock Uncertainty:      0.090ns  ((TSJ^2 + DJ^2)^1/2) / 2 + PE
    Total System Jitter     (TSJ):    0.071ns
    Discrete Jitter          (DJ):    0.165ns
    Phase Error              (PE):    0.000ns

    Location             Delay type                Incr(ns)  Path(ns)    Netlist Resource(s)
  -------------------------------------------------------------------    -------------------
                         (clock clk_out1_fdtd_hdmi_bd_clk_wiz_0_0 rise edge)
                                                      0.000     0.000 r  
    H16                                               0.000     0.000 r  clk (IN)
                         net (fo=0)                   0.000     0.000    fdtd_hdmi_bd_i/clk_wiz_0/inst/clk_in1
    H16                  IBUF (Prop_ibuf_I_O)         1.451     1.451 r  fdtd_hdmi_bd_i/clk_wiz_0/inst/clkin1_ibufg/O
                         net (fo=1, routed)           1.285     2.736    fdtd_hdmi_bd_i/clk_wiz_0/inst/clk_in1_fdtd_hdmi_bd_clk_wiz_0_0
    MMCME2_ADV_X1Y2      MMCME2_ADV (Prop_mmcme2_adv_CLKIN1_CLKOUT0)
                                                     -7.759    -5.023 r  fdtd_hdmi_bd_i/clk_wiz_0/inst/mmcm_adv_inst/CLKOUT0
                         net (fo=1, routed)           2.206    -2.817    fdtd_hdmi_bd_i/clk_wiz_0/inst/clk_out1_fdtd_hdmi_bd_clk_wiz_0_0
    BUFGCTRL_X0Y16       BUFG (Prop_bufg_I_O)         0.101    -2.716 r  fdtd_hdmi_bd_i/clk_wiz_0/inst/clkout1_buf/O
                         net (fo=3160, routed)        1.713    -1.003    fdtd_hdmi_bd_i/bridge_0/inst/clk
    SLICE_X63Y23         FDRE                                         r  fdtd_hdmi_bd_i/bridge_0/inst/hm_wdata_reg[12]/C
  -------------------------------------------------------------------    -------------------
    SLICE_X63Y23         FDRE (Prop_fdre_C_Q)         0.456    -0.547 r  fdtd_hdmi_bd_i/bridge_0/inst/hm_wdata_reg[12]/Q
                         net (fo=58, routed)         16.548    16.000    fdtd_hdmi_bd_i/renderer_0/inst/u_impl/g_marcher_bram[42].u_bram/hm_wdata[4]
    RAMB36_X5Y18         RAMB36E1                                     r  fdtd_hdmi_bd_i/renderer_0/inst/u_impl/g_marcher_bram[42].u_bram/mem_reg/DIADI[4]
  -------------------------------------------------------------------    -------------------

                         (clock clk_out1_fdtd_hdmi_bd_clk_wiz_0_0 rise edge)
                                                     40.000    40.000 r  
    H16                                               0.000    40.000 r  clk (IN)
                         net (fo=0)                   0.000    40.000    fdtd_hdmi_bd_i/clk_wiz_0/inst/clk_in1
    H16                  IBUF (Prop_ibuf_I_O)         1.380    41.380 r  fdtd_hdmi_bd_i/clk_wiz_0/inst/clkin1_ibufg/O
                         net (fo=1, routed)           1.162    42.542    fdtd_hdmi_bd_i/clk_wiz_0/inst/clk_in1_fdtd_hdmi_bd_clk_wiz_0_0
    MMCME2_ADV_X1Y2      MMCME2_ADV (Prop_mmcme2_adv_CLKIN1_CLKOUT0)
                                                     -7.814    34.728 r  fdtd_hdmi_bd_i/clk_wiz_0/inst/mmcm_adv_inst/CLKOUT0
                         net (fo=1, routed)           2.012    36.740    fdtd_hdmi_bd_i/clk_wiz_0/inst/clk_out1_fdtd_hdmi_bd_clk_wiz_0_0
    BUFGCTRL_X0Y16       BUFG (Prop_bufg_I_O)         0.091    36.831 r  fdtd_hdmi_bd_i/clk_wiz_0/inst/clkout1_buf/O
                         net (fo=3160, routed)        1.651    38.482    fdtd_hdmi_bd_i/renderer_0/inst/u_impl/g_marcher_bram[42].u_bram/clk_pix
    RAMB36_X5Y18         RAMB36E1                                     r  fdtd_hdmi_bd_i/renderer_0/inst/u_impl/g_marcher_bram[42].u_bram/mem_reg/CLKARDCLK
                         clock pessimism              0.452    38.935    
                         clock uncertainty           -0.090    38.845    
    RAMB36_X5Y18         RAMB36E1 (Setup_ramb36e1_CLKARDCLK_DIADI[4])
                                                     -0.737    38.108    fdtd_hdmi_bd_i/renderer_0/inst/u_impl/g_marcher_bram[42].u_bram/mem_reg
  -------------------------------------------------------------------
                         required time                         38.108    
                         arrival time                         -16.000    
  -------------------------------------------------------------------
                         slack                                 22.108    

Slack (MET) :             22.543ns  (required time - arrival time)
  Source:                 fdtd_hdmi_bd_i/bridge_0/inst/hm_wdata_reg[12]/C
                            (rising edge-triggered cell FDRE clocked by clk_out1_fdtd_hdmi_bd_clk_wiz_0_0  {rise@0.000ns fall@20.000ns period=40.000ns})
  Destination:            fdtd_hdmi_bd_i/renderer_0/inst/u_impl/g_marcher_bram[39].u_bram/mem_reg/DIADI[4]
                            (rising edge-triggered cell RAMB36E1 clocked by clk_out1_fdtd_hdmi_bd_clk_wiz_0_0  {rise@0.000ns fall@20.000ns period=40.000ns})
  Path Group:             clk_out1_fdtd_hdmi_bd_clk_wiz_0_0
  Path Type:              Setup (Max at Slow Process Corner)
  Requirement:            40.000ns  (clk_out1_fdtd_hdmi_bd_clk_wiz_0_0 rise@40.000ns - clk_out1_fdtd_hdmi_bd_clk_wiz_0_0 rise@0.000ns)
  Data Path Delay:        16.565ns  (logic 0.456ns (2.753%)  route 16.109ns (97.247%))
  Logic Levels:           0  
  Clock Path Skew:        -0.065ns (DCD - SCD + CPR)
    Destination Clock Delay (DCD):    -1.521ns = ( 38.479 - 40.000 ) 
    Source Clock Delay      (SCD):    -1.003ns
    Clock Pessimism Removal (CPR):    0.452ns
  Clock Uncertainty:      0.090ns  ((TSJ^2 + DJ^2)^1/2) / 2 + PE
    Total System Jitter     (TSJ):    0.071ns
    Discrete Jitter          (DJ):    0.165ns
    Phase Error              (PE):    0.000ns

    Location             Delay type                Incr(ns)  Path(ns)    Netlist Resource(s)
  -------------------------------------------------------------------    -------------------
                         (clock clk_out1_fdtd_hdmi_bd_clk_wiz_0_0 rise edge)
                                                      0.000     0.000 r  
    H16                                               0.000     0.000 r  clk (IN)
                         net (fo=0)                   0.000     0.000    fdtd_hdmi_bd_i/clk_wiz_0/inst/clk_in1
    H16                  IBUF (Prop_ibuf_I_O)         1.451     1.451 r  fdtd_hdmi_bd_i/clk_wiz_0/inst/clkin1_ibufg/O
                         net (fo=1, routed)           1.285     2.736    fdtd_hdmi_bd_i/clk_wiz_0/inst/clk_in1_fdtd_hdmi_bd_clk_wiz_0_0
    MMCME2_ADV_X1Y2      MMCME2_ADV (Prop_mmcme2_adv_CLKIN1_CLKOUT0)
                                                     -7.759    -5.023 r  fdtd_hdmi_bd_i/clk_wiz_0/inst/mmcm_adv_inst/CLKOUT0
                         net (fo=1, routed)           2.206    -2.817    fdtd_hdmi_bd_i/clk_wiz_0/inst/clk_out1_fdtd_hdmi_bd_clk_wiz_0_0
    BUFGCTRL_X0Y16       BUFG (Prop_bufg_I_O)         0.101    -2.716 r  fdtd_hdmi_bd_i/clk_wiz_0/inst/clkout1_buf/O
                         net (fo=3160, routed)        1.713    -1.003    fdtd_hdmi_bd_i/bridge_0/inst/clk
    SLICE_X63Y23         FDRE                                         r  fdtd_hdmi_bd_i/bridge_0/inst/hm_wdata_reg[12]/C
  -------------------------------------------------------------------    -------------------
    SLICE_X63Y23         FDRE (Prop_fdre_C_Q)         0.456    -0.547 r  fdtd_hdmi_bd_i/bridge_0/inst/hm_wdata_reg[12]/Q
                         net (fo=58, routed)         16.109    15.562    fdtd_hdmi_bd_i/renderer_0/inst/u_impl/g_marcher_bram[39].u_bram/hm_wdata[4]
    RAMB36_X5Y17         RAMB36E1                                     r  fdtd_hdmi_bd_i/renderer_0/inst/u_impl/g_marcher_bram[39].u_bram/mem_reg/DIADI[4]
  -------------------------------------------------------------------    -------------------

                         (clock clk_out1_fdtd_hdmi_bd_clk_wiz_0_0 rise edge)
                                                     40.000    40.000 r  
    H16                                               0.000    40.000 r  clk (IN)
                         net (fo=0)                   0.000    40.000    fdtd_hdmi_bd_i/clk_wiz_0/inst/clk_in1
    H16                  IBUF (Prop_ibuf_I_O)         1.380    41.380 r  fdtd_hdmi_bd_i/clk_wiz_0/inst/clkin1_ibufg/O
                         net (fo=1, routed)           1.162    42.542    fdtd_hdmi_bd_i/clk_wiz_0/inst/clk_in1_fdtd_hdmi_bd_clk_wiz_0_0
    MMCME2_ADV_X1Y2      MMCME2_ADV (Prop_mmcme2_adv_CLKIN1_CLKOUT0)
                                                     -7.814    34.728 r  fdtd_hdmi_bd_i/clk_wiz_0/inst/mmcm_adv_inst/CLKOUT0
                         net (fo=1, routed)           2.012    36.740    fdtd_hdmi_bd_i/clk_wiz_0/inst/clk_out1_fdtd_hdmi_bd_clk_wiz_0_0
    BUFGCTRL_X0Y16       BUFG (Prop_bufg_I_O)         0.091    36.831 r  fdtd_hdmi_bd_i/clk_wiz_0/inst/clkout1_buf/O
                         net (fo=3160, routed)        1.648    38.479    fdtd_hdmi_bd_i/renderer_0/inst/u_impl/g_marcher_bram[39].u_bram/clk_pix
    RAMB36_X5Y17         RAMB36E1                                     r  fdtd_hdmi_bd_i/renderer_0/inst/u_impl/g_marcher_bram[39].u_bram/mem_reg/CLKARDCLK
                         clock pessimism              0.452    38.932    
                         clock uncertainty           -0.090    38.842    
    RAMB36_X5Y17         RAMB36E1 (Setup_ramb36e1_CLKARDCLK_DIADI[4])
                                                     -0.737    38.105    fdtd_hdmi_bd_i/renderer_0/inst/u_impl/g_marcher_bram[39].u_bram/mem_reg
  -------------------------------------------------------------------
                         required time                         38.105    
                         arrival time                         -15.562    
  -------------------------------------------------------------------
                         slack                                 22.543    

Slack (MET) :             22.775ns  (required time - arrival time)
  Source:                 fdtd_hdmi_bd_i/rst_pix_25M/U0/PR_OUT_DFF[0].FDRE_PER/C
                            (rising edge-triggered cell FDRE clocked by clk_out1_fdtd_hdmi_bd_clk_wiz_0_0  {rise@0.000ns fall@20.000ns period=40.000ns})
  Destination:            fdtd_hdmi_bd_i/fdtd_quad_0/inst/u_core/solver_3/bz_wr_data_reg[4]/CE
                            (rising edge-triggered cell FDSE clocked by clk_out1_fdtd_hdmi_bd_clk_wiz_0_0  {rise@0.000ns fall@20.000ns period=40.000ns})
  Path Group:             clk_out1_fdtd_hdmi_bd_clk_wiz_0_0
  Path Type:              Setup (Max at Slow Process Corner)
  Requirement:            40.000ns  (clk_out1_fdtd_hdmi_bd_clk_wiz_0_0 rise@40.000ns - clk_out1_fdtd_hdmi_bd_clk_wiz_0_0 rise@0.000ns)
  Data Path Delay:        16.460ns  (logic 1.192ns (7.242%)  route 15.268ns (92.758%))
  Logic Levels:           3  (LUT3=1 LUT5=1 LUT6=1)
  Clock Path Skew:        -0.471ns (DCD - SCD + CPR)
    Destination Clock Delay (DCD):    -1.589ns = ( 38.411 - 40.000 ) 
    Source Clock Delay      (SCD):    -0.666ns
    Clock Pessimism Removal (CPR):    0.452ns
  Clock Uncertainty:      0.090ns  ((TSJ^2 + DJ^2)^1/2) / 2 + PE
    Total System Jitter     (TSJ):    0.071ns
    Discrete Jitter          (DJ):    0.165ns
    Phase Error              (PE):    0.000ns

    Location             Delay type                Incr(ns)  Path(ns)    Netlist Resource(s)
  -------------------------------------------------------------------    -------------------
                         (clock clk_out1_fdtd_hdmi_bd_clk_wiz_0_0 rise edge)
                                                      0.000     0.000 r  
    H16                                               0.000     0.000 r  clk (IN)
                         net (fo=0)                   0.000     0.000    fdtd_hdmi_bd_i/clk_wiz_0/inst/clk_in1
    H16                  IBUF (Prop_ibuf_I_O)         1.451     1.451 r  fdtd_hdmi_bd_i/clk_wiz_0/inst/clkin1_ibufg/O
                         net (fo=1, routed)           1.285     2.736    fdtd_hdmi_bd_i/clk_wiz_0/inst/clk_in1_fdtd_hdmi_bd_clk_wiz_0_0
    MMCME2_ADV_X1Y2      MMCME2_ADV (Prop_mmcme2_adv_CLKIN1_CLKOUT0)
                                                     -7.759    -5.023 r  fdtd_hdmi_bd_i/clk_wiz_0/inst/mmcm_adv_inst/CLKOUT0
                         net (fo=1, routed)           2.206    -2.817    fdtd_hdmi_bd_i/clk_wiz_0/inst/clk_out1_fdtd_hdmi_bd_clk_wiz_0_0
    BUFGCTRL_X0Y16       BUFG (Prop_bufg_I_O)         0.101    -2.716 r  fdtd_hdmi_bd_i/clk_wiz_0/inst/clkout1_buf/O
                         net (fo=3160, routed)        2.050    -0.666    fdtd_hdmi_bd_i/rst_pix_25M/U0/slowest_sync_clk
    SLICE_X107Y113       FDRE                                         r  fdtd_hdmi_bd_i/rst_pix_25M/U0/PR_OUT_DFF[0].FDRE_PER/C
  -------------------------------------------------------------------    -------------------
    SLICE_X107Y113       FDRE (Prop_fdre_C_Q)         0.419    -0.247 f  fdtd_hdmi_bd_i/rst_pix_25M/U0/PR_OUT_DFF[0].FDRE_PER/Q
                         net (fo=463, routed)        11.109    10.861    fdtd_hdmi_bd_i/fdtd_quad_0/inst/u_core/solver_3/rst
    SLICE_X24Y21         LUT5 (Prop_lut5_I0_O)        0.299    11.160 r  fdtd_hdmi_bd_i/fdtd_quad_0/inst/u_core/solver_3/bz_wr_data[15]_i_4__2/O
                         net (fo=2, routed)           1.579    12.739    fdtd_hdmi_bd_i/fdtd_quad_0/inst/u_core/solver_3/fdtd_engine/u_bz/bz_wr_data_reg[15]
    SLICE_X18Y11         LUT3 (Prop_lut3_I0_O)        0.146    12.885 r  fdtd_hdmi_bd_i/fdtd_quad_0/inst/u_core/solver_3/fdtd_engine/u_bz/bz_wr_data[15]_i_7__2/O
                         net (fo=17, routed)          1.227    14.112    fdtd_hdmi_bd_i/fdtd_quad_0/inst/u_core/solver_3/fdtd_engine/u_bz/bz_wr_data[15]_i_7__2_n_0
    SLICE_X27Y20         LUT6 (Prop_lut6_I5_O)        0.328    14.440 r  fdtd_hdmi_bd_i/fdtd_quad_0/inst/u_core/solver_3/fdtd_engine/u_bz/bz_wr_data[15]_i_2__2/O
                         net (fo=16, routed)          1.353    15.793    fdtd_hdmi_bd_i/fdtd_quad_0/inst/u_core/solver_3/fdtd_engine_n_59
    SLICE_X15Y7          FDSE                                         r  fdtd_hdmi_bd_i/fdtd_quad_0/inst/u_core/solver_3/bz_wr_data_reg[4]/CE
  -------------------------------------------------------------------    -------------------

                         (clock clk_out1_fdtd_hdmi_bd_clk_wiz_0_0 rise edge)
                                                     40.000    40.000 r  
    H16                                               0.000    40.000 r  clk (IN)
                         net (fo=0)                   0.000    40.000    fdtd_hdmi_bd_i/clk_wiz_0/inst/clk_in1
    H16                  IBUF (Prop_ibuf_I_O)         1.380    41.380 r  fdtd_hdmi_bd_i/clk_wiz_0/inst/clkin1_ibufg/O
                         net (fo=1, routed)           1.162    42.542    fdtd_hdmi_bd_i/clk_wiz_0/inst/clk_in1_fdtd_hdmi_bd_clk_wiz_0_0
    MMCME2_ADV_X1Y2      MMCME2_ADV (Prop_mmcme2_adv_CLKIN1_CLKOUT0)
                                                     -7.814    34.728 r  fdtd_hdmi_bd_i/clk_wiz_0/inst/mmcm_adv_inst/CLKOUT0
                         net (fo=1, routed)           2.012    36.740    fdtd_hdmi_bd_i/clk_wiz_0/inst/clk_out1_fdtd_hdmi_bd_clk_wiz_0_0
    BUFGCTRL_X0Y16       BUFG (Prop_bufg_I_O)         0.091    36.831 r  fdtd_hdmi_bd_i/clk_wiz_0/inst/clkout1_buf/O
                         net (fo=3160, routed)        1.579    38.411    fdtd_hdmi_bd_i/fdtd_quad_0/inst/u_core/solver_3/clk
    SLICE_X15Y7          FDSE                                         r  fdtd_hdmi_bd_i/fdtd_quad_0/inst/u_core/solver_3/bz_wr_data_reg[4]/C
                         clock pessimism              0.452    38.863    
                         clock uncertainty           -0.090    38.773    
    SLICE_X15Y7          FDSE (Setup_fdse_C_CE)      -0.205    38.568    fdtd_hdmi_bd_i/fdtd_quad_0/inst/u_core/solver_3/bz_wr_data_reg[4]
  -------------------------------------------------------------------
                         required time                         38.568    
                         arrival time                         -15.793    
  -------------------------------------------------------------------
                         slack                                 22.775    

Slack (MET) :             22.775ns  (required time - arrival time)
  Source:                 fdtd_hdmi_bd_i/rst_pix_25M/U0/PR_OUT_DFF[0].FDRE_PER/C
                            (rising edge-triggered cell FDRE clocked by clk_out1_fdtd_hdmi_bd_clk_wiz_0_0  {rise@0.000ns fall@20.000ns period=40.000ns})
  Destination:            fdtd_hdmi_bd_i/fdtd_quad_0/inst/u_core/solver_3/bz_wr_data_reg[5]/CE
                            (rising edge-triggered cell FDSE clocked by clk_out1_fdtd_hdmi_bd_clk_wiz_0_0  {rise@0.000ns fall@20.000ns period=40.000ns})
  Path Group:             clk_out1_fdtd_hdmi_bd_clk_wiz_0_0
  Path Type:              Setup (Max at Slow Process Corner)
  Requirement:            40.000ns  (clk_out1_fdtd_hdmi_bd_clk_wiz_0_0 rise@40.000ns - clk_out1_fdtd_hdmi_bd_clk_wiz_0_0 rise@0.000ns)
  Data Path Delay:        16.460ns  (logic 1.192ns (7.242%)  route 15.268ns (92.758%))
  Logic Levels:           3  (LUT3=1 LUT5=1 LUT6=1)
  Clock Path Skew:        -0.471ns (DCD - SCD + CPR)
    Destination Clock Delay (DCD):    -1.589ns = ( 38.411 - 40.000 ) 
    Source Clock Delay      (SCD):    -0.666ns
    Clock Pessimism Removal (CPR):    0.452ns
  Clock Uncertainty:      0.090ns  ((TSJ^2 + DJ^2)^1/2) / 2 + PE
    Total System Jitter     (TSJ):    0.071ns
    Discrete Jitter          (DJ):    0.165ns
    Phase Error              (PE):    0.000ns

    Location             Delay type                Incr(ns)  Path(ns)    Netlist Resource(s)
  -------------------------------------------------------------------    -------------------
                         (clock clk_out1_fdtd_hdmi_bd_clk_wiz_0_0 rise edge)
                                                      0.000     0.000 r  
    H16                                               0.000     0.000 r  clk (IN)
                         net (fo=0)                   0.000     0.000    fdtd_hdmi_bd_i/clk_wiz_0/inst/clk_in1
    H16                  IBUF (Prop_ibuf_I_O)         1.451     1.451 r  fdtd_hdmi_bd_i/clk_wiz_0/inst/clkin1_ibufg/O
                         net (fo=1, routed)           1.285     2.736    fdtd_hdmi_bd_i/clk_wiz_0/inst/clk_in1_fdtd_hdmi_bd_clk_wiz_0_0
    MMCME2_ADV_X1Y2      MMCME2_ADV (Prop_mmcme2_adv_CLKIN1_CLKOUT0)
                                                     -7.759    -5.023 r  fdtd_hdmi_bd_i/clk_wiz_0/inst/mmcm_adv_inst/CLKOUT0
                         net (fo=1, routed)           2.206    -2.817    fdtd_hdmi_bd_i/clk_wiz_0/inst/clk_out1_fdtd_hdmi_bd_clk_wiz_0_0
    BUFGCTRL_X0Y16       BUFG (Prop_bufg_I_O)         0.101    -2.716 r  fdtd_hdmi_bd_i/clk_wiz_0/inst/clkout1_buf/O
                         net (fo=3160, routed)        2.050    -0.666    fdtd_hdmi_bd_i/rst_pix_25M/U0/slowest_sync_clk
    SLICE_X107Y113       FDRE                                         r  fdtd_hdmi_bd_i/rst_pix_25M/U0/PR_OUT_DFF[0].FDRE_PER/C
  -------------------------------------------------------------------    -------------------
    SLICE_X107Y113       FDRE (Prop_fdre_C_Q)         0.419    -0.247 f  fdtd_hdmi_bd_i/rst_pix_25M/U0/PR_OUT_DFF[0].FDRE_PER/Q
                         net (fo=463, routed)        11.109    10.861    fdtd_hdmi_bd_i/fdtd_quad_0/inst/u_core/solver_3/rst
    SLICE_X24Y21         LUT5 (Prop_lut5_I0_O)        0.299    11.160 r  fdtd_hdmi_bd_i/fdtd_quad_0/inst/u_core/solver_3/bz_wr_data[15]_i_4__2/O
                         net (fo=2, routed)           1.579    12.739    fdtd_hdmi_bd_i/fdtd_quad_0/inst/u_core/solver_3/fdtd_engine/u_bz/bz_wr_data_reg[15]
    SLICE_X18Y11         LUT3 (Prop_lut3_I0_O)        0.146    12.885 r  fdtd_hdmi_bd_i/fdtd_quad_0/inst/u_core/solver_3/fdtd_engine/u_bz/bz_wr_data[15]_i_7__2/O
                         net (fo=17, routed)          1.227    14.112    fdtd_hdmi_bd_i/fdtd_quad_0/inst/u_core/solver_3/fdtd_engine/u_bz/bz_wr_data[15]_i_7__2_n_0
    SLICE_X27Y20         LUT6 (Prop_lut6_I5_O)        0.328    14.440 r  fdtd_hdmi_bd_i/fdtd_quad_0/inst/u_core/solver_3/fdtd_engine/u_bz/bz_wr_data[15]_i_2__2/O
                         net (fo=16, routed)          1.353    15.793    fdtd_hdmi_bd_i/fdtd_quad_0/inst/u_core/solver_3/fdtd_engine_n_59
    SLICE_X15Y7          FDSE                                         r  fdtd_hdmi_bd_i/fdtd_quad_0/inst/u_core/solver_3/bz_wr_data_reg[5]/CE
  -------------------------------------------------------------------    -------------------

                         (clock clk_out1_fdtd_hdmi_bd_clk_wiz_0_0 rise edge)
                                                     40.000    40.000 r  
    H16                                               0.000    40.000 r  clk (IN)
                         net (fo=0)                   0.000    40.000    fdtd_hdmi_bd_i/clk_wiz_0/inst/clk_in1
    H16                  IBUF (Prop_ibuf_I_O)         1.380    41.380 r  fdtd_hdmi_bd_i/clk_wiz_0/inst/clkin1_ibufg/O
                         net (fo=1, routed)           1.162    42.542    fdtd_hdmi_bd_i/clk_wiz_0/inst/clk_in1_fdtd_hdmi_bd_clk_wiz_0_0
    MMCME2_ADV_X1Y2      MMCME2_ADV (Prop_mmcme2_adv_CLKIN1_CLKOUT0)
                                                     -7.814    34.728 r  fdtd_hdmi_bd_i/clk_wiz_0/inst/mmcm_adv_inst/CLKOUT0
                         net (fo=1, routed)           2.012    36.740    fdtd_hdmi_bd_i/clk_wiz_0/inst/clk_out1_fdtd_hdmi_bd_clk_wiz_0_0
    BUFGCTRL_X0Y16       BUFG (Prop_bufg_I_O)         0.091    36.831 r  fdtd_hdmi_bd_i/clk_wiz_0/inst/clkout1_buf/O
                         net (fo=3160, routed)        1.579    38.411    fdtd_hdmi_bd_i/fdtd_quad_0/inst/u_core/solver_3/clk
    SLICE_X15Y7          FDSE                                         r  fdtd_hdmi_bd_i/fdtd_quad_0/inst/u_core/solver_3/bz_wr_data_reg[5]/C
                         clock pessimism              0.452    38.863    
                         clock uncertainty           -0.090    38.773    
    SLICE_X15Y7          FDSE (Setup_fdse_C_CE)      -0.205    38.568    fdtd_hdmi_bd_i/fdtd_quad_0/inst/u_core/solver_3/bz_wr_data_reg[5]
  -------------------------------------------------------------------
                         required time                         38.568    
                         arrival time                         -15.793    
  -------------------------------------------------------------------
                         slack                                 22.775    

Slack (MET) :             22.775ns  (required time - arrival time)
  Source:                 fdtd_hdmi_bd_i/rst_pix_25M/U0/PR_OUT_DFF[0].FDRE_PER/C
                            (rising edge-triggered cell FDRE clocked by clk_out1_fdtd_hdmi_bd_clk_wiz_0_0  {rise@0.000ns fall@20.000ns period=40.000ns})
  Destination:            fdtd_hdmi_bd_i/fdtd_quad_0/inst/u_core/solver_3/bz_wr_data_reg[6]/CE
                            (rising edge-triggered cell FDSE clocked by clk_out1_fdtd_hdmi_bd_clk_wiz_0_0  {rise@0.000ns fall@20.000ns period=40.000ns})
  Path Group:             clk_out1_fdtd_hdmi_bd_clk_wiz_0_0
  Path Type:              Setup (Max at Slow Process Corner)
  Requirement:            40.000ns  (clk_out1_fdtd_hdmi_bd_clk_wiz_0_0 rise@40.000ns - clk_out1_fdtd_hdmi_bd_clk_wiz_0_0 rise@0.000ns)
  Data Path Delay:        16.460ns  (logic 1.192ns (7.242%)  route 15.268ns (92.758%))
  Logic Levels:           3  (LUT3=1 LUT5=1 LUT6=1)
  Clock Path Skew:        -0.471ns (DCD - SCD + CPR)
    Destination Clock Delay (DCD):    -1.589ns = ( 38.411 - 40.000 ) 
    Source Clock Delay      (SCD):    -0.666ns
    Clock Pessimism Removal (CPR):    0.452ns
  Clock Uncertainty:      0.090ns  ((TSJ^2 + DJ^2)^1/2) / 2 + PE
    Total System Jitter     (TSJ):    0.071ns
    Discrete Jitter          (DJ):    0.165ns
    Phase Error              (PE):    0.000ns

    Location             Delay type                Incr(ns)  Path(ns)    Netlist Resource(s)
  -------------------------------------------------------------------    -------------------
                         (clock clk_out1_fdtd_hdmi_bd_clk_wiz_0_0 rise edge)
                                                      0.000     0.000 r  
    H16                                               0.000     0.000 r  clk (IN)
                         net (fo=0)                   0.000     0.000    fdtd_hdmi_bd_i/clk_wiz_0/inst/clk_in1
    H16                  IBUF (Prop_ibuf_I_O)         1.451     1.451 r  fdtd_hdmi_bd_i/clk_wiz_0/inst/clkin1_ibufg/O
                         net (fo=1, routed)           1.285     2.736    fdtd_hdmi_bd_i/clk_wiz_0/inst/clk_in1_fdtd_hdmi_bd_clk_wiz_0_0
    MMCME2_ADV_X1Y2      MMCME2_ADV (Prop_mmcme2_adv_CLKIN1_CLKOUT0)
                                                     -7.759    -5.023 r  fdtd_hdmi_bd_i/clk_wiz_0/inst/mmcm_adv_inst/CLKOUT0
                         net (fo=1, routed)           2.206    -2.817    fdtd_hdmi_bd_i/clk_wiz_0/inst/clk_out1_fdtd_hdmi_bd_clk_wiz_0_0
    BUFGCTRL_X0Y16       BUFG (Prop_bufg_I_O)         0.101    -2.716 r  fdtd_hdmi_bd_i/clk_wiz_0/inst/clkout1_buf/O
                         net (fo=3160, routed)        2.050    -0.666    fdtd_hdmi_bd_i/rst_pix_25M/U0/slowest_sync_clk
    SLICE_X107Y113       FDRE                                         r  fdtd_hdmi_bd_i/rst_pix_25M/U0/PR_OUT_DFF[0].FDRE_PER/C
  -------------------------------------------------------------------    -------------------
    SLICE_X107Y113       FDRE (Prop_fdre_C_Q)         0.419    -0.247 f  fdtd_hdmi_bd_i/rst_pix_25M/U0/PR_OUT_DFF[0].FDRE_PER/Q
                         net (fo=463, routed)        11.109    10.861    fdtd_hdmi_bd_i/fdtd_quad_0/inst/u_core/solver_3/rst
    SLICE_X24Y21         LUT5 (Prop_lut5_I0_O)        0.299    11.160 r  fdtd_hdmi_bd_i/fdtd_quad_0/inst/u_core/solver_3/bz_wr_data[15]_i_4__2/O
                         net (fo=2, routed)           1.579    12.739    fdtd_hdmi_bd_i/fdtd_quad_0/inst/u_core/solver_3/fdtd_engine/u_bz/bz_wr_data_reg[15]
    SLICE_X18Y11         LUT3 (Prop_lut3_I0_O)        0.146    12.885 r  fdtd_hdmi_bd_i/fdtd_quad_0/inst/u_core/solver_3/fdtd_engine/u_bz/bz_wr_data[15]_i_7__2/O
                         net (fo=17, routed)          1.227    14.112    fdtd_hdmi_bd_i/fdtd_quad_0/inst/u_core/solver_3/fdtd_engine/u_bz/bz_wr_data[15]_i_7__2_n_0
    SLICE_X27Y20         LUT6 (Prop_lut6_I5_O)        0.328    14.440 r  fdtd_hdmi_bd_i/fdtd_quad_0/inst/u_core/solver_3/fdtd_engine/u_bz/bz_wr_data[15]_i_2__2/O
                         net (fo=16, routed)          1.353    15.793    fdtd_hdmi_bd_i/fdtd_quad_0/inst/u_core/solver_3/fdtd_engine_n_59
    SLICE_X15Y7          FDSE                                         r  fdtd_hdmi_bd_i/fdtd_quad_0/inst/u_core/solver_3/bz_wr_data_reg[6]/CE
  -------------------------------------------------------------------    -------------------

                         (clock clk_out1_fdtd_hdmi_bd_clk_wiz_0_0 rise edge)
                                                     40.000    40.000 r  
    H16                                               0.000    40.000 r  clk (IN)
                         net (fo=0)                   0.000    40.000    fdtd_hdmi_bd_i/clk_wiz_0/inst/clk_in1
    H16                  IBUF (Prop_ibuf_I_O)         1.380    41.380 r  fdtd_hdmi_bd_i/clk_wiz_0/inst/clkin1_ibufg/O
                         net (fo=1, routed)           1.162    42.542    fdtd_hdmi_bd_i/clk_wiz_0/inst/clk_in1_fdtd_hdmi_bd_clk_wiz_0_0
    MMCME2_ADV_X1Y2      MMCME2_ADV (Prop_mmcme2_adv_CLKIN1_CLKOUT0)
                                                     -7.814    34.728 r  fdtd_hdmi_bd_i/clk_wiz_0/inst/mmcm_adv_inst/CLKOUT0
                         net (fo=1, routed)           2.012    36.740    fdtd_hdmi_bd_i/clk_wiz_0/inst/clk_out1_fdtd_hdmi_bd_clk_wiz_0_0
    BUFGCTRL_X0Y16       BUFG (Prop_bufg_I_O)         0.091    36.831 r  fdtd_hdmi_bd_i/clk_wiz_0/inst/clkout1_buf/O
                         net (fo=3160, routed)        1.579    38.411    fdtd_hdmi_bd_i/fdtd_quad_0/inst/u_core/solver_3/clk
    SLICE_X15Y7          FDSE                                         r  fdtd_hdmi_bd_i/fdtd_quad_0/inst/u_core/solver_3/bz_wr_data_reg[6]/C
                         clock pessimism              0.452    38.863    
                         clock uncertainty           -0.090    38.773    
    SLICE_X15Y7          FDSE (Setup_fdse_C_CE)      -0.205    38.568    fdtd_hdmi_bd_i/fdtd_quad_0/inst/u_core/solver_3/bz_wr_data_reg[6]
  -------------------------------------------------------------------
                         required time                         38.568    
                         arrival time                         -15.793    
  -------------------------------------------------------------------
                         slack                                 22.775    

Slack (MET) :             22.775ns  (required time - arrival time)
  Source:                 fdtd_hdmi_bd_i/rst_pix_25M/U0/PR_OUT_DFF[0].FDRE_PER/C
                            (rising edge-triggered cell FDRE clocked by clk_out1_fdtd_hdmi_bd_clk_wiz_0_0  {rise@0.000ns fall@20.000ns period=40.000ns})
  Destination:            fdtd_hdmi_bd_i/fdtd_quad_0/inst/u_core/solver_3/bz_wr_data_reg[7]/CE
                            (rising edge-triggered cell FDSE clocked by clk_out1_fdtd_hdmi_bd_clk_wiz_0_0  {rise@0.000ns fall@20.000ns period=40.000ns})
  Path Group:             clk_out1_fdtd_hdmi_bd_clk_wiz_0_0
  Path Type:              Setup (Max at Slow Process Corner)
  Requirement:            40.000ns  (clk_out1_fdtd_hdmi_bd_clk_wiz_0_0 rise@40.000ns - clk_out1_fdtd_hdmi_bd_clk_wiz_0_0 rise@0.000ns)
  Data Path Delay:        16.460ns  (logic 1.192ns (7.242%)  route 15.268ns (92.758%))
  Logic Levels:           3  (LUT3=1 LUT5=1 LUT6=1)
  Clock Path Skew:        -0.471ns (DCD - SCD + CPR)
    Destination Clock Delay (DCD):    -1.589ns = ( 38.411 - 40.000 ) 
    Source Clock Delay      (SCD):    -0.666ns
    Clock Pessimism Removal (CPR):    0.452ns
  Clock Uncertainty:      0.090ns  ((TSJ^2 + DJ^2)^1/2) / 2 + PE
    Total System Jitter     (TSJ):    0.071ns
    Discrete Jitter          (DJ):    0.165ns
    Phase Error              (PE):    0.000ns

    Location             Delay type                Incr(ns)  Path(ns)    Netlist Resource(s)
  -------------------------------------------------------------------    -------------------
                         (clock clk_out1_fdtd_hdmi_bd_clk_wiz_0_0 rise edge)
                                                      0.000     0.000 r  
    H16                                               0.000     0.000 r  clk (IN)
                         net (fo=0)                   0.000     0.000    fdtd_hdmi_bd_i/clk_wiz_0/inst/clk_in1
    H16                  IBUF (Prop_ibuf_I_O)         1.451     1.451 r  fdtd_hdmi_bd_i/clk_wiz_0/inst/clkin1_ibufg/O
                         net (fo=1, routed)           1.285     2.736    fdtd_hdmi_bd_i/clk_wiz_0/inst/clk_in1_fdtd_hdmi_bd_clk_wiz_0_0
    MMCME2_ADV_X1Y2      MMCME2_ADV (Prop_mmcme2_adv_CLKIN1_CLKOUT0)
                                                     -7.759    -5.023 r  fdtd_hdmi_bd_i/clk_wiz_0/inst/mmcm_adv_inst/CLKOUT0
                         net (fo=1, routed)           2.206    -2.817    fdtd_hdmi_bd_i/clk_wiz_0/inst/clk_out1_fdtd_hdmi_bd_clk_wiz_0_0
    BUFGCTRL_X0Y16       BUFG (Prop_bufg_I_O)         0.101    -2.716 r  fdtd_hdmi_bd_i/clk_wiz_0/inst/clkout1_buf/O
                         net (fo=3160, routed)        2.050    -0.666    fdtd_hdmi_bd_i/rst_pix_25M/U0/slowest_sync_clk
    SLICE_X107Y113       FDRE                                         r  fdtd_hdmi_bd_i/rst_pix_25M/U0/PR_OUT_DFF[0].FDRE_PER/C
  -------------------------------------------------------------------    -------------------
    SLICE_X107Y113       FDRE (Prop_fdre_C_Q)         0.419    -0.247 f  fdtd_hdmi_bd_i/rst_pix_25M/U0/PR_OUT_DFF[0].FDRE_PER/Q
                         net (fo=463, routed)        11.109    10.861    fdtd_hdmi_bd_i/fdtd_quad_0/inst/u_core/solver_3/rst
    SLICE_X24Y21         LUT5 (Prop_lut5_I0_O)        0.299    11.160 r  fdtd_hdmi_bd_i/fdtd_quad_0/inst/u_core/solver_3/bz_wr_data[15]_i_4__2/O
                         net (fo=2, routed)           1.579    12.739    fdtd_hdmi_bd_i/fdtd_quad_0/inst/u_core/solver_3/fdtd_engine/u_bz/bz_wr_data_reg[15]
    SLICE_X18Y11         LUT3 (Prop_lut3_I0_O)        0.146    12.885 r  fdtd_hdmi_bd_i/fdtd_quad_0/inst/u_core/solver_3/fdtd_engine/u_bz/bz_wr_data[15]_i_7__2/O
                         net (fo=17, routed)          1.227    14.112    fdtd_hdmi_bd_i/fdtd_quad_0/inst/u_core/solver_3/fdtd_engine/u_bz/bz_wr_data[15]_i_7__2_n_0
    SLICE_X27Y20         LUT6 (Prop_lut6_I5_O)        0.328    14.440 r  fdtd_hdmi_bd_i/fdtd_quad_0/inst/u_core/solver_3/fdtd_engine/u_bz/bz_wr_data[15]_i_2__2/O
                         net (fo=16, routed)          1.353    15.793    fdtd_hdmi_bd_i/fdtd_quad_0/inst/u_core/solver_3/fdtd_engine_n_59
    SLICE_X15Y7          FDSE                                         r  fdtd_hdmi_bd_i/fdtd_quad_0/inst/u_core/solver_3/bz_wr_data_reg[7]/CE
  -------------------------------------------------------------------    -------------------

                         (clock clk_out1_fdtd_hdmi_bd_clk_wiz_0_0 rise edge)
                                                     40.000    40.000 r  
    H16                                               0.000    40.000 r  clk (IN)
                         net (fo=0)                   0.000    40.000    fdtd_hdmi_bd_i/clk_wiz_0/inst/clk_in1
    H16                  IBUF (Prop_ibuf_I_O)         1.380    41.380 r  fdtd_hdmi_bd_i/clk_wiz_0/inst/clkin1_ibufg/O
                         net (fo=1, routed)           1.162    42.542    fdtd_hdmi_bd_i/clk_wiz_0/inst/clk_in1_fdtd_hdmi_bd_clk_wiz_0_0
    MMCME2_ADV_X1Y2      MMCME2_ADV (Prop_mmcme2_adv_CLKIN1_CLKOUT0)
                                                     -7.814    34.728 r  fdtd_hdmi_bd_i/clk_wiz_0/inst/mmcm_adv_inst/CLKOUT0
                         net (fo=1, routed)           2.012    36.740    fdtd_hdmi_bd_i/clk_wiz_0/inst/clk_out1_fdtd_hdmi_bd_clk_wiz_0_0
    BUFGCTRL_X0Y16       BUFG (Prop_bufg_I_O)         0.091    36.831 r  fdtd_hdmi_bd_i/clk_wiz_0/inst/clkout1_buf/O
                         net (fo=3160, routed)        1.579    38.411    fdtd_hdmi_bd_i/fdtd_quad_0/inst/u_core/solver_3/clk
    SLICE_X15Y7          FDSE                                         r  fdtd_hdmi_bd_i/fdtd_quad_0/inst/u_core/solver_3/bz_wr_data_reg[7]/C
                         clock pessimism              0.452    38.863    
                         clock uncertainty           -0.090    38.773    
    SLICE_X15Y7          FDSE (Setup_fdse_C_CE)      -0.205    38.568    fdtd_hdmi_bd_i/fdtd_quad_0/inst/u_core/solver_3/bz_wr_data_reg[7]
  -------------------------------------------------------------------
                         required time                         38.568    
                         arrival time                         -15.793    
  -------------------------------------------------------------------
                         slack                                 22.775    





Min Delay Paths
--------------------------------------------------------------------------------------
Slack (MET) :             0.044ns  (arrival time - required time)
  Source:                 fdtd_hdmi_bd_i/fdtd_quad_0/inst/u_core/solver_1/bz_wr_data_reg[4]/C
                            (rising edge-triggered cell FDSE clocked by clk_out1_fdtd_hdmi_bd_clk_wiz_0_0  {rise@0.000ns fall@20.000ns period=40.000ns})
  Destination:            fdtd_hdmi_bd_i/fdtd_quad_0/inst/u_core/bram_1/bz_wd0_reg[4]/D
                            (rising edge-triggered cell FDRE clocked by clk_out1_fdtd_hdmi_bd_clk_wiz_0_0  {rise@0.000ns fall@20.000ns period=40.000ns})
  Path Group:             clk_out1_fdtd_hdmi_bd_clk_wiz_0_0
  Path Type:              Hold (Min at Fast Process Corner)
  Requirement:            0.000ns  (clk_out1_fdtd_hdmi_bd_clk_wiz_0_0 rise@0.000ns - clk_out1_fdtd_hdmi_bd_clk_wiz_0_0 rise@0.000ns)
  Data Path Delay:        0.369ns  (logic 0.141ns (38.239%)  route 0.228ns (61.761%))
  Logic Levels:           0  
  Clock Path Skew:        0.254ns (DCD - SCD - CPR)
    Destination Clock Delay (DCD):    -0.895ns
    Source Clock Delay      (SCD):    -0.641ns
    Clock Pessimism Removal (CPR):    -0.509ns

    Location             Delay type                Incr(ns)  Path(ns)    Netlist Resource(s)
  -------------------------------------------------------------------    -------------------
                         (clock clk_out1_fdtd_hdmi_bd_clk_wiz_0_0 rise edge)
                                                      0.000     0.000 r  
    H16                                               0.000     0.000 r  clk (IN)
                         net (fo=0)                   0.000     0.000    fdtd_hdmi_bd_i/clk_wiz_0/inst/clk_in1
    H16                  IBUF (Prop_ibuf_I_O)         0.219     0.219 r  fdtd_hdmi_bd_i/clk_wiz_0/inst/clkin1_ibufg/O
                         net (fo=1, routed)           0.440     0.659    fdtd_hdmi_bd_i/clk_wiz_0/inst/clk_in1_fdtd_hdmi_bd_clk_wiz_0_0
    MMCME2_ADV_X1Y2      MMCME2_ADV (Prop_mmcme2_adv_CLKIN1_CLKOUT0)
                                                     -2.613    -1.954 r  fdtd_hdmi_bd_i/clk_wiz_0/inst/mmcm_adv_inst/CLKOUT0
                         net (fo=1, routed)           0.696    -1.257    fdtd_hdmi_bd_i/clk_wiz_0/inst/clk_out1_fdtd_hdmi_bd_clk_wiz_0_0
    BUFGCTRL_X0Y16       BUFG (Prop_bufg_I_O)         0.026    -1.231 r  fdtd_hdmi_bd_i/clk_wiz_0/inst/clkout1_buf/O
                         net (fo=3160, routed)        0.591    -0.641    fdtd_hdmi_bd_i/fdtd_quad_0/inst/u_core/solver_1/clk
    SLICE_X29Y48         FDSE                                         r  fdtd_hdmi_bd_i/fdtd_quad_0/inst/u_core/solver_1/bz_wr_data_reg[4]/C
  -------------------------------------------------------------------    -------------------
    SLICE_X29Y48         FDSE (Prop_fdse_C_Q)         0.141    -0.500 r  fdtd_hdmi_bd_i/fdtd_quad_0/inst/u_core/solver_1/bz_wr_data_reg[4]/Q
                         net (fo=2, routed)           0.228    -0.272    fdtd_hdmi_bd_i/fdtd_quad_0/inst/u_core/bram_1/bz_wd0_reg[15]_0[4]
    SLICE_X31Y51         FDRE                                         r  fdtd_hdmi_bd_i/fdtd_quad_0/inst/u_core/bram_1/bz_wd0_reg[4]/D
  -------------------------------------------------------------------    -------------------

                         (clock clk_out1_fdtd_hdmi_bd_clk_wiz_0_0 rise edge)
                                                      0.000     0.000 r  
    H16                                               0.000     0.000 r  clk (IN)
                         net (fo=0)                   0.000     0.000    fdtd_hdmi_bd_i/clk_wiz_0/inst/clk_in1
    H16                  IBUF (Prop_ibuf_I_O)         0.406     0.406 r  fdtd_hdmi_bd_i/clk_wiz_0/inst/clkin1_ibufg/O
                         net (fo=1, routed)           0.480     0.886    fdtd_hdmi_bd_i/clk_wiz_0/inst/clk_in1_fdtd_hdmi_bd_clk_wiz_0_0
    MMCME2_ADV_X1Y2      MMCME2_ADV (Prop_mmcme2_adv_CLKIN1_CLKOUT0)
                                                     -3.407    -2.521 r  fdtd_hdmi_bd_i/clk_wiz_0/inst/mmcm_adv_inst/CLKOUT0
                         net (fo=1, routed)           0.752    -1.769    fdtd_hdmi_bd_i/clk_wiz_0/inst/clk_out1_fdtd_hdmi_bd_clk_wiz_0_0
    BUFGCTRL_X0Y16       BUFG (Prop_bufg_I_O)         0.029    -1.740 r  fdtd_hdmi_bd_i/clk_wiz_0/inst/clkout1_buf/O
                         net (fo=3160, routed)        0.845    -0.895    fdtd_hdmi_bd_i/fdtd_quad_0/inst/u_core/bram_1/clk
    SLICE_X31Y51         FDRE                                         r  fdtd_hdmi_bd_i/fdtd_quad_0/inst/u_core/bram_1/bz_wd0_reg[4]/C
                         clock pessimism              0.509    -0.386    
    SLICE_X31Y51         FDRE (Hold_fdre_C_D)         0.070    -0.316    fdtd_hdmi_bd_i/fdtd_quad_0/inst/u_core/bram_1/bz_wd0_reg[4]
  -------------------------------------------------------------------
                         required time                          0.316    
                         arrival time                          -0.272    
  -------------------------------------------------------------------
                         slack                                  0.044    

Slack (MET) :             0.080ns  (arrival time - required time)
  Source:                 fdtd_hdmi_bd_i/fdtd_quad_0/inst/u_core/solver_2/bz_wr_data_reg[11]/C
                            (rising edge-triggered cell FDSE clocked by clk_out1_fdtd_hdmi_bd_clk_wiz_0_0  {rise@0.000ns fall@20.000ns period=40.000ns})
  Destination:            fdtd_hdmi_bd_i/fdtd_quad_0/inst/u_core/bram_2/bz_wd0_reg[11]/D
                            (rising edge-triggered cell FDRE clocked by clk_out1_fdtd_hdmi_bd_clk_wiz_0_0  {rise@0.000ns fall@20.000ns period=40.000ns})
  Path Group:             clk_out1_fdtd_hdmi_bd_clk_wiz_0_0
  Path Type:              Hold (Min at Fast Process Corner)
  Requirement:            0.000ns  (clk_out1_fdtd_hdmi_bd_clk_wiz_0_0 rise@0.000ns - clk_out1_fdtd_hdmi_bd_clk_wiz_0_0 rise@0.000ns)
  Data Path Delay:        0.400ns  (logic 0.141ns (35.208%)  route 0.259ns (64.792%))
  Logic Levels:           0  
  Clock Path Skew:        0.254ns (DCD - SCD - CPR)
    Destination Clock Delay (DCD):    -0.932ns
    Source Clock Delay      (SCD):    -0.682ns
    Clock Pessimism Removal (CPR):    -0.504ns

    Location             Delay type                Incr(ns)  Path(ns)    Netlist Resource(s)
  -------------------------------------------------------------------    -------------------
                         (clock clk_out1_fdtd_hdmi_bd_clk_wiz_0_0 rise edge)
                                                      0.000     0.000 r  
    H16                                               0.000     0.000 r  clk (IN)
                         net (fo=0)                   0.000     0.000    fdtd_hdmi_bd_i/clk_wiz_0/inst/clk_in1
    H16                  IBUF (Prop_ibuf_I_O)         0.219     0.219 r  fdtd_hdmi_bd_i/clk_wiz_0/inst/clkin1_ibufg/O
                         net (fo=1, routed)           0.440     0.659    fdtd_hdmi_bd_i/clk_wiz_0/inst/clk_in1_fdtd_hdmi_bd_clk_wiz_0_0
    MMCME2_ADV_X1Y2      MMCME2_ADV (Prop_mmcme2_adv_CLKIN1_CLKOUT0)
                                                     -2.613    -1.954 r  fdtd_hdmi_bd_i/clk_wiz_0/inst/mmcm_adv_inst/CLKOUT0
                         net (fo=1, routed)           0.696    -1.257    fdtd_hdmi_bd_i/clk_wiz_0/inst/clk_out1_fdtd_hdmi_bd_clk_wiz_0_0
    BUFGCTRL_X0Y16       BUFG (Prop_bufg_I_O)         0.026    -1.231 r  fdtd_hdmi_bd_i/clk_wiz_0/inst/clkout1_buf/O
                         net (fo=3160, routed)        0.549    -0.682    fdtd_hdmi_bd_i/fdtd_quad_0/inst/u_core/solver_2/clk
    SLICE_X44Y68         FDSE                                         r  fdtd_hdmi_bd_i/fdtd_quad_0/inst/u_core/solver_2/bz_wr_data_reg[11]/C
  -------------------------------------------------------------------    -------------------
    SLICE_X44Y68         FDSE (Prop_fdse_C_Q)         0.141    -0.541 r  fdtd_hdmi_bd_i/fdtd_quad_0/inst/u_core/solver_2/bz_wr_data_reg[11]/Q
                         net (fo=2, routed)           0.259    -0.282    fdtd_hdmi_bd_i/fdtd_quad_0/inst/u_core/bram_2/bz_wd0_reg[15]_0[11]
    SLICE_X51Y71         FDRE                                         r  fdtd_hdmi_bd_i/fdtd_quad_0/inst/u_core/bram_2/bz_wd0_reg[11]/D
  -------------------------------------------------------------------    -------------------

                         (clock clk_out1_fdtd_hdmi_bd_clk_wiz_0_0 rise edge)
                                                      0.000     0.000 r  
    H16                                               0.000     0.000 r  clk (IN)
                         net (fo=0)                   0.000     0.000    fdtd_hdmi_bd_i/clk_wiz_0/inst/clk_in1
    H16                  IBUF (Prop_ibuf_I_O)         0.406     0.406 r  fdtd_hdmi_bd_i/clk_wiz_0/inst/clkin1_ibufg/O
                         net (fo=1, routed)           0.480     0.886    fdtd_hdmi_bd_i/clk_wiz_0/inst/clk_in1_fdtd_hdmi_bd_clk_wiz_0_0
    MMCME2_ADV_X1Y2      MMCME2_ADV (Prop_mmcme2_adv_CLKIN1_CLKOUT0)
                                                     -3.407    -2.521 r  fdtd_hdmi_bd_i/clk_wiz_0/inst/mmcm_adv_inst/CLKOUT0
                         net (fo=1, routed)           0.752    -1.769    fdtd_hdmi_bd_i/clk_wiz_0/inst/clk_out1_fdtd_hdmi_bd_clk_wiz_0_0
    BUFGCTRL_X0Y16       BUFG (Prop_bufg_I_O)         0.029    -1.740 r  fdtd_hdmi_bd_i/clk_wiz_0/inst/clkout1_buf/O
                         net (fo=3160, routed)        0.808    -0.932    fdtd_hdmi_bd_i/fdtd_quad_0/inst/u_core/bram_2/clk
    SLICE_X51Y71         FDRE                                         r  fdtd_hdmi_bd_i/fdtd_quad_0/inst/u_core/bram_2/bz_wd0_reg[11]/C
                         clock pessimism              0.504    -0.428    
    SLICE_X51Y71         FDRE (Hold_fdre_C_D)         0.066    -0.362    fdtd_hdmi_bd_i/fdtd_quad_0/inst/u_core/bram_2/bz_wd0_reg[11]
  -------------------------------------------------------------------
                         required time                          0.362    
                         arrival time                          -0.282    
  -------------------------------------------------------------------
                         slack                                  0.080    

Slack (MET) :             0.081ns  (arrival time - required time)
  Source:                 fdtd_hdmi_bd_i/fdtd_quad_0/inst/u_core/solver_1/bz_wr_data_reg[9]/C
                            (rising edge-triggered cell FDSE clocked by clk_out1_fdtd_hdmi_bd_clk_wiz_0_0  {rise@0.000ns fall@20.000ns period=40.000ns})
  Destination:            fdtd_hdmi_bd_i/fdtd_quad_0/inst/u_core/bram_1/bz_wd0_reg[9]/D
                            (rising edge-triggered cell FDRE clocked by clk_out1_fdtd_hdmi_bd_clk_wiz_0_0  {rise@0.000ns fall@20.000ns period=40.000ns})
  Path Group:             clk_out1_fdtd_hdmi_bd_clk_wiz_0_0
  Path Type:              Hold (Min at Fast Process Corner)
  Requirement:            0.000ns  (clk_out1_fdtd_hdmi_bd_clk_wiz_0_0 rise@0.000ns - clk_out1_fdtd_hdmi_bd_clk_wiz_0_0 rise@0.000ns)
  Data Path Delay:        0.355ns  (logic 0.128ns (36.071%)  route 0.227ns (63.929%))
  Logic Levels:           0  
  Clock Path Skew:        0.254ns (DCD - SCD - CPR)
    Destination Clock Delay (DCD):    -0.895ns
    Source Clock Delay      (SCD):    -0.641ns
    Clock Pessimism Removal (CPR):    -0.509ns

    Location             Delay type                Incr(ns)  Path(ns)    Netlist Resource(s)
  -------------------------------------------------------------------    -------------------
                         (clock clk_out1_fdtd_hdmi_bd_clk_wiz_0_0 rise edge)
                                                      0.000     0.000 r  
    H16                                               0.000     0.000 r  clk (IN)
                         net (fo=0)                   0.000     0.000    fdtd_hdmi_bd_i/clk_wiz_0/inst/clk_in1
    H16                  IBUF (Prop_ibuf_I_O)         0.219     0.219 r  fdtd_hdmi_bd_i/clk_wiz_0/inst/clkin1_ibufg/O
                         net (fo=1, routed)           0.440     0.659    fdtd_hdmi_bd_i/clk_wiz_0/inst/clk_in1_fdtd_hdmi_bd_clk_wiz_0_0
    MMCME2_ADV_X1Y2      MMCME2_ADV (Prop_mmcme2_adv_CLKIN1_CLKOUT0)
                                                     -2.613    -1.954 r  fdtd_hdmi_bd_i/clk_wiz_0/inst/mmcm_adv_inst/CLKOUT0
                         net (fo=1, routed)           0.696    -1.257    fdtd_hdmi_bd_i/clk_wiz_0/inst/clk_out1_fdtd_hdmi_bd_clk_wiz_0_0
    BUFGCTRL_X0Y16       BUFG (Prop_bufg_I_O)         0.026    -1.231 r  fdtd_hdmi_bd_i/clk_wiz_0/inst/clkout1_buf/O
                         net (fo=3160, routed)        0.591    -0.641    fdtd_hdmi_bd_i/fdtd_quad_0/inst/u_core/solver_1/clk
    SLICE_X29Y48         FDSE                                         r  fdtd_hdmi_bd_i/fdtd_quad_0/inst/u_core/solver_1/bz_wr_data_reg[9]/C
  -------------------------------------------------------------------    -------------------
    SLICE_X29Y48         FDSE (Prop_fdse_C_Q)         0.128    -0.513 r  fdtd_hdmi_bd_i/fdtd_quad_0/inst/u_core/solver_1/bz_wr_data_reg[9]/Q
                         net (fo=2, routed)           0.227    -0.286    fdtd_hdmi_bd_i/fdtd_quad_0/inst/u_core/bram_1/bz_wd0_reg[15]_0[9]
    SLICE_X31Y51         FDRE                                         r  fdtd_hdmi_bd_i/fdtd_quad_0/inst/u_core/bram_1/bz_wd0_reg[9]/D
  -------------------------------------------------------------------    -------------------

                         (clock clk_out1_fdtd_hdmi_bd_clk_wiz_0_0 rise edge)
                                                      0.000     0.000 r  
    H16                                               0.000     0.000 r  clk (IN)
                         net (fo=0)                   0.000     0.000    fdtd_hdmi_bd_i/clk_wiz_0/inst/clk_in1
    H16                  IBUF (Prop_ibuf_I_O)         0.406     0.406 r  fdtd_hdmi_bd_i/clk_wiz_0/inst/clkin1_ibufg/O
                         net (fo=1, routed)           0.480     0.886    fdtd_hdmi_bd_i/clk_wiz_0/inst/clk_in1_fdtd_hdmi_bd_clk_wiz_0_0
    MMCME2_ADV_X1Y2      MMCME2_ADV (Prop_mmcme2_adv_CLKIN1_CLKOUT0)
                                                     -3.407    -2.521 r  fdtd_hdmi_bd_i/clk_wiz_0/inst/mmcm_adv_inst/CLKOUT0
                         net (fo=1, routed)           0.752    -1.769    fdtd_hdmi_bd_i/clk_wiz_0/inst/clk_out1_fdtd_hdmi_bd_clk_wiz_0_0
    BUFGCTRL_X0Y16       BUFG (Prop_bufg_I_O)         0.029    -1.740 r  fdtd_hdmi_bd_i/clk_wiz_0/inst/clkout1_buf/O
                         net (fo=3160, routed)        0.845    -0.895    fdtd_hdmi_bd_i/fdtd_quad_0/inst/u_core/bram_1/clk
    SLICE_X31Y51         FDRE                                         r  fdtd_hdmi_bd_i/fdtd_quad_0/inst/u_core/bram_1/bz_wd0_reg[9]/C
                         clock pessimism              0.509    -0.386    
    SLICE_X31Y51         FDRE (Hold_fdre_C_D)         0.019    -0.367    fdtd_hdmi_bd_i/fdtd_quad_0/inst/u_core/bram_1/bz_wd0_reg[9]
  -------------------------------------------------------------------
                         required time                          0.367    
                         arrival time                          -0.286    
  -------------------------------------------------------------------
                         slack                                  0.081    

Slack (MET) :             0.084ns  (arrival time - required time)
  Source:                 fdtd_hdmi_bd_i/fdtd_quad_0/inst/u_core/solver_1/bz_wr_data_reg[6]/C
                            (rising edge-triggered cell FDSE clocked by clk_out1_fdtd_hdmi_bd_clk_wiz_0_0  {rise@0.000ns fall@20.000ns period=40.000ns})
  Destination:            fdtd_hdmi_bd_i/fdtd_quad_0/inst/u_core/bram_1/bz_wd0_reg[6]/D
                            (rising edge-triggered cell FDRE clocked by clk_out1_fdtd_hdmi_bd_clk_wiz_0_0  {rise@0.000ns fall@20.000ns period=40.000ns})
  Path Group:             clk_out1_fdtd_hdmi_bd_clk_wiz_0_0
  Path Type:              Hold (Min at Fast Process Corner)
  Requirement:            0.000ns  (clk_out1_fdtd_hdmi_bd_clk_wiz_0_0 rise@0.000ns - clk_out1_fdtd_hdmi_bd_clk_wiz_0_0 rise@0.000ns)
  Data Path Delay:        0.356ns  (logic 0.128ns (35.973%)  route 0.228ns (64.027%))
  Logic Levels:           0  
  Clock Path Skew:        0.254ns (DCD - SCD - CPR)
    Destination Clock Delay (DCD):    -0.895ns
    Source Clock Delay      (SCD):    -0.641ns
    Clock Pessimism Removal (CPR):    -0.509ns

    Location             Delay type                Incr(ns)  Path(ns)    Netlist Resource(s)
  -------------------------------------------------------------------    -------------------
                         (clock clk_out1_fdtd_hdmi_bd_clk_wiz_0_0 rise edge)
                                                      0.000     0.000 r  
    H16                                               0.000     0.000 r  clk (IN)
                         net (fo=0)                   0.000     0.000    fdtd_hdmi_bd_i/clk_wiz_0/inst/clk_in1
    H16                  IBUF (Prop_ibuf_I_O)         0.219     0.219 r  fdtd_hdmi_bd_i/clk_wiz_0/inst/clkin1_ibufg/O
                         net (fo=1, routed)           0.440     0.659    fdtd_hdmi_bd_i/clk_wiz_0/inst/clk_in1_fdtd_hdmi_bd_clk_wiz_0_0
    MMCME2_ADV_X1Y2      MMCME2_ADV (Prop_mmcme2_adv_CLKIN1_CLKOUT0)
                                                     -2.613    -1.954 r  fdtd_hdmi_bd_i/clk_wiz_0/inst/mmcm_adv_inst/CLKOUT0
                         net (fo=1, routed)           0.696    -1.257    fdtd_hdmi_bd_i/clk_wiz_0/inst/clk_out1_fdtd_hdmi_bd_clk_wiz_0_0
    BUFGCTRL_X0Y16       BUFG (Prop_bufg_I_O)         0.026    -1.231 r  fdtd_hdmi_bd_i/clk_wiz_0/inst/clkout1_buf/O
                         net (fo=3160, routed)        0.591    -0.641    fdtd_hdmi_bd_i/fdtd_quad_0/inst/u_core/solver_1/clk
    SLICE_X29Y48         FDSE                                         r  fdtd_hdmi_bd_i/fdtd_quad_0/inst/u_core/solver_1/bz_wr_data_reg[6]/C
  -------------------------------------------------------------------    -------------------
    SLICE_X29Y48         FDSE (Prop_fdse_C_Q)         0.128    -0.513 r  fdtd_hdmi_bd_i/fdtd_quad_0/inst/u_core/solver_1/bz_wr_data_reg[6]/Q
                         net (fo=2, routed)           0.228    -0.285    fdtd_hdmi_bd_i/fdtd_quad_0/inst/u_core/bram_1/bz_wd0_reg[15]_0[6]
    SLICE_X31Y52         FDRE                                         r  fdtd_hdmi_bd_i/fdtd_quad_0/inst/u_core/bram_1/bz_wd0_reg[6]/D
  -------------------------------------------------------------------    -------------------

                         (clock clk_out1_fdtd_hdmi_bd_clk_wiz_0_0 rise edge)
                                                      0.000     0.000 r  
    H16                                               0.000     0.000 r  clk (IN)
                         net (fo=0)                   0.000     0.000    fdtd_hdmi_bd_i/clk_wiz_0/inst/clk_in1
    H16                  IBUF (Prop_ibuf_I_O)         0.406     0.406 r  fdtd_hdmi_bd_i/clk_wiz_0/inst/clkin1_ibufg/O
                         net (fo=1, routed)           0.480     0.886    fdtd_hdmi_bd_i/clk_wiz_0/inst/clk_in1_fdtd_hdmi_bd_clk_wiz_0_0
    MMCME2_ADV_X1Y2      MMCME2_ADV (Prop_mmcme2_adv_CLKIN1_CLKOUT0)
                                                     -3.407    -2.521 r  fdtd_hdmi_bd_i/clk_wiz_0/inst/mmcm_adv_inst/CLKOUT0
                         net (fo=1, routed)           0.752    -1.769    fdtd_hdmi_bd_i/clk_wiz_0/inst/clk_out1_fdtd_hdmi_bd_clk_wiz_0_0
    BUFGCTRL_X0Y16       BUFG (Prop_bufg_I_O)         0.029    -1.740 r  fdtd_hdmi_bd_i/clk_wiz_0/inst/clkout1_buf/O
                         net (fo=3160, routed)        0.845    -0.895    fdtd_hdmi_bd_i/fdtd_quad_0/inst/u_core/bram_1/clk
    SLICE_X31Y52         FDRE                                         r  fdtd_hdmi_bd_i/fdtd_quad_0/inst/u_core/bram_1/bz_wd0_reg[6]/C
                         clock pessimism              0.509    -0.386    
    SLICE_X31Y52         FDRE (Hold_fdre_C_D)         0.017    -0.369    fdtd_hdmi_bd_i/fdtd_quad_0/inst/u_core/bram_1/bz_wd0_reg[6]
  -------------------------------------------------------------------
                         required time                          0.369    
                         arrival time                          -0.285    
  -------------------------------------------------------------------
                         slack                                  0.084    

Slack (MET) :             0.085ns  (arrival time - required time)
  Source:                 fdtd_hdmi_bd_i/fdtd_quad_0/inst/u_core/solver_2/bz_wr_data_reg[10]/C
                            (rising edge-triggered cell FDSE clocked by clk_out1_fdtd_hdmi_bd_clk_wiz_0_0  {rise@0.000ns fall@20.000ns period=40.000ns})
  Destination:            fdtd_hdmi_bd_i/fdtd_quad_0/inst/u_core/bram_2/bz_wd0_reg[10]/D
                            (rising edge-triggered cell FDRE clocked by clk_out1_fdtd_hdmi_bd_clk_wiz_0_0  {rise@0.000ns fall@20.000ns period=40.000ns})
  Path Group:             clk_out1_fdtd_hdmi_bd_clk_wiz_0_0
  Path Type:              Hold (Min at Fast Process Corner)
  Requirement:            0.000ns  (clk_out1_fdtd_hdmi_bd_clk_wiz_0_0 rise@0.000ns - clk_out1_fdtd_hdmi_bd_clk_wiz_0_0 rise@0.000ns)
  Data Path Delay:        0.409ns  (logic 0.141ns (34.459%)  route 0.268ns (65.541%))
  Logic Levels:           0  
  Clock Path Skew:        0.254ns (DCD - SCD - CPR)
    Destination Clock Delay (DCD):    -0.932ns
    Source Clock Delay      (SCD):    -0.682ns
    Clock Pessimism Removal (CPR):    -0.504ns

    Location             Delay type                Incr(ns)  Path(ns)    Netlist Resource(s)
  -------------------------------------------------------------------    -------------------
                         (clock clk_out1_fdtd_hdmi_bd_clk_wiz_0_0 rise edge)
                                                      0.000     0.000 r  
    H16                                               0.000     0.000 r  clk (IN)
                         net (fo=0)                   0.000     0.000    fdtd_hdmi_bd_i/clk_wiz_0/inst/clk_in1
    H16                  IBUF (Prop_ibuf_I_O)         0.219     0.219 r  fdtd_hdmi_bd_i/clk_wiz_0/inst/clkin1_ibufg/O
                         net (fo=1, routed)           0.440     0.659    fdtd_hdmi_bd_i/clk_wiz_0/inst/clk_in1_fdtd_hdmi_bd_clk_wiz_0_0
    MMCME2_ADV_X1Y2      MMCME2_ADV (Prop_mmcme2_adv_CLKIN1_CLKOUT0)
                                                     -2.613    -1.954 r  fdtd_hdmi_bd_i/clk_wiz_0/inst/mmcm_adv_inst/CLKOUT0
                         net (fo=1, routed)           0.696    -1.257    fdtd_hdmi_bd_i/clk_wiz_0/inst/clk_out1_fdtd_hdmi_bd_clk_wiz_0_0
    BUFGCTRL_X0Y16       BUFG (Prop_bufg_I_O)         0.026    -1.231 r  fdtd_hdmi_bd_i/clk_wiz_0/inst/clkout1_buf/O
                         net (fo=3160, routed)        0.549    -0.682    fdtd_hdmi_bd_i/fdtd_quad_0/inst/u_core/solver_2/clk
    SLICE_X45Y68         FDSE                                         r  fdtd_hdmi_bd_i/fdtd_quad_0/inst/u_core/solver_2/bz_wr_data_reg[10]/C
  -------------------------------------------------------------------    -------------------
    SLICE_X45Y68         FDSE (Prop_fdse_C_Q)         0.141    -0.541 r  fdtd_hdmi_bd_i/fdtd_quad_0/inst/u_core/solver_2/bz_wr_data_reg[10]/Q
                         net (fo=2, routed)           0.268    -0.273    fdtd_hdmi_bd_i/fdtd_quad_0/inst/u_core/bram_2/bz_wd0_reg[15]_0[10]
    SLICE_X51Y71         FDRE                                         r  fdtd_hdmi_bd_i/fdtd_quad_0/inst/u_core/bram_2/bz_wd0_reg[10]/D
  -------------------------------------------------------------------    -------------------

                         (clock clk_out1_fdtd_hdmi_bd_clk_wiz_0_0 rise edge)
                                                      0.000     0.000 r  
    H16                                               0.000     0.000 r  clk (IN)
                         net (fo=0)                   0.000     0.000    fdtd_hdmi_bd_i/clk_wiz_0/inst/clk_in1
    H16                  IBUF (Prop_ibuf_I_O)         0.406     0.406 r  fdtd_hdmi_bd_i/clk_wiz_0/inst/clkin1_ibufg/O
                         net (fo=1, routed)           0.480     0.886    fdtd_hdmi_bd_i/clk_wiz_0/inst/clk_in1_fdtd_hdmi_bd_clk_wiz_0_0
    MMCME2_ADV_X1Y2      MMCME2_ADV (Prop_mmcme2_adv_CLKIN1_CLKOUT0)
                                                     -3.407    -2.521 r  fdtd_hdmi_bd_i/clk_wiz_0/inst/mmcm_adv_inst/CLKOUT0
                         net (fo=1, routed)           0.752    -1.769    fdtd_hdmi_bd_i/clk_wiz_0/inst/clk_out1_fdtd_hdmi_bd_clk_wiz_0_0
    BUFGCTRL_X0Y16       BUFG (Prop_bufg_I_O)         0.029    -1.740 r  fdtd_hdmi_bd_i/clk_wiz_0/inst/clkout1_buf/O
                         net (fo=3160, routed)        0.808    -0.932    fdtd_hdmi_bd_i/fdtd_quad_0/inst/u_core/bram_2/clk
    SLICE_X51Y71         FDRE                                         r  fdtd_hdmi_bd_i/fdtd_quad_0/inst/u_core/bram_2/bz_wd0_reg[10]/C
                         clock pessimism              0.504    -0.428    
    SLICE_X51Y71         FDRE (Hold_fdre_C_D)         0.070    -0.358    fdtd_hdmi_bd_i/fdtd_quad_0/inst/u_core/bram_2/bz_wd0_reg[10]
  -------------------------------------------------------------------
                         required time                          0.358    
                         arrival time                          -0.273    
  -------------------------------------------------------------------
                         slack                                  0.085    

Slack (MET) :             0.091ns  (arrival time - required time)
  Source:                 fdtd_hdmi_bd_i/cordic_0/U0/i_synth/i_synth/gen_cordic.cordic_engine/gen_para_arch.gen_iteration[7].eng/data_slice/x_plus_y_shift/inst/i_baseblox.i_baseblox_addsub/no_pipelining.the_addsub/i_lut6.i_lut6_addsub/i_q.i_simple.qreg/i_no_async_controls.output_reg[9]/C
                            (rising edge-triggered cell FDRE clocked by clk_out1_fdtd_hdmi_bd_clk_wiz_0_0  {rise@0.000ns fall@20.000ns period=40.000ns})
  Destination:            fdtd_hdmi_bd_i/cordic_0/U0/i_synth/i_synth/gen_cordic.cordic_engine/gen_para_arch.gen_iteration[8].eng/data_slice/x_plus_y_shift/inst/i_baseblox.i_baseblox_addsub/no_pipelining.the_addsub/i_lut6.i_lut6_addsub/i_q.i_simple.qreg/i_no_async_controls.output_reg[10]/D
                            (rising edge-triggered cell FDRE clocked by clk_out1_fdtd_hdmi_bd_clk_wiz_0_0  {rise@0.000ns fall@20.000ns period=40.000ns})
  Path Group:             clk_out1_fdtd_hdmi_bd_clk_wiz_0_0
  Path Type:              Hold (Min at Fast Process Corner)
  Requirement:            0.000ns  (clk_out1_fdtd_hdmi_bd_clk_wiz_0_0 rise@0.000ns - clk_out1_fdtd_hdmi_bd_clk_wiz_0_0 rise@0.000ns)
  Data Path Delay:        0.454ns  (logic 0.265ns (58.395%)  route 0.189ns (41.605%))
  Logic Levels:           1  (CARRY4=1)
  Clock Path Skew:        0.258ns (DCD - SCD - CPR)
    Destination Clock Delay (DCD):    -0.927ns
    Source Clock Delay      (SCD):    -0.681ns
    Clock Pessimism Removal (CPR):    -0.504ns

    Location             Delay type                Incr(ns)  Path(ns)    Netlist Resource(s)
  -------------------------------------------------------------------    -------------------
                         (clock clk_out1_fdtd_hdmi_bd_clk_wiz_0_0 rise edge)
                                                      0.000     0.000 r  
    H16                                               0.000     0.000 r  clk (IN)
                         net (fo=0)                   0.000     0.000    fdtd_hdmi_bd_i/clk_wiz_0/inst/clk_in1
    H16                  IBUF (Prop_ibuf_I_O)         0.219     0.219 r  fdtd_hdmi_bd_i/clk_wiz_0/inst/clkin1_ibufg/O
                         net (fo=1, routed)           0.440     0.659    fdtd_hdmi_bd_i/clk_wiz_0/inst/clk_in1_fdtd_hdmi_bd_clk_wiz_0_0
    MMCME2_ADV_X1Y2      MMCME2_ADV (Prop_mmcme2_adv_CLKIN1_CLKOUT0)
                                                     -2.613    -1.954 r  fdtd_hdmi_bd_i/clk_wiz_0/inst/mmcm_adv_inst/CLKOUT0
                         net (fo=1, routed)           0.696    -1.257    fdtd_hdmi_bd_i/clk_wiz_0/inst/clk_out1_fdtd_hdmi_bd_clk_wiz_0_0
    BUFGCTRL_X0Y16       BUFG (Prop_bufg_I_O)         0.026    -1.231 r  fdtd_hdmi_bd_i/clk_wiz_0/inst/clkout1_buf/O
                         net (fo=3160, routed)        0.550    -0.681    fdtd_hdmi_bd_i/cordic_0/U0/i_synth/i_synth/gen_cordic.cordic_engine/gen_para_arch.gen_iteration[7].eng/data_slice/x_plus_y_shift/inst/i_baseblox.i_baseblox_addsub/no_pipelining.the_addsub/i_lut6.i_lut6_addsub/i_q.i_simple.qreg/CLK
    SLICE_X43Y67         FDRE                                         r  fdtd_hdmi_bd_i/cordic_0/U0/i_synth/i_synth/gen_cordic.cordic_engine/gen_para_arch.gen_iteration[7].eng/data_slice/x_plus_y_shift/inst/i_baseblox.i_baseblox_addsub/no_pipelining.the_addsub/i_lut6.i_lut6_addsub/i_q.i_simple.qreg/i_no_async_controls.output_reg[9]/C
  -------------------------------------------------------------------    -------------------
    SLICE_X43Y67         FDRE (Prop_fdre_C_Q)         0.141    -0.540 r  fdtd_hdmi_bd_i/cordic_0/U0/i_synth/i_synth/gen_cordic.cordic_engine/gen_para_arch.gen_iteration[7].eng/data_slice/x_plus_y_shift/inst/i_baseblox.i_baseblox_addsub/no_pipelining.the_addsub/i_lut6.i_lut6_addsub/i_q.i_simple.qreg/i_no_async_controls.output_reg[9]/Q
                         net (fo=2, routed)           0.189    -0.352    fdtd_hdmi_bd_i/cordic_0/U0/i_synth/i_synth/gen_cordic.cordic_engine/gen_para_arch.gen_iteration[8].eng/data_slice/x_plus_y_shift/inst/i_baseblox.i_baseblox_addsub/no_pipelining.the_addsub/i_lut6.i_lut6_addsub/A[8]
    SLICE_X51Y66         CARRY4 (Prop_carry4_DI[0]_O[1])
                                                      0.124    -0.228 r  fdtd_hdmi_bd_i/cordic_0/U0/i_synth/i_synth/gen_cordic.cordic_engine/gen_para_arch.gen_iteration[8].eng/data_slice/x_plus_y_shift/inst/i_baseblox.i_baseblox_addsub/no_pipelining.the_addsub/i_lut6.i_lut6_addsub/i_simple_model.i_gt_1.carrychaingen[8].carrymux_CARRY4/O[1]
                         net (fo=1, routed)           0.000    -0.228    fdtd_hdmi_bd_i/cordic_0/U0/i_synth/i_synth/gen_cordic.cordic_engine/gen_para_arch.gen_iteration[8].eng/data_slice/x_plus_y_shift/inst/i_baseblox.i_baseblox_addsub/no_pipelining.the_addsub/i_lut6.i_lut6_addsub/i_q.i_simple.qreg/D[9]
    SLICE_X51Y66         FDRE                                         r  fdtd_hdmi_bd_i/cordic_0/U0/i_synth/i_synth/gen_cordic.cordic_engine/gen_para_arch.gen_iteration[8].eng/data_slice/x_plus_y_shift/inst/i_baseblox.i_baseblox_addsub/no_pipelining.the_addsub/i_lut6.i_lut6_addsub/i_q.i_simple.qreg/i_no_async_controls.output_reg[10]/D
  -------------------------------------------------------------------    -------------------

                         (clock clk_out1_fdtd_hdmi_bd_clk_wiz_0_0 rise edge)
                                                      0.000     0.000 r  
    H16                                               0.000     0.000 r  clk (IN)
                         net (fo=0)                   0.000     0.000    fdtd_hdmi_bd_i/clk_wiz_0/inst/clk_in1
    H16                  IBUF (Prop_ibuf_I_O)         0.406     0.406 r  fdtd_hdmi_bd_i/clk_wiz_0/inst/clkin1_ibufg/O
                         net (fo=1, routed)           0.480     0.886    fdtd_hdmi_bd_i/clk_wiz_0/inst/clk_in1_fdtd_hdmi_bd_clk_wiz_0_0
    MMCME2_ADV_X1Y2      MMCME2_ADV (Prop_mmcme2_adv_CLKIN1_CLKOUT0)
                                                     -3.407    -2.521 r  fdtd_hdmi_bd_i/clk_wiz_0/inst/mmcm_adv_inst/CLKOUT0
                         net (fo=1, routed)           0.752    -1.769    fdtd_hdmi_bd_i/clk_wiz_0/inst/clk_out1_fdtd_hdmi_bd_clk_wiz_0_0
    BUFGCTRL_X0Y16       BUFG (Prop_bufg_I_O)         0.029    -1.740 r  fdtd_hdmi_bd_i/clk_wiz_0/inst/clkout1_buf/O
                         net (fo=3160, routed)        0.813    -0.927    fdtd_hdmi_bd_i/cordic_0/U0/i_synth/i_synth/gen_cordic.cordic_engine/gen_para_arch.gen_iteration[8].eng/data_slice/x_plus_y_shift/inst/i_baseblox.i_baseblox_addsub/no_pipelining.the_addsub/i_lut6.i_lut6_addsub/i_q.i_simple.qreg/CLK
    SLICE_X51Y66         FDRE                                         r  fdtd_hdmi_bd_i/cordic_0/U0/i_synth/i_synth/gen_cordic.cordic_engine/gen_para_arch.gen_iteration[8].eng/data_slice/x_plus_y_shift/inst/i_baseblox.i_baseblox_addsub/no_pipelining.the_addsub/i_lut6.i_lut6_addsub/i_q.i_simple.qreg/i_no_async_controls.output_reg[10]/C
                         clock pessimism              0.504    -0.423    
    SLICE_X51Y66         FDRE (Hold_fdre_C_D)         0.105    -0.318    fdtd_hdmi_bd_i/cordic_0/U0/i_synth/i_synth/gen_cordic.cordic_engine/gen_para_arch.gen_iteration[8].eng/data_slice/x_plus_y_shift/inst/i_baseblox.i_baseblox_addsub/no_pipelining.the_addsub/i_lut6.i_lut6_addsub/i_q.i_simple.qreg/i_no_async_controls.output_reg[10]
  -------------------------------------------------------------------
                         required time                          0.318    
                         arrival time                          -0.228    
  -------------------------------------------------------------------
                         slack                                  0.091    

Slack (MET) :             0.091ns  (arrival time - required time)
  Source:                 fdtd_hdmi_bd_i/cordic_0/U0/i_synth/i_synth/gen_cordic.cordic_engine/gen_para_arch.gen_iteration[7].eng/data_slice/x_plus_y_shift/inst/i_baseblox.i_baseblox_addsub/no_pipelining.the_addsub/i_lut6.i_lut6_addsub/i_q.i_simple.qreg/i_no_async_controls.output_reg[5]/C
                            (rising edge-triggered cell FDRE clocked by clk_out1_fdtd_hdmi_bd_clk_wiz_0_0  {rise@0.000ns fall@20.000ns period=40.000ns})
  Destination:            fdtd_hdmi_bd_i/cordic_0/U0/i_synth/i_synth/gen_cordic.cordic_engine/gen_para_arch.gen_iteration[8].eng/data_slice/x_plus_y_shift/inst/i_baseblox.i_baseblox_addsub/no_pipelining.the_addsub/i_lut6.i_lut6_addsub/i_q.i_simple.qreg/i_no_async_controls.output_reg[6]/D
                            (rising edge-triggered cell FDRE clocked by clk_out1_fdtd_hdmi_bd_clk_wiz_0_0  {rise@0.000ns fall@20.000ns period=40.000ns})
  Path Group:             clk_out1_fdtd_hdmi_bd_clk_wiz_0_0
  Path Type:              Hold (Min at Fast Process Corner)
  Requirement:            0.000ns  (clk_out1_fdtd_hdmi_bd_clk_wiz_0_0 rise@0.000ns - clk_out1_fdtd_hdmi_bd_clk_wiz_0_0 rise@0.000ns)
  Data Path Delay:        0.454ns  (logic 0.265ns (58.395%)  route 0.189ns (41.605%))
  Logic Levels:           1  (CARRY4=1)
  Clock Path Skew:        0.258ns (DCD - SCD - CPR)
    Destination Clock Delay (DCD):    -0.926ns
    Source Clock Delay      (SCD):    -0.680ns
    Clock Pessimism Removal (CPR):    -0.504ns

    Location             Delay type                Incr(ns)  Path(ns)    Netlist Resource(s)
  -------------------------------------------------------------------    -------------------
                         (clock clk_out1_fdtd_hdmi_bd_clk_wiz_0_0 rise edge)
                                                      0.000     0.000 r  
    H16                                               0.000     0.000 r  clk (IN)
                         net (fo=0)                   0.000     0.000    fdtd_hdmi_bd_i/clk_wiz_0/inst/clk_in1
    H16                  IBUF (Prop_ibuf_I_O)         0.219     0.219 r  fdtd_hdmi_bd_i/clk_wiz_0/inst/clkin1_ibufg/O
                         net (fo=1, routed)           0.440     0.659    fdtd_hdmi_bd_i/clk_wiz_0/inst/clk_in1_fdtd_hdmi_bd_clk_wiz_0_0
    MMCME2_ADV_X1Y2      MMCME2_ADV (Prop_mmcme2_adv_CLKIN1_CLKOUT0)
                                                     -2.613    -1.954 r  fdtd_hdmi_bd_i/clk_wiz_0/inst/mmcm_adv_inst/CLKOUT0
                         net (fo=1, routed)           0.696    -1.257    fdtd_hdmi_bd_i/clk_wiz_0/inst/clk_out1_fdtd_hdmi_bd_clk_wiz_0_0
    BUFGCTRL_X0Y16       BUFG (Prop_bufg_I_O)         0.026    -1.231 r  fdtd_hdmi_bd_i/clk_wiz_0/inst/clkout1_buf/O
                         net (fo=3160, routed)        0.551    -0.680    fdtd_hdmi_bd_i/cordic_0/U0/i_synth/i_synth/gen_cordic.cordic_engine/gen_para_arch.gen_iteration[7].eng/data_slice/x_plus_y_shift/inst/i_baseblox.i_baseblox_addsub/no_pipelining.the_addsub/i_lut6.i_lut6_addsub/i_q.i_simple.qreg/CLK
    SLICE_X43Y66         FDRE                                         r  fdtd_hdmi_bd_i/cordic_0/U0/i_synth/i_synth/gen_cordic.cordic_engine/gen_para_arch.gen_iteration[7].eng/data_slice/x_plus_y_shift/inst/i_baseblox.i_baseblox_addsub/no_pipelining.the_addsub/i_lut6.i_lut6_addsub/i_q.i_simple.qreg/i_no_async_controls.output_reg[5]/C
  -------------------------------------------------------------------    -------------------
    SLICE_X43Y66         FDRE (Prop_fdre_C_Q)         0.141    -0.539 r  fdtd_hdmi_bd_i/cordic_0/U0/i_synth/i_synth/gen_cordic.cordic_engine/gen_para_arch.gen_iteration[7].eng/data_slice/x_plus_y_shift/inst/i_baseblox.i_baseblox_addsub/no_pipelining.the_addsub/i_lut6.i_lut6_addsub/i_q.i_simple.qreg/i_no_async_controls.output_reg[5]/Q
                         net (fo=2, routed)           0.189    -0.351    fdtd_hdmi_bd_i/cordic_0/U0/i_synth/i_synth/gen_cordic.cordic_engine/gen_para_arch.gen_iteration[8].eng/data_slice/x_plus_y_shift/inst/i_baseblox.i_baseblox_addsub/no_pipelining.the_addsub/i_lut6.i_lut6_addsub/A[4]
    SLICE_X51Y65         CARRY4 (Prop_carry4_DI[0]_O[1])
                                                      0.124    -0.227 r  fdtd_hdmi_bd_i/cordic_0/U0/i_synth/i_synth/gen_cordic.cordic_engine/gen_para_arch.gen_iteration[8].eng/data_slice/x_plus_y_shift/inst/i_baseblox.i_baseblox_addsub/no_pipelining.the_addsub/i_lut6.i_lut6_addsub/i_simple_model.i_gt_1.carrychaingen[4].carrymux_CARRY4/O[1]
                         net (fo=1, routed)           0.000    -0.227    fdtd_hdmi_bd_i/cordic_0/U0/i_synth/i_synth/gen_cordic.cordic_engine/gen_para_arch.gen_iteration[8].eng/data_slice/x_plus_y_shift/inst/i_baseblox.i_baseblox_addsub/no_pipelining.the_addsub/i_lut6.i_lut6_addsub/i_q.i_simple.qreg/D[5]
    SLICE_X51Y65         FDRE                                         r  fdtd_hdmi_bd_i/cordic_0/U0/i_synth/i_synth/gen_cordic.cordic_engine/gen_para_arch.gen_iteration[8].eng/data_slice/x_plus_y_shift/inst/i_baseblox.i_baseblox_addsub/no_pipelining.the_addsub/i_lut6.i_lut6_addsub/i_q.i_simple.qreg/i_no_async_controls.output_reg[6]/D
  -------------------------------------------------------------------    -------------------

                         (clock clk_out1_fdtd_hdmi_bd_clk_wiz_0_0 rise edge)
                                                      0.000     0.000 r  
    H16                                               0.000     0.000 r  clk (IN)
                         net (fo=0)                   0.000     0.000    fdtd_hdmi_bd_i/clk_wiz_0/inst/clk_in1
    H16                  IBUF (Prop_ibuf_I_O)         0.406     0.406 r  fdtd_hdmi_bd_i/clk_wiz_0/inst/clkin1_ibufg/O
                         net (fo=1, routed)           0.480     0.886    fdtd_hdmi_bd_i/clk_wiz_0/inst/clk_in1_fdtd_hdmi_bd_clk_wiz_0_0
    MMCME2_ADV_X1Y2      MMCME2_ADV (Prop_mmcme2_adv_CLKIN1_CLKOUT0)
                                                     -3.407    -2.521 r  fdtd_hdmi_bd_i/clk_wiz_0/inst/mmcm_adv_inst/CLKOUT0
                         net (fo=1, routed)           0.752    -1.769    fdtd_hdmi_bd_i/clk_wiz_0/inst/clk_out1_fdtd_hdmi_bd_clk_wiz_0_0
    BUFGCTRL_X0Y16       BUFG (Prop_bufg_I_O)         0.029    -1.740 r  fdtd_hdmi_bd_i/clk_wiz_0/inst/clkout1_buf/O
                         net (fo=3160, routed)        0.814    -0.926    fdtd_hdmi_bd_i/cordic_0/U0/i_synth/i_synth/gen_cordic.cordic_engine/gen_para_arch.gen_iteration[8].eng/data_slice/x_plus_y_shift/inst/i_baseblox.i_baseblox_addsub/no_pipelining.the_addsub/i_lut6.i_lut6_addsub/i_q.i_simple.qreg/CLK
    SLICE_X51Y65         FDRE                                         r  fdtd_hdmi_bd_i/cordic_0/U0/i_synth/i_synth/gen_cordic.cordic_engine/gen_para_arch.gen_iteration[8].eng/data_slice/x_plus_y_shift/inst/i_baseblox.i_baseblox_addsub/no_pipelining.the_addsub/i_lut6.i_lut6_addsub/i_q.i_simple.qreg/i_no_async_controls.output_reg[6]/C
                         clock pessimism              0.504    -0.422    
    SLICE_X51Y65         FDRE (Hold_fdre_C_D)         0.105    -0.317    fdtd_hdmi_bd_i/cordic_0/U0/i_synth/i_synth/gen_cordic.cordic_engine/gen_para_arch.gen_iteration[8].eng/data_slice/x_plus_y_shift/inst/i_baseblox.i_baseblox_addsub/no_pipelining.the_addsub/i_lut6.i_lut6_addsub/i_q.i_simple.qreg/i_no_async_controls.output_reg[6]
  -------------------------------------------------------------------
                         required time                          0.317    
                         arrival time                          -0.227    
  -------------------------------------------------------------------
                         slack                                  0.091    

Slack (MET) :             0.092ns  (arrival time - required time)
  Source:                 fdtd_hdmi_bd_i/cordic_0/U0/i_synth/i_synth/gen_cordic.cordic_engine/gen_para_arch.gen_iteration[7].eng/data_slice/y_plus_x_shift/inst/i_baseblox.i_baseblox_addsub/no_pipelining.the_addsub/i_lut6.i_lut6_addsub/i_q.i_simple.qreg/i_no_async_controls.output_reg[11]/C
                            (rising edge-triggered cell FDRE clocked by clk_out1_fdtd_hdmi_bd_clk_wiz_0_0  {rise@0.000ns fall@20.000ns period=40.000ns})
  Destination:            fdtd_hdmi_bd_i/cordic_0/U0/i_synth/i_synth/gen_cordic.cordic_engine/gen_para_arch.gen_iteration[8].eng/data_slice/x_plus_y_shift/inst/i_baseblox.i_baseblox_addsub/no_pipelining.the_addsub/i_lut6.i_lut6_addsub/i_q.i_simple.qreg/i_no_async_controls.output_reg[2]/D
                            (rising edge-triggered cell FDRE clocked by clk_out1_fdtd_hdmi_bd_clk_wiz_0_0  {rise@0.000ns fall@20.000ns period=40.000ns})
  Path Group:             clk_out1_fdtd_hdmi_bd_clk_wiz_0_0
  Path Type:              Hold (Min at Fast Process Corner)
  Requirement:            0.000ns  (clk_out1_fdtd_hdmi_bd_clk_wiz_0_0 rise@0.000ns - clk_out1_fdtd_hdmi_bd_clk_wiz_0_0 rise@0.000ns)
  Data Path Delay:        0.455ns  (logic 0.251ns (55.174%)  route 0.204ns (44.826%))
  Logic Levels:           2  (CARRY4=1 LUT3=1)
  Clock Path Skew:        0.258ns (DCD - SCD - CPR)
    Destination Clock Delay (DCD):    -0.925ns
    Source Clock Delay      (SCD):    -0.679ns
    Clock Pessimism Removal (CPR):    -0.504ns

    Location             Delay type                Incr(ns)  Path(ns)    Netlist Resource(s)
  -------------------------------------------------------------------    -------------------
                         (clock clk_out1_fdtd_hdmi_bd_clk_wiz_0_0 rise edge)
                                                      0.000     0.000 r  
    H16                                               0.000     0.000 r  clk (IN)
                         net (fo=0)                   0.000     0.000    fdtd_hdmi_bd_i/clk_wiz_0/inst/clk_in1
    H16                  IBUF (Prop_ibuf_I_O)         0.219     0.219 r  fdtd_hdmi_bd_i/clk_wiz_0/inst/clkin1_ibufg/O
                         net (fo=1, routed)           0.440     0.659    fdtd_hdmi_bd_i/clk_wiz_0/inst/clk_in1_fdtd_hdmi_bd_clk_wiz_0_0
    MMCME2_ADV_X1Y2      MMCME2_ADV (Prop_mmcme2_adv_CLKIN1_CLKOUT0)
                                                     -2.613    -1.954 r  fdtd_hdmi_bd_i/clk_wiz_0/inst/mmcm_adv_inst/CLKOUT0
                         net (fo=1, routed)           0.696    -1.257    fdtd_hdmi_bd_i/clk_wiz_0/inst/clk_out1_fdtd_hdmi_bd_clk_wiz_0_0
    BUFGCTRL_X0Y16       BUFG (Prop_bufg_I_O)         0.026    -1.231 r  fdtd_hdmi_bd_i/clk_wiz_0/inst/clkout1_buf/O
                         net (fo=3160, routed)        0.552    -0.679    fdtd_hdmi_bd_i/cordic_0/U0/i_synth/i_synth/gen_cordic.cordic_engine/gen_para_arch.gen_iteration[7].eng/data_slice/y_plus_x_shift/inst/i_baseblox.i_baseblox_addsub/no_pipelining.the_addsub/i_lut6.i_lut6_addsub/i_q.i_simple.qreg/CLK
    SLICE_X44Y65         FDRE                                         r  fdtd_hdmi_bd_i/cordic_0/U0/i_synth/i_synth/gen_cordic.cordic_engine/gen_para_arch.gen_iteration[7].eng/data_slice/y_plus_x_shift/inst/i_baseblox.i_baseblox_addsub/no_pipelining.the_addsub/i_lut6.i_lut6_addsub/i_q.i_simple.qreg/i_no_async_controls.output_reg[11]/C
  -------------------------------------------------------------------    -------------------
    SLICE_X44Y65         FDRE (Prop_fdre_C_Q)         0.141    -0.538 r  fdtd_hdmi_bd_i/cordic_0/U0/i_synth/i_synth/gen_cordic.cordic_engine/gen_para_arch.gen_iteration[7].eng/data_slice/y_plus_x_shift/inst/i_baseblox.i_baseblox_addsub/no_pipelining.the_addsub/i_lut6.i_lut6_addsub/i_q.i_simple.qreg/i_no_async_controls.output_reg[11]/Q
                         net (fo=3, routed)           0.204    -0.334    fdtd_hdmi_bd_i/cordic_0/U0/i_synth/i_synth/gen_cordic.cordic_engine/gen_para_arch.gen_iteration[8].eng/data_slice/x_plus_y_shift/inst/i_baseblox.i_baseblox_addsub/no_pipelining.the_addsub/i_lut6.i_lut6_addsub/B[1]
    SLICE_X51Y64         LUT3 (Prop_lut3_I0_O)        0.045    -0.289 r  fdtd_hdmi_bd_i/cordic_0/U0/i_synth/i_synth/gen_cordic.cordic_engine/gen_para_arch.gen_iteration[8].eng/data_slice/x_plus_y_shift/inst/i_baseblox.i_baseblox_addsub/no_pipelining.the_addsub/i_lut6.i_lut6_addsub/i_simple_model.i_gt_1.carrychaingen[1].carrymux_i_1/O
                         net (fo=1, routed)           0.000    -0.289    fdtd_hdmi_bd_i/cordic_0/U0/i_synth/i_synth/gen_cordic.cordic_engine/gen_para_arch.gen_iteration[8].eng/data_slice/x_plus_y_shift/inst/i_baseblox.i_baseblox_addsub/no_pipelining.the_addsub/i_lut6.i_lut6_addsub/i_simple_model.i_gt_1.carrychaingen[1].carrymux_i_1_n_0
    SLICE_X51Y64         CARRY4 (Prop_carry4_S[1]_O[1])
                                                      0.065    -0.224 r  fdtd_hdmi_bd_i/cordic_0/U0/i_synth/i_synth/gen_cordic.cordic_engine/gen_para_arch.gen_iteration[8].eng/data_slice/x_plus_y_shift/inst/i_baseblox.i_baseblox_addsub/no_pipelining.the_addsub/i_lut6.i_lut6_addsub/i_simple_model.carrymux0_CARRY4/O[1]
                         net (fo=1, routed)           0.000    -0.224    fdtd_hdmi_bd_i/cordic_0/U0/i_synth/i_synth/gen_cordic.cordic_engine/gen_para_arch.gen_iteration[8].eng/data_slice/x_plus_y_shift/inst/i_baseblox.i_baseblox_addsub/no_pipelining.the_addsub/i_lut6.i_lut6_addsub/i_q.i_simple.qreg/D[1]
    SLICE_X51Y64         FDRE                                         r  fdtd_hdmi_bd_i/cordic_0/U0/i_synth/i_synth/gen_cordic.cordic_engine/gen_para_arch.gen_iteration[8].eng/data_slice/x_plus_y_shift/inst/i_baseblox.i_baseblox_addsub/no_pipelining.the_addsub/i_lut6.i_lut6_addsub/i_q.i_simple.qreg/i_no_async_controls.output_reg[2]/D
  -------------------------------------------------------------------    -------------------

                         (clock clk_out1_fdtd_hdmi_bd_clk_wiz_0_0 rise edge)
                                                      0.000     0.000 r  
    H16                                               0.000     0.000 r  clk (IN)
                         net (fo=0)                   0.000     0.000    fdtd_hdmi_bd_i/clk_wiz_0/inst/clk_in1
    H16                  IBUF (Prop_ibuf_I_O)         0.406     0.406 r  fdtd_hdmi_bd_i/clk_wiz_0/inst/clkin1_ibufg/O
                         net (fo=1, routed)           0.480     0.886    fdtd_hdmi_bd_i/clk_wiz_0/inst/clk_in1_fdtd_hdmi_bd_clk_wiz_0_0
    MMCME2_ADV_X1Y2      MMCME2_ADV (Prop_mmcme2_adv_CLKIN1_CLKOUT0)
                                                     -3.407    -2.521 r  fdtd_hdmi_bd_i/clk_wiz_0/inst/mmcm_adv_inst/CLKOUT0
                         net (fo=1, routed)           0.752    -1.769    fdtd_hdmi_bd_i/clk_wiz_0/inst/clk_out1_fdtd_hdmi_bd_clk_wiz_0_0
    BUFGCTRL_X0Y16       BUFG (Prop_bufg_I_O)         0.029    -1.740 r  fdtd_hdmi_bd_i/clk_wiz_0/inst/clkout1_buf/O
                         net (fo=3160, routed)        0.815    -0.925    fdtd_hdmi_bd_i/cordic_0/U0/i_synth/i_synth/gen_cordic.cordic_engine/gen_para_arch.gen_iteration[8].eng/data_slice/x_plus_y_shift/inst/i_baseblox.i_baseblox_addsub/no_pipelining.the_addsub/i_lut6.i_lut6_addsub/i_q.i_simple.qreg/CLK
    SLICE_X51Y64         FDRE                                         r  fdtd_hdmi_bd_i/cordic_0/U0/i_synth/i_synth/gen_cordic.cordic_engine/gen_para_arch.gen_iteration[8].eng/data_slice/x_plus_y_shift/inst/i_baseblox.i_baseblox_addsub/no_pipelining.the_addsub/i_lut6.i_lut6_addsub/i_q.i_simple.qreg/i_no_async_controls.output_reg[2]/C
                         clock pessimism              0.504    -0.421    
    SLICE_X51Y64         FDRE (Hold_fdre_C_D)         0.105    -0.316    fdtd_hdmi_bd_i/cordic_0/U0/i_synth/i_synth/gen_cordic.cordic_engine/gen_para_arch.gen_iteration[8].eng/data_slice/x_plus_y_shift/inst/i_baseblox.i_baseblox_addsub/no_pipelining.the_addsub/i_lut6.i_lut6_addsub/i_q.i_simple.qreg/i_no_async_controls.output_reg[2]
  -------------------------------------------------------------------
                         required time                          0.316    
                         arrival time                          -0.224    
  -------------------------------------------------------------------
                         slack                                  0.092    

Slack (MET) :             0.097ns  (arrival time - required time)
  Source:                 fdtd_hdmi_bd_i/cordic_0/U0/i_synth/i_synth/gen_cordic.cordic_engine/gen_para_arch.gen_iteration[7].eng/data_slice/x_plus_y_shift/inst/i_baseblox.i_baseblox_addsub/no_pipelining.the_addsub/i_lut6.i_lut6_addsub/i_q.i_simple.qreg/i_no_async_controls.output_reg[7]/C
                            (rising edge-triggered cell FDRE clocked by clk_out1_fdtd_hdmi_bd_clk_wiz_0_0  {rise@0.000ns fall@20.000ns period=40.000ns})
  Destination:            fdtd_hdmi_bd_i/cordic_0/U0/i_synth/i_synth/gen_cordic.cordic_engine/gen_para_arch.gen_iteration[8].eng/data_slice/x_plus_y_shift/inst/i_baseblox.i_baseblox_addsub/no_pipelining.the_addsub/i_lut6.i_lut6_addsub/i_q.i_simple.qreg/i_no_async_controls.output_reg[8]/D
                            (rising edge-triggered cell FDRE clocked by clk_out1_fdtd_hdmi_bd_clk_wiz_0_0  {rise@0.000ns fall@20.000ns period=40.000ns})
  Path Group:             clk_out1_fdtd_hdmi_bd_clk_wiz_0_0
  Path Type:              Hold (Min at Fast Process Corner)
  Requirement:            0.000ns  (clk_out1_fdtd_hdmi_bd_clk_wiz_0_0 rise@0.000ns - clk_out1_fdtd_hdmi_bd_clk_wiz_0_0 rise@0.000ns)
  Data Path Delay:        0.460ns  (logic 0.268ns (58.285%)  route 0.192ns (41.715%))
  Logic Levels:           1  (CARRY4=1)
  Clock Path Skew:        0.258ns (DCD - SCD - CPR)
    Destination Clock Delay (DCD):    -0.926ns
    Source Clock Delay      (SCD):    -0.680ns
    Clock Pessimism Removal (CPR):    -0.504ns

    Location             Delay type                Incr(ns)  Path(ns)    Netlist Resource(s)
  -------------------------------------------------------------------    -------------------
                         (clock clk_out1_fdtd_hdmi_bd_clk_wiz_0_0 rise edge)
                                                      0.000     0.000 r  
    H16                                               0.000     0.000 r  clk (IN)
                         net (fo=0)                   0.000     0.000    fdtd_hdmi_bd_i/clk_wiz_0/inst/clk_in1
    H16                  IBUF (Prop_ibuf_I_O)         0.219     0.219 r  fdtd_hdmi_bd_i/clk_wiz_0/inst/clkin1_ibufg/O
                         net (fo=1, routed)           0.440     0.659    fdtd_hdmi_bd_i/clk_wiz_0/inst/clk_in1_fdtd_hdmi_bd_clk_wiz_0_0
    MMCME2_ADV_X1Y2      MMCME2_ADV (Prop_mmcme2_adv_CLKIN1_CLKOUT0)
                                                     -2.613    -1.954 r  fdtd_hdmi_bd_i/clk_wiz_0/inst/mmcm_adv_inst/CLKOUT0
                         net (fo=1, routed)           0.696    -1.257    fdtd_hdmi_bd_i/clk_wiz_0/inst/clk_out1_fdtd_hdmi_bd_clk_wiz_0_0
    BUFGCTRL_X0Y16       BUFG (Prop_bufg_I_O)         0.026    -1.231 r  fdtd_hdmi_bd_i/clk_wiz_0/inst/clkout1_buf/O
                         net (fo=3160, routed)        0.551    -0.680    fdtd_hdmi_bd_i/cordic_0/U0/i_synth/i_synth/gen_cordic.cordic_engine/gen_para_arch.gen_iteration[7].eng/data_slice/x_plus_y_shift/inst/i_baseblox.i_baseblox_addsub/no_pipelining.the_addsub/i_lut6.i_lut6_addsub/i_q.i_simple.qreg/CLK
    SLICE_X43Y66         FDRE                                         r  fdtd_hdmi_bd_i/cordic_0/U0/i_synth/i_synth/gen_cordic.cordic_engine/gen_para_arch.gen_iteration[7].eng/data_slice/x_plus_y_shift/inst/i_baseblox.i_baseblox_addsub/no_pipelining.the_addsub/i_lut6.i_lut6_addsub/i_q.i_simple.qreg/i_no_async_controls.output_reg[7]/C
  -------------------------------------------------------------------    -------------------
    SLICE_X43Y66         FDRE (Prop_fdre_C_Q)         0.141    -0.539 r  fdtd_hdmi_bd_i/cordic_0/U0/i_synth/i_synth/gen_cordic.cordic_engine/gen_para_arch.gen_iteration[7].eng/data_slice/x_plus_y_shift/inst/i_baseblox.i_baseblox_addsub/no_pipelining.the_addsub/i_lut6.i_lut6_addsub/i_q.i_simple.qreg/i_no_async_controls.output_reg[7]/Q
                         net (fo=2, routed)           0.192    -0.348    fdtd_hdmi_bd_i/cordic_0/U0/i_synth/i_synth/gen_cordic.cordic_engine/gen_para_arch.gen_iteration[8].eng/data_slice/x_plus_y_shift/inst/i_baseblox.i_baseblox_addsub/no_pipelining.the_addsub/i_lut6.i_lut6_addsub/A[6]
    SLICE_X51Y65         CARRY4 (Prop_carry4_DI[2]_O[3])
                                                      0.127    -0.221 r  fdtd_hdmi_bd_i/cordic_0/U0/i_synth/i_synth/gen_cordic.cordic_engine/gen_para_arch.gen_iteration[8].eng/data_slice/x_plus_y_shift/inst/i_baseblox.i_baseblox_addsub/no_pipelining.the_addsub/i_lut6.i_lut6_addsub/i_simple_model.i_gt_1.carrychaingen[4].carrymux_CARRY4/O[3]
                         net (fo=1, routed)           0.000    -0.221    fdtd_hdmi_bd_i/cordic_0/U0/i_synth/i_synth/gen_cordic.cordic_engine/gen_para_arch.gen_iteration[8].eng/data_slice/x_plus_y_shift/inst/i_baseblox.i_baseblox_addsub/no_pipelining.the_addsub/i_lut6.i_lut6_addsub/i_q.i_simple.qreg/D[7]
    SLICE_X51Y65         FDRE                                         r  fdtd_hdmi_bd_i/cordic_0/U0/i_synth/i_synth/gen_cordic.cordic_engine/gen_para_arch.gen_iteration[8].eng/data_slice/x_plus_y_shift/inst/i_baseblox.i_baseblox_addsub/no_pipelining.the_addsub/i_lut6.i_lut6_addsub/i_q.i_simple.qreg/i_no_async_controls.output_reg[8]/D
  -------------------------------------------------------------------    -------------------

                         (clock clk_out1_fdtd_hdmi_bd_clk_wiz_0_0 rise edge)
                                                      0.000     0.000 r  
    H16                                               0.000     0.000 r  clk (IN)
                         net (fo=0)                   0.000     0.000    fdtd_hdmi_bd_i/clk_wiz_0/inst/clk_in1
    H16                  IBUF (Prop_ibuf_I_O)         0.406     0.406 r  fdtd_hdmi_bd_i/clk_wiz_0/inst/clkin1_ibufg/O
                         net (fo=1, routed)           0.480     0.886    fdtd_hdmi_bd_i/clk_wiz_0/inst/clk_in1_fdtd_hdmi_bd_clk_wiz_0_0
    MMCME2_ADV_X1Y2      MMCME2_ADV (Prop_mmcme2_adv_CLKIN1_CLKOUT0)
                                                     -3.407    -2.521 r  fdtd_hdmi_bd_i/clk_wiz_0/inst/mmcm_adv_inst/CLKOUT0
                         net (fo=1, routed)           0.752    -1.769    fdtd_hdmi_bd_i/clk_wiz_0/inst/clk_out1_fdtd_hdmi_bd_clk_wiz_0_0
    BUFGCTRL_X0Y16       BUFG (Prop_bufg_I_O)         0.029    -1.740 r  fdtd_hdmi_bd_i/clk_wiz_0/inst/clkout1_buf/O
                         net (fo=3160, routed)        0.814    -0.926    fdtd_hdmi_bd_i/cordic_0/U0/i_synth/i_synth/gen_cordic.cordic_engine/gen_para_arch.gen_iteration[8].eng/data_slice/x_plus_y_shift/inst/i_baseblox.i_baseblox_addsub/no_pipelining.the_addsub/i_lut6.i_lut6_addsub/i_q.i_simple.qreg/CLK
    SLICE_X51Y65         FDRE                                         r  fdtd_hdmi_bd_i/cordic_0/U0/i_synth/i_synth/gen_cordic.cordic_engine/gen_para_arch.gen_iteration[8].eng/data_slice/x_plus_y_shift/inst/i_baseblox.i_baseblox_addsub/no_pipelining.the_addsub/i_lut6.i_lut6_addsub/i_q.i_simple.qreg/i_no_async_controls.output_reg[8]/C
                         clock pessimism              0.504    -0.422    
    SLICE_X51Y65         FDRE (Hold_fdre_C_D)         0.105    -0.317    fdtd_hdmi_bd_i/cordic_0/U0/i_synth/i_synth/gen_cordic.cordic_engine/gen_para_arch.gen_iteration[8].eng/data_slice/x_plus_y_shift/inst/i_baseblox.i_baseblox_addsub/no_pipelining.the_addsub/i_lut6.i_lut6_addsub/i_q.i_simple.qreg/i_no_async_controls.output_reg[8]
  -------------------------------------------------------------------
                         required time                          0.317    
                         arrival time                          -0.221    
  -------------------------------------------------------------------
                         slack                                  0.097    

Slack (MET) :             0.097ns  (arrival time - required time)
  Source:                 fdtd_hdmi_bd_i/cordic_0/U0/i_synth/i_synth/gen_cordic.cordic_engine/gen_para_arch.gen_iteration[7].eng/data_slice/x_plus_y_shift/inst/i_baseblox.i_baseblox_addsub/no_pipelining.the_addsub/i_lut6.i_lut6_addsub/i_q.i_simple.qreg/i_no_async_controls.output_reg[3]/C
                            (rising edge-triggered cell FDRE clocked by clk_out1_fdtd_hdmi_bd_clk_wiz_0_0  {rise@0.000ns fall@20.000ns period=40.000ns})
  Destination:            fdtd_hdmi_bd_i/cordic_0/U0/i_synth/i_synth/gen_cordic.cordic_engine/gen_para_arch.gen_iteration[8].eng/data_slice/x_plus_y_shift/inst/i_baseblox.i_baseblox_addsub/no_pipelining.the_addsub/i_lut6.i_lut6_addsub/i_q.i_simple.qreg/i_no_async_controls.output_reg[4]/D
                            (rising edge-triggered cell FDRE clocked by clk_out1_fdtd_hdmi_bd_clk_wiz_0_0  {rise@0.000ns fall@20.000ns period=40.000ns})
  Path Group:             clk_out1_fdtd_hdmi_bd_clk_wiz_0_0
  Path Type:              Hold (Min at Fast Process Corner)
  Requirement:            0.000ns  (clk_out1_fdtd_hdmi_bd_clk_wiz_0_0 rise@0.000ns - clk_out1_fdtd_hdmi_bd_clk_wiz_0_0 rise@0.000ns)
  Data Path Delay:        0.460ns  (logic 0.268ns (58.285%)  route 0.192ns (41.715%))
  Logic Levels:           1  (CARRY4=1)
  Clock Path Skew:        0.258ns (DCD - SCD - CPR)
    Destination Clock Delay (DCD):    -0.925ns
    Source Clock Delay      (SCD):    -0.679ns
    Clock Pessimism Removal (CPR):    -0.504ns

    Location             Delay type                Incr(ns)  Path(ns)    Netlist Resource(s)
  -------------------------------------------------------------------    -------------------
                         (clock clk_out1_fdtd_hdmi_bd_clk_wiz_0_0 rise edge)
                                                      0.000     0.000 r  
    H16                                               0.000     0.000 r  clk (IN)
                         net (fo=0)                   0.000     0.000    fdtd_hdmi_bd_i/clk_wiz_0/inst/clk_in1
    H16                  IBUF (Prop_ibuf_I_O)         0.219     0.219 r  fdtd_hdmi_bd_i/clk_wiz_0/inst/clkin1_ibufg/O
                         net (fo=1, routed)           0.440     0.659    fdtd_hdmi_bd_i/clk_wiz_0/inst/clk_in1_fdtd_hdmi_bd_clk_wiz_0_0
    MMCME2_ADV_X1Y2      MMCME2_ADV (Prop_mmcme2_adv_CLKIN1_CLKOUT0)
                                                     -2.613    -1.954 r  fdtd_hdmi_bd_i/clk_wiz_0/inst/mmcm_adv_inst/CLKOUT0
                         net (fo=1, routed)           0.696    -1.257    fdtd_hdmi_bd_i/clk_wiz_0/inst/clk_out1_fdtd_hdmi_bd_clk_wiz_0_0
    BUFGCTRL_X0Y16       BUFG (Prop_bufg_I_O)         0.026    -1.231 r  fdtd_hdmi_bd_i/clk_wiz_0/inst/clkout1_buf/O
                         net (fo=3160, routed)        0.552    -0.679    fdtd_hdmi_bd_i/cordic_0/U0/i_synth/i_synth/gen_cordic.cordic_engine/gen_para_arch.gen_iteration[7].eng/data_slice/x_plus_y_shift/inst/i_baseblox.i_baseblox_addsub/no_pipelining.the_addsub/i_lut6.i_lut6_addsub/i_q.i_simple.qreg/CLK
    SLICE_X43Y65         FDRE                                         r  fdtd_hdmi_bd_i/cordic_0/U0/i_synth/i_synth/gen_cordic.cordic_engine/gen_para_arch.gen_iteration[7].eng/data_slice/x_plus_y_shift/inst/i_baseblox.i_baseblox_addsub/no_pipelining.the_addsub/i_lut6.i_lut6_addsub/i_q.i_simple.qreg/i_no_async_controls.output_reg[3]/C
  -------------------------------------------------------------------    -------------------
    SLICE_X43Y65         FDRE (Prop_fdre_C_Q)         0.141    -0.538 r  fdtd_hdmi_bd_i/cordic_0/U0/i_synth/i_synth/gen_cordic.cordic_engine/gen_para_arch.gen_iteration[7].eng/data_slice/x_plus_y_shift/inst/i_baseblox.i_baseblox_addsub/no_pipelining.the_addsub/i_lut6.i_lut6_addsub/i_q.i_simple.qreg/i_no_async_controls.output_reg[3]/Q
                         net (fo=2, routed)           0.192    -0.347    fdtd_hdmi_bd_i/cordic_0/U0/i_synth/i_synth/gen_cordic.cordic_engine/gen_para_arch.gen_iteration[8].eng/data_slice/x_plus_y_shift/inst/i_baseblox.i_baseblox_addsub/no_pipelining.the_addsub/i_lut6.i_lut6_addsub/A[2]
    SLICE_X51Y64         CARRY4 (Prop_carry4_DI[2]_O[3])
                                                      0.127    -0.220 r  fdtd_hdmi_bd_i/cordic_0/U0/i_synth/i_synth/gen_cordic.cordic_engine/gen_para_arch.gen_iteration[8].eng/data_slice/x_plus_y_shift/inst/i_baseblox.i_baseblox_addsub/no_pipelining.the_addsub/i_lut6.i_lut6_addsub/i_simple_model.carrymux0_CARRY4/O[3]
                         net (fo=1, routed)           0.000    -0.220    fdtd_hdmi_bd_i/cordic_0/U0/i_synth/i_synth/gen_cordic.cordic_engine/gen_para_arch.gen_iteration[8].eng/data_slice/x_plus_y_shift/inst/i_baseblox.i_baseblox_addsub/no_pipelining.the_addsub/i_lut6.i_lut6_addsub/i_q.i_simple.qreg/D[3]
    SLICE_X51Y64         FDRE                                         r  fdtd_hdmi_bd_i/cordic_0/U0/i_synth/i_synth/gen_cordic.cordic_engine/gen_para_arch.gen_iteration[8].eng/data_slice/x_plus_y_shift/inst/i_baseblox.i_baseblox_addsub/no_pipelining.the_addsub/i_lut6.i_lut6_addsub/i_q.i_simple.qreg/i_no_async_controls.output_reg[4]/D
  -------------------------------------------------------------------    -------------------

                         (clock clk_out1_fdtd_hdmi_bd_clk_wiz_0_0 rise edge)
                                                      0.000     0.000 r  
    H16                                               0.000     0.000 r  clk (IN)
                         net (fo=0)                   0.000     0.000    fdtd_hdmi_bd_i/clk_wiz_0/inst/clk_in1
    H16                  IBUF (Prop_ibuf_I_O)         0.406     0.406 r  fdtd_hdmi_bd_i/clk_wiz_0/inst/clkin1_ibufg/O
                         net (fo=1, routed)           0.480     0.886    fdtd_hdmi_bd_i/clk_wiz_0/inst/clk_in1_fdtd_hdmi_bd_clk_wiz_0_0
    MMCME2_ADV_X1Y2      MMCME2_ADV (Prop_mmcme2_adv_CLKIN1_CLKOUT0)
                                                     -3.407    -2.521 r  fdtd_hdmi_bd_i/clk_wiz_0/inst/mmcm_adv_inst/CLKOUT0
                         net (fo=1, routed)           0.752    -1.769    fdtd_hdmi_bd_i/clk_wiz_0/inst/clk_out1_fdtd_hdmi_bd_clk_wiz_0_0
    BUFGCTRL_X0Y16       BUFG (Prop_bufg_I_O)         0.029    -1.740 r  fdtd_hdmi_bd_i/clk_wiz_0/inst/clkout1_buf/O
                         net (fo=3160, routed)        0.815    -0.925    fdtd_hdmi_bd_i/cordic_0/U0/i_synth/i_synth/gen_cordic.cordic_engine/gen_para_arch.gen_iteration[8].eng/data_slice/x_plus_y_shift/inst/i_baseblox.i_baseblox_addsub/no_pipelining.the_addsub/i_lut6.i_lut6_addsub/i_q.i_simple.qreg/CLK
    SLICE_X51Y64         FDRE                                         r  fdtd_hdmi_bd_i/cordic_0/U0/i_synth/i_synth/gen_cordic.cordic_engine/gen_para_arch.gen_iteration[8].eng/data_slice/x_plus_y_shift/inst/i_baseblox.i_baseblox_addsub/no_pipelining.the_addsub/i_lut6.i_lut6_addsub/i_q.i_simple.qreg/i_no_async_controls.output_reg[4]/C
                         clock pessimism              0.504    -0.421    
    SLICE_X51Y64         FDRE (Hold_fdre_C_D)         0.105    -0.316    fdtd_hdmi_bd_i/cordic_0/U0/i_synth/i_synth/gen_cordic.cordic_engine/gen_para_arch.gen_iteration[8].eng/data_slice/x_plus_y_shift/inst/i_baseblox.i_baseblox_addsub/no_pipelining.the_addsub/i_lut6.i_lut6_addsub/i_q.i_simple.qreg/i_no_async_controls.output_reg[4]
  -------------------------------------------------------------------
                         required time                          0.316    
                         arrival time                          -0.220    
  -------------------------------------------------------------------
                         slack                                  0.097    





Pulse Width Checks
--------------------------------------------------------------------------------------
Clock Name:         clk_out1_fdtd_hdmi_bd_clk_wiz_0_0
Waveform(ns):       { 0.000 20.000 }
Period(ns):         40.000
Sources:            { fdtd_hdmi_bd_i/clk_wiz_0/inst/mmcm_adv_inst/CLKOUT0 }

Check Type        Corner  Lib Pin             Reference Pin  Required(ns)  Actual(ns)  Slack(ns)  Location         Pin
Min Period        n/a     DSP48E1/CLK         n/a            3.884         40.000      36.116     DSP48_X1Y10      fdtd_hdmi_bd_i/fdtd_quad_0/inst/u_core/solver_0/fdtd_engine/u_bz/bz_cb_rounded/CLK
Min Period        n/a     DSP48E1/CLK         n/a            3.884         40.000      36.116     DSP48_X2Y14      fdtd_hdmi_bd_i/fdtd_quad_0/inst/u_core/solver_1/fdtd_engine/u_bz/bz_cb_rounded/CLK
Min Period        n/a     DSP48E1/CLK         n/a            3.884         40.000      36.116     DSP48_X2Y24      fdtd_hdmi_bd_i/fdtd_quad_0/inst/u_core/solver_2/fdtd_engine/u_bz/bz_cb_rounded/CLK
Min Period        n/a     DSP48E1/CLK         n/a            3.884         40.000      36.116     DSP48_X1Y4       fdtd_hdmi_bd_i/fdtd_quad_0/inst/u_core/solver_3/fdtd_engine/u_bz/bz_cb_rounded/CLK
Min Period        n/a     DSP48E1/CLK         n/a            3.687         40.000      36.313     DSP48_X0Y10      fdtd_hdmi_bd_i/fdtd_quad_0/inst/u_core/solver_0/fdtd_engine/u_bz/bz_ca_rounded/CLK
Min Period        n/a     DSP48E1/CLK         n/a            3.687         40.000      36.313     DSP48_X0Y9       fdtd_hdmi_bd_i/fdtd_quad_0/inst/u_core/solver_0/fdtd_engine/u_ex/ex_ca_rounded/CLK
Min Period        n/a     DSP48E1/CLK         n/a            3.687         40.000      36.313     DSP48_X1Y11      fdtd_hdmi_bd_i/fdtd_quad_0/inst/u_core/solver_0/fdtd_engine/u_ey/ey_ca_rounded/CLK
Min Period        n/a     DSP48E1/CLK         n/a            3.687         40.000      36.313     DSP48_X0Y13      fdtd_hdmi_bd_i/fdtd_quad_0/inst/u_core/solver_1/fdtd_engine/u_bz/bz_ca_rounded/CLK
Min Period        n/a     DSP48E1/CLK         n/a            3.687         40.000      36.313     DSP48_X0Y12      fdtd_hdmi_bd_i/fdtd_quad_0/inst/u_core/solver_1/fdtd_engine/u_ex/ex_ca_rounded/CLK
Min Period        n/a     DSP48E1/CLK         n/a            3.687         40.000      36.313     DSP48_X0Y11      fdtd_hdmi_bd_i/fdtd_quad_0/inst/u_core/solver_1/fdtd_engine/u_ey/ey_ca_rounded/CLK
Max Period        n/a     MMCME2_ADV/CLKOUT0  n/a            213.360       40.000      173.360    MMCME2_ADV_X1Y2  fdtd_hdmi_bd_i/clk_wiz_0/inst/mmcm_adv_inst/CLKOUT0
Low Pulse Width   Slow    SRL16E/CLK          n/a            0.980         20.000      19.020     SLICE_X30Y75     fdtd_hdmi_bd_i/cordic_0/U0/i_synth/i_nd_to_rdy/opt_has_pipe.i_pipe[16].pipe_reg[16][0]_srl15/CLK
Low Pulse Width   Fast    SRL16E/CLK          n/a            0.980         20.000      19.020     SLICE_X30Y75     fdtd_hdmi_bd_i/cordic_0/U0/i_synth/i_nd_to_rdy/opt_has_pipe.i_pipe[16].pipe_reg[16][0]_srl15/CLK
Low Pulse Width   Slow    SRL16E/CLK          n/a            0.980         20.000      19.020     SLICE_X38Y82     fdtd_hdmi_bd_i/cordic_0/U0/i_synth/i_synth/gen_cordic.cordic_engine/gen_para_arch.gen_iteration[14].eng/cntrl/cntrl_vect_dly/gen_rtl.gen_reg.d_reg_reg[0]_srl15/CLK
Low Pulse Width   Fast    SRL16E/CLK          n/a            0.980         20.000      19.020     SLICE_X38Y82     fdtd_hdmi_bd_i/cordic_0/U0/i_synth/i_synth/gen_cordic.cordic_engine/gen_para_arch.gen_iteration[14].eng/cntrl/cntrl_vect_dly/gen_rtl.gen_reg.d_reg_reg[0]_srl15/CLK
Low Pulse Width   Slow    SRLC32E/CLK         n/a            0.980         20.000      19.020     SLICE_X112Y115   fdtd_hdmi_bd_i/renderer_0/inst/u_impl/hsync_pipe_reg[127]_srl32____inst_u_impl_hsync_pipe_reg_s_131/CLK
Low Pulse Width   Fast    SRLC32E/CLK         n/a            0.980         20.000      19.020     SLICE_X112Y115   fdtd_hdmi_bd_i/renderer_0/inst/u_impl/hsync_pipe_reg[127]_srl32____inst_u_impl_hsync_pipe_reg_s_131/CLK
Low Pulse Width   Slow    SRLC32E/CLK         n/a            0.980         20.000      19.020     SLICE_X112Y115   fdtd_hdmi_bd_i/renderer_0/inst/u_impl/hsync_pipe_reg[159]_srl32____inst_u_impl_hsync_pipe_reg_s_163/CLK
Low Pulse Width   Fast    SRLC32E/CLK         n/a            0.980         20.000      19.020     SLICE_X112Y115   fdtd_hdmi_bd_i/renderer_0/inst/u_impl/hsync_pipe_reg[159]_srl32____inst_u_impl_hsync_pipe_reg_s_163/CLK
Low Pulse Width   Slow    SRL16E/CLK          n/a            0.980         20.000      19.020     SLICE_X112Y115   fdtd_hdmi_bd_i/renderer_0/inst/u_impl/hsync_pipe_reg[169]_srl10____inst_u_impl_hsync_pipe_reg_s_173/CLK
Low Pulse Width   Fast    SRL16E/CLK          n/a            0.980         20.000      19.020     SLICE_X112Y115   fdtd_hdmi_bd_i/renderer_0/inst/u_impl/hsync_pipe_reg[169]_srl10____inst_u_impl_hsync_pipe_reg_s_173/CLK
High Pulse Width  Slow    SRL16E/CLK          n/a            0.980         20.000      19.020     SLICE_X30Y75     fdtd_hdmi_bd_i/cordic_0/U0/i_synth/i_nd_to_rdy/opt_has_pipe.i_pipe[16].pipe_reg[16][0]_srl15/CLK
High Pulse Width  Fast    SRL16E/CLK          n/a            0.980         20.000      19.020     SLICE_X30Y75     fdtd_hdmi_bd_i/cordic_0/U0/i_synth/i_nd_to_rdy/opt_has_pipe.i_pipe[16].pipe_reg[16][0]_srl15/CLK
High Pulse Width  Slow    SRL16E/CLK          n/a            0.980         20.000      19.020     SLICE_X38Y82     fdtd_hdmi_bd_i/cordic_0/U0/i_synth/i_synth/gen_cordic.cordic_engine/gen_para_arch.gen_iteration[14].eng/cntrl/cntrl_vect_dly/gen_rtl.gen_reg.d_reg_reg[0]_srl15/CLK
High Pulse Width  Fast    SRL16E/CLK          n/a            0.980         20.000      19.020     SLICE_X38Y82     fdtd_hdmi_bd_i/cordic_0/U0/i_synth/i_synth/gen_cordic.cordic_engine/gen_para_arch.gen_iteration[14].eng/cntrl/cntrl_vect_dly/gen_rtl.gen_reg.d_reg_reg[0]_srl15/CLK
High Pulse Width  Slow    SRLC32E/CLK         n/a            0.980         20.000      19.020     SLICE_X112Y115   fdtd_hdmi_bd_i/renderer_0/inst/u_impl/hsync_pipe_reg[127]_srl32____inst_u_impl_hsync_pipe_reg_s_131/CLK
High Pulse Width  Fast    SRLC32E/CLK         n/a            0.980         20.000      19.020     SLICE_X112Y115   fdtd_hdmi_bd_i/renderer_0/inst/u_impl/hsync_pipe_reg[127]_srl32____inst_u_impl_hsync_pipe_reg_s_131/CLK
High Pulse Width  Slow    SRLC32E/CLK         n/a            0.980         20.000      19.020     SLICE_X112Y115   fdtd_hdmi_bd_i/renderer_0/inst/u_impl/hsync_pipe_reg[159]_srl32____inst_u_impl_hsync_pipe_reg_s_163/CLK
High Pulse Width  Fast    SRLC32E/CLK         n/a            0.980         20.000      19.020     SLICE_X112Y115   fdtd_hdmi_bd_i/renderer_0/inst/u_impl/hsync_pipe_reg[159]_srl32____inst_u_impl_hsync_pipe_reg_s_163/CLK
High Pulse Width  Slow    SRL16E/CLK          n/a            0.980         20.000      19.020     SLICE_X112Y115   fdtd_hdmi_bd_i/renderer_0/inst/u_impl/hsync_pipe_reg[169]_srl10____inst_u_impl_hsync_pipe_reg_s_173/CLK
High Pulse Width  Fast    SRL16E/CLK          n/a            0.980         20.000      19.020     SLICE_X112Y115   fdtd_hdmi_bd_i/renderer_0/inst/u_impl/hsync_pipe_reg[169]_srl10____inst_u_impl_hsync_pipe_reg_s_173/CLK



---------------------------------------------------------------------------------------------------
From Clock:  clk_out2_fdtd_hdmi_bd_clk_wiz_0_0
  To Clock:  clk_out2_fdtd_hdmi_bd_clk_wiz_0_0

Setup :           NA  Failing Endpoints,  Worst Slack           NA  ,  Total Violation           NA
Hold  :           NA  Failing Endpoints,  Worst Slack           NA  ,  Total Violation           NA
PW    :            0  Failing Endpoints,  Worst Slack        5.845ns,  Total Violation        0.000ns
---------------------------------------------------------------------------------------------------


Pulse Width Checks
--------------------------------------------------------------------------------------
Clock Name:         clk_out2_fdtd_hdmi_bd_clk_wiz_0_0
Waveform(ns):       { 0.000 4.000 }
Period(ns):         8.000
Sources:            { fdtd_hdmi_bd_i/clk_wiz_0/inst/mmcm_adv_inst/CLKOUT1 }

Check Type  Corner  Lib Pin             Reference Pin  Required(ns)  Actual(ns)  Slack(ns)  Location         Pin
Min Period  n/a     BUFG/I              n/a            2.155         8.000       5.845      BUFGCTRL_X0Y18   fdtd_hdmi_bd_i/clk_wiz_0/inst/clkout2_buf/I
Min Period  n/a     OSERDESE2/CLK       n/a            1.667         8.000       6.333      OLOGIC_X1Y128    fdtd_hdmi_bd_i/rgb2dvi_0/U0/ClockSerializer/SerializerMaster/CLK
Min Period  n/a     OSERDESE2/CLK       n/a            1.667         8.000       6.333      OLOGIC_X1Y127    fdtd_hdmi_bd_i/rgb2dvi_0/U0/ClockSerializer/SerializerSlave/CLK
Min Period  n/a     OSERDESE2/CLK       n/a            1.667         8.000       6.333      OLOGIC_X1Y126    fdtd_hdmi_bd_i/rgb2dvi_0/U0/DataEncoders[0].DataSerializer/SerializerMaster/CLK
Min Period  n/a     OSERDESE2/CLK       n/a            1.667         8.000       6.333      OLOGIC_X1Y125    fdtd_hdmi_bd_i/rgb2dvi_0/U0/DataEncoders[0].DataSerializer/SerializerSlave/CLK
Min Period  n/a     OSERDESE2/CLK       n/a            1.667         8.000       6.333      OLOGIC_X1Y130    fdtd_hdmi_bd_i/rgb2dvi_0/U0/DataEncoders[1].DataSerializer/SerializerMaster/CLK
Min Period  n/a     OSERDESE2/CLK       n/a            1.667         8.000       6.333      OLOGIC_X1Y129    fdtd_hdmi_bd_i/rgb2dvi_0/U0/DataEncoders[1].DataSerializer/SerializerSlave/CLK
Min Period  n/a     OSERDESE2/CLK       n/a            1.667         8.000       6.333      OLOGIC_X1Y122    fdtd_hdmi_bd_i/rgb2dvi_0/U0/DataEncoders[2].DataSerializer/SerializerMaster/CLK
Min Period  n/a     OSERDESE2/CLK       n/a            1.667         8.000       6.333      OLOGIC_X1Y121    fdtd_hdmi_bd_i/rgb2dvi_0/U0/DataEncoders[2].DataSerializer/SerializerSlave/CLK
Min Period  n/a     MMCME2_ADV/CLKOUT1  n/a            1.249         8.000       6.751      MMCME2_ADV_X1Y2  fdtd_hdmi_bd_i/clk_wiz_0/inst/mmcm_adv_inst/CLKOUT1
Max Period  n/a     MMCME2_ADV/CLKOUT1  n/a            213.360       8.000       205.360    MMCME2_ADV_X1Y2  fdtd_hdmi_bd_i/clk_wiz_0/inst/mmcm_adv_inst/CLKOUT1



---------------------------------------------------------------------------------------------------
From Clock:  clk_out3_fdtd_hdmi_bd_clk_wiz_0_0
  To Clock:  clk_out3_fdtd_hdmi_bd_clk_wiz_0_0

Setup :            0  Failing Endpoints,  Worst Slack        0.298ns,  Total Violation        0.000ns
Hold  :            0  Failing Endpoints,  Worst Slack        0.023ns,  Total Violation        0.000ns
PW    :            0  Failing Endpoints,  Worst Slack        4.020ns,  Total Violation        0.000ns
---------------------------------------------------------------------------------------------------


Max Delay Paths
--------------------------------------------------------------------------------------
Slack (MET) :             0.298ns  (required time - arrival time)
  Source:                 fdtd_hdmi_bd_i/renderer_0/inst/u_impl/u_ray_unit/u_marcher/g_march[31].u_step/h_bot_D1/CLK
                            (rising edge-triggered cell DSP48E1 clocked by clk_out3_fdtd_hdmi_bd_clk_wiz_0_0  {rise@0.000ns fall@5.000ns period=10.000ns})
  Destination:            fdtd_hdmi_bd_i/renderer_0/inst/u_impl/u_ray_unit/u_marcher/g_march[31].u_step/h_interp_D21/D[16]
                            (rising edge-triggered cell DSP48E1 clocked by clk_out3_fdtd_hdmi_bd_clk_wiz_0_0  {rise@0.000ns fall@5.000ns period=10.000ns})
  Path Group:             clk_out3_fdtd_hdmi_bd_clk_wiz_0_0
  Path Type:              Setup (Max at Slow Process Corner)
  Requirement:            10.000ns  (clk_out3_fdtd_hdmi_bd_clk_wiz_0_0 rise@10.000ns - clk_out3_fdtd_hdmi_bd_clk_wiz_0_0 rise@0.000ns)
  Data Path Delay:        8.891ns  (logic 6.337ns (71.271%)  route 2.554ns (28.729%))
  Logic Levels:           3  (CARRY4=2 LUT2=1)
  Clock Path Skew:        -0.144ns (DCD - SCD + CPR)
    Destination Clock Delay (DCD):    -1.584ns = ( 8.416 - 10.000 ) 
    Source Clock Delay      (SCD):    -0.873ns
    Clock Pessimism Removal (CPR):    0.567ns
  Clock Uncertainty:      0.072ns  ((TSJ^2 + DJ^2)^1/2) / 2 + PE
    Total System Jitter     (TSJ):    0.071ns
    Discrete Jitter          (DJ):    0.125ns
    Phase Error              (PE):    0.000ns

    Location             Delay type                Incr(ns)  Path(ns)    Netlist Resource(s)
  -------------------------------------------------------------------    -------------------
                         (clock clk_out3_fdtd_hdmi_bd_clk_wiz_0_0 rise edge)
                                                      0.000     0.000 r  
    H16                                               0.000     0.000 r  clk (IN)
                         net (fo=0)                   0.000     0.000    fdtd_hdmi_bd_i/clk_wiz_0/inst/clk_in1
    H16                  IBUF (Prop_ibuf_I_O)         1.451     1.451 r  fdtd_hdmi_bd_i/clk_wiz_0/inst/clkin1_ibufg/O
                         net (fo=1, routed)           1.285     2.736    fdtd_hdmi_bd_i/clk_wiz_0/inst/clk_in1_fdtd_hdmi_bd_clk_wiz_0_0
    MMCME2_ADV_X1Y2      MMCME2_ADV (Prop_mmcme2_adv_CLKIN1_CLKOUT2)
                                                     -7.759    -5.023 r  fdtd_hdmi_bd_i/clk_wiz_0/inst/mmcm_adv_inst/CLKOUT2
                         net (fo=1, routed)           2.206    -2.817    fdtd_hdmi_bd_i/clk_wiz_0/inst/clk_out3_fdtd_hdmi_bd_clk_wiz_0_0
    BUFGCTRL_X0Y19       BUFG (Prop_bufg_I_O)         0.101    -2.716 r  fdtd_hdmi_bd_i/clk_wiz_0/inst/clkout3_buf/O
                         net (fo=28854, routed)       1.844    -0.873    fdtd_hdmi_bd_i/renderer_0/inst/u_impl/u_ray_unit/u_marcher/g_march[31].u_step/clk_core
    DSP48_X0Y15          DSP48E1                                      r  fdtd_hdmi_bd_i/renderer_0/inst/u_impl/u_ray_unit/u_marcher/g_march[31].u_step/h_bot_D1/CLK
  -------------------------------------------------------------------    -------------------
    DSP48_X0Y15          DSP48E1 (Prop_dsp48e1_CLK_P[16])
                                                      5.368     4.495 r  fdtd_hdmi_bd_i/renderer_0/inst/u_impl/u_ray_unit/u_marcher/g_march[31].u_step/h_bot_D1/P[16]
                         net (fo=1, routed)           1.367     5.862    fdtd_hdmi_bd_i/renderer_0/inst/u_impl/u_ray_unit/u_marcher/g_march[31].u_step/p_0_in0_in[8]
    SLICE_X28Y39         LUT2 (Prop_lut2_I1_O)        0.124     5.986 r  fdtd_hdmi_bd_i/renderer_0/inst/u_impl/u_ray_unit/u_marcher/g_march[31].u_step/h_interp_D21_i_12__30/O
                         net (fo=1, routed)           0.000     5.986    fdtd_hdmi_bd_i/renderer_0/inst/u_impl/u_ray_unit/u_marcher/g_march[31].u_step/h_interp_D21_i_12__30_n_0
    SLICE_X28Y39         CARRY4 (Prop_carry4_S[0]_CO[3])
                                                      0.532     6.518 r  fdtd_hdmi_bd_i/renderer_0/inst/u_impl/u_ray_unit/u_marcher/g_march[31].u_step/h_interp_D21_i_2__30/CO[3]
                         net (fo=1, routed)           0.000     6.518    fdtd_hdmi_bd_i/renderer_0/inst/u_impl/u_ray_unit/u_marcher/g_march[31].u_step/h_interp_D21_i_2__30_n_0
    SLICE_X28Y40         CARRY4 (Prop_carry4_CI_O[3])
                                                      0.313     6.831 r  fdtd_hdmi_bd_i/renderer_0/inst/u_impl/u_ray_unit/u_marcher/g_march[31].u_step/h_interp_D21_i_1__30/O[3]
                         net (fo=10, routed)          1.188     8.019    fdtd_hdmi_bd_i/renderer_0/inst/u_impl/u_ray_unit/u_marcher/g_march[31].u_step/D_0[15]
    DSP48_X2Y16          DSP48E1                                      r  fdtd_hdmi_bd_i/renderer_0/inst/u_impl/u_ray_unit/u_marcher/g_march[31].u_step/h_interp_D21/D[16]
  -------------------------------------------------------------------    -------------------

                         (clock clk_out3_fdtd_hdmi_bd_clk_wiz_0_0 rise edge)
                                                     10.000    10.000 r  
    H16                                               0.000    10.000 r  clk (IN)
                         net (fo=0)                   0.000    10.000    fdtd_hdmi_bd_i/clk_wiz_0/inst/clk_in1
    H16                  IBUF (Prop_ibuf_I_O)         1.380    11.380 r  fdtd_hdmi_bd_i/clk_wiz_0/inst/clkin1_ibufg/O
                         net (fo=1, routed)           1.162    12.542    fdtd_hdmi_bd_i/clk_wiz_0/inst/clk_in1_fdtd_hdmi_bd_clk_wiz_0_0
    MMCME2_ADV_X1Y2      MMCME2_ADV (Prop_mmcme2_adv_CLKIN1_CLKOUT2)
                                                     -7.814     4.728 r  fdtd_hdmi_bd_i/clk_wiz_0/inst/mmcm_adv_inst/CLKOUT2
                         net (fo=1, routed)           2.012     6.740    fdtd_hdmi_bd_i/clk_wiz_0/inst/clk_out3_fdtd_hdmi_bd_clk_wiz_0_0
    BUFGCTRL_X0Y19       BUFG (Prop_bufg_I_O)         0.091     6.831 r  fdtd_hdmi_bd_i/clk_wiz_0/inst/clkout3_buf/O
                         net (fo=28854, routed)       1.585     8.416    fdtd_hdmi_bd_i/renderer_0/inst/u_impl/u_ray_unit/u_marcher/g_march[31].u_step/clk_core
    DSP48_X2Y16          DSP48E1                                      r  fdtd_hdmi_bd_i/renderer_0/inst/u_impl/u_ray_unit/u_marcher/g_march[31].u_step/h_interp_D21/CLK
                         clock pessimism              0.567     8.983    
                         clock uncertainty           -0.072     8.912    
    DSP48_X2Y16          DSP48E1 (Setup_dsp48e1_CLK_D[16])
                                                     -0.595     8.317    fdtd_hdmi_bd_i/renderer_0/inst/u_impl/u_ray_unit/u_marcher/g_march[31].u_step/h_interp_D21
  -------------------------------------------------------------------
                         required time                          8.317    
                         arrival time                          -8.019    
  -------------------------------------------------------------------
                         slack                                  0.298    

Slack (MET) :             0.324ns  (required time - arrival time)
  Source:                 fdtd_hdmi_bd_i/renderer_0/inst/u_impl/u_ray_unit/u_marcher/g_march[10].u_step/h_bot_D1/CLK
                            (rising edge-triggered cell DSP48E1 clocked by clk_out3_fdtd_hdmi_bd_clk_wiz_0_0  {rise@0.000ns fall@5.000ns period=10.000ns})
  Destination:            fdtd_hdmi_bd_i/renderer_0/inst/u_impl/u_ray_unit/u_marcher/g_march[10].u_step/h_interp_D21/D[24]
                            (rising edge-triggered cell DSP48E1 clocked by clk_out3_fdtd_hdmi_bd_clk_wiz_0_0  {rise@0.000ns fall@5.000ns period=10.000ns})
  Path Group:             clk_out3_fdtd_hdmi_bd_clk_wiz_0_0
  Path Type:              Setup (Max at Slow Process Corner)
  Requirement:            10.000ns  (clk_out3_fdtd_hdmi_bd_clk_wiz_0_0 rise@10.000ns - clk_out3_fdtd_hdmi_bd_clk_wiz_0_0 rise@0.000ns)
  Data Path Delay:        8.863ns  (logic 6.355ns (71.704%)  route 2.508ns (28.296%))
  Logic Levels:           3  (CARRY4=2 LUT2=1)
  Clock Path Skew:        -0.146ns (DCD - SCD + CPR)
    Destination Clock Delay (DCD):    -1.583ns = ( 8.417 - 10.000 ) 
    Source Clock Delay      (SCD):    -0.870ns
    Clock Pessimism Removal (CPR):    0.567ns
  Clock Uncertainty:      0.072ns  ((TSJ^2 + DJ^2)^1/2) / 2 + PE
    Total System Jitter     (TSJ):    0.071ns
    Discrete Jitter          (DJ):    0.125ns
    Phase Error              (PE):    0.000ns

    Location             Delay type                Incr(ns)  Path(ns)    Netlist Resource(s)
  -------------------------------------------------------------------    -------------------
                         (clock clk_out3_fdtd_hdmi_bd_clk_wiz_0_0 rise edge)
                                                      0.000     0.000 r  
    H16                                               0.000     0.000 r  clk (IN)
                         net (fo=0)                   0.000     0.000    fdtd_hdmi_bd_i/clk_wiz_0/inst/clk_in1
    H16                  IBUF (Prop_ibuf_I_O)         1.451     1.451 r  fdtd_hdmi_bd_i/clk_wiz_0/inst/clkin1_ibufg/O
                         net (fo=1, routed)           1.285     2.736    fdtd_hdmi_bd_i/clk_wiz_0/inst/clk_in1_fdtd_hdmi_bd_clk_wiz_0_0
    MMCME2_ADV_X1Y2      MMCME2_ADV (Prop_mmcme2_adv_CLKIN1_CLKOUT2)
                                                     -7.759    -5.023 r  fdtd_hdmi_bd_i/clk_wiz_0/inst/mmcm_adv_inst/CLKOUT2
                         net (fo=1, routed)           2.206    -2.817    fdtd_hdmi_bd_i/clk_wiz_0/inst/clk_out3_fdtd_hdmi_bd_clk_wiz_0_0
    BUFGCTRL_X0Y19       BUFG (Prop_bufg_I_O)         0.101    -2.716 r  fdtd_hdmi_bd_i/clk_wiz_0/inst/clkout3_buf/O
                         net (fo=28854, routed)       1.847    -0.870    fdtd_hdmi_bd_i/renderer_0/inst/u_impl/u_ray_unit/u_marcher/g_march[10].u_step/clk_core
    DSP48_X0Y2           DSP48E1                                      r  fdtd_hdmi_bd_i/renderer_0/inst/u_impl/u_ray_unit/u_marcher/g_march[10].u_step/h_bot_D1/CLK
  -------------------------------------------------------------------    -------------------
    DSP48_X0Y2           DSP48E1 (Prop_dsp48e1_CLK_P[17])
                                                      5.368     4.498 r  fdtd_hdmi_bd_i/renderer_0/inst/u_impl/u_ray_unit/u_marcher/g_march[10].u_step/h_bot_D1/P[17]
                         net (fo=1, routed)           1.616     6.114    fdtd_hdmi_bd_i/renderer_0/inst/u_impl/u_ray_unit/u_marcher/g_march[10].u_step/p_0_in0_in[9]
    SLICE_X35Y7          LUT2 (Prop_lut2_I1_O)        0.124     6.238 r  fdtd_hdmi_bd_i/renderer_0/inst/u_impl/u_ray_unit/u_marcher/g_march[10].u_step/h_interp_D21_i_11__9/O
                         net (fo=1, routed)           0.000     6.238    fdtd_hdmi_bd_i/renderer_0/inst/u_impl/u_ray_unit/u_marcher/g_march[10].u_step/h_interp_D21_i_11__9_n_0
    SLICE_X35Y7          CARRY4 (Prop_carry4_S[1]_CO[3])
                                                      0.550     6.788 r  fdtd_hdmi_bd_i/renderer_0/inst/u_impl/u_ray_unit/u_marcher/g_march[10].u_step/h_interp_D21_i_2__9/CO[3]
                         net (fo=1, routed)           0.000     6.788    fdtd_hdmi_bd_i/renderer_0/inst/u_impl/u_ray_unit/u_marcher/g_march[10].u_step/h_interp_D21_i_2__9_n_0
    SLICE_X35Y8          CARRY4 (Prop_carry4_CI_O[3])
                                                      0.313     7.101 r  fdtd_hdmi_bd_i/renderer_0/inst/u_impl/u_ray_unit/u_marcher/g_march[10].u_step/h_interp_D21_i_1__9/O[3]
                         net (fo=10, routed)          0.892     7.993    fdtd_hdmi_bd_i/renderer_0/inst/u_impl/u_ray_unit/u_marcher/g_march[10].u_step/D[15]
    DSP48_X2Y2           DSP48E1                                      r  fdtd_hdmi_bd_i/renderer_0/inst/u_impl/u_ray_unit/u_marcher/g_march[10].u_step/h_interp_D21/D[24]
  -------------------------------------------------------------------    -------------------

                         (clock clk_out3_fdtd_hdmi_bd_clk_wiz_0_0 rise edge)
                                                     10.000    10.000 r  
    H16                                               0.000    10.000 r  clk (IN)
                         net (fo=0)                   0.000    10.000    fdtd_hdmi_bd_i/clk_wiz_0/inst/clk_in1
    H16                  IBUF (Prop_ibuf_I_O)         1.380    11.380 r  fdtd_hdmi_bd_i/clk_wiz_0/inst/clkin1_ibufg/O
                         net (fo=1, routed)           1.162    12.542    fdtd_hdmi_bd_i/clk_wiz_0/inst/clk_in1_fdtd_hdmi_bd_clk_wiz_0_0
    MMCME2_ADV_X1Y2      MMCME2_ADV (Prop_mmcme2_adv_CLKIN1_CLKOUT2)
                                                     -7.814     4.728 r  fdtd_hdmi_bd_i/clk_wiz_0/inst/mmcm_adv_inst/CLKOUT2
                         net (fo=1, routed)           2.012     6.740    fdtd_hdmi_bd_i/clk_wiz_0/inst/clk_out3_fdtd_hdmi_bd_clk_wiz_0_0
    BUFGCTRL_X0Y19       BUFG (Prop_bufg_I_O)         0.091     6.831 r  fdtd_hdmi_bd_i/clk_wiz_0/inst/clkout3_buf/O
                         net (fo=28854, routed)       1.586     8.417    fdtd_hdmi_bd_i/renderer_0/inst/u_impl/u_ray_unit/u_marcher/g_march[10].u_step/clk_core
    DSP48_X2Y2           DSP48E1                                      r  fdtd_hdmi_bd_i/renderer_0/inst/u_impl/u_ray_unit/u_marcher/g_march[10].u_step/h_interp_D21/CLK
                         clock pessimism              0.567     8.984    
                         clock uncertainty           -0.072     8.913    
    DSP48_X2Y2           DSP48E1 (Setup_dsp48e1_CLK_D[24])
                                                     -0.595     8.318    fdtd_hdmi_bd_i/renderer_0/inst/u_impl/u_ray_unit/u_marcher/g_march[10].u_step/h_interp_D21
  -------------------------------------------------------------------
                         required time                          8.318    
                         arrival time                          -7.993    
  -------------------------------------------------------------------
                         slack                                  0.324    

Slack (MET) :             0.328ns  (required time - arrival time)
  Source:                 fdtd_hdmi_bd_i/renderer_0/inst/u_impl/u_ray_unit/u_marcher/g_march[31].u_step/h_bot_D1/CLK
                            (rising edge-triggered cell DSP48E1 clocked by clk_out3_fdtd_hdmi_bd_clk_wiz_0_0  {rise@0.000ns fall@5.000ns period=10.000ns})
  Destination:            fdtd_hdmi_bd_i/renderer_0/inst/u_impl/u_ray_unit/u_marcher/g_march[31].u_step/h_interp_D21/D[23]
                            (rising edge-triggered cell DSP48E1 clocked by clk_out3_fdtd_hdmi_bd_clk_wiz_0_0  {rise@0.000ns fall@5.000ns period=10.000ns})
  Path Group:             clk_out3_fdtd_hdmi_bd_clk_wiz_0_0
  Path Type:              Setup (Max at Slow Process Corner)
  Requirement:            10.000ns  (clk_out3_fdtd_hdmi_bd_clk_wiz_0_0 rise@10.000ns - clk_out3_fdtd_hdmi_bd_clk_wiz_0_0 rise@0.000ns)
  Data Path Delay:        8.862ns  (logic 6.337ns (71.511%)  route 2.525ns (28.489%))
  Logic Levels:           3  (CARRY4=2 LUT2=1)
  Clock Path Skew:        -0.144ns (DCD - SCD + CPR)
    Destination Clock Delay (DCD):    -1.584ns = ( 8.416 - 10.000 ) 
    Source Clock Delay      (SCD):    -0.873ns
    Clock Pessimism Removal (CPR):    0.567ns
  Clock Uncertainty:      0.072ns  ((TSJ^2 + DJ^2)^1/2) / 2 + PE
    Total System Jitter     (TSJ):    0.071ns
    Discrete Jitter          (DJ):    0.125ns
    Phase Error              (PE):    0.000ns

    Location             Delay type                Incr(ns)  Path(ns)    Netlist Resource(s)
  -------------------------------------------------------------------    -------------------
                         (clock clk_out3_fdtd_hdmi_bd_clk_wiz_0_0 rise edge)
                                                      0.000     0.000 r  
    H16                                               0.000     0.000 r  clk (IN)
                         net (fo=0)                   0.000     0.000    fdtd_hdmi_bd_i/clk_wiz_0/inst/clk_in1
    H16                  IBUF (Prop_ibuf_I_O)         1.451     1.451 r  fdtd_hdmi_bd_i/clk_wiz_0/inst/clkin1_ibufg/O
                         net (fo=1, routed)           1.285     2.736    fdtd_hdmi_bd_i/clk_wiz_0/inst/clk_in1_fdtd_hdmi_bd_clk_wiz_0_0
    MMCME2_ADV_X1Y2      MMCME2_ADV (Prop_mmcme2_adv_CLKIN1_CLKOUT2)
                                                     -7.759    -5.023 r  fdtd_hdmi_bd_i/clk_wiz_0/inst/mmcm_adv_inst/CLKOUT2
                         net (fo=1, routed)           2.206    -2.817    fdtd_hdmi_bd_i/clk_wiz_0/inst/clk_out3_fdtd_hdmi_bd_clk_wiz_0_0
    BUFGCTRL_X0Y19       BUFG (Prop_bufg_I_O)         0.101    -2.716 r  fdtd_hdmi_bd_i/clk_wiz_0/inst/clkout3_buf/O
                         net (fo=28854, routed)       1.844    -0.873    fdtd_hdmi_bd_i/renderer_0/inst/u_impl/u_ray_unit/u_marcher/g_march[31].u_step/clk_core
    DSP48_X0Y15          DSP48E1                                      r  fdtd_hdmi_bd_i/renderer_0/inst/u_impl/u_ray_unit/u_marcher/g_march[31].u_step/h_bot_D1/CLK
  -------------------------------------------------------------------    -------------------
    DSP48_X0Y15          DSP48E1 (Prop_dsp48e1_CLK_P[16])
                                                      5.368     4.495 r  fdtd_hdmi_bd_i/renderer_0/inst/u_impl/u_ray_unit/u_marcher/g_march[31].u_step/h_bot_D1/P[16]
                         net (fo=1, routed)           1.367     5.862    fdtd_hdmi_bd_i/renderer_0/inst/u_impl/u_ray_unit/u_marcher/g_march[31].u_step/p_0_in0_in[8]
    SLICE_X28Y39         LUT2 (Prop_lut2_I1_O)        0.124     5.986 r  fdtd_hdmi_bd_i/renderer_0/inst/u_impl/u_ray_unit/u_marcher/g_march[31].u_step/h_interp_D21_i_12__30/O
                         net (fo=1, routed)           0.000     5.986    fdtd_hdmi_bd_i/renderer_0/inst/u_impl/u_ray_unit/u_marcher/g_march[31].u_step/h_interp_D21_i_12__30_n_0
    SLICE_X28Y39         CARRY4 (Prop_carry4_S[0]_CO[3])
                                                      0.532     6.518 r  fdtd_hdmi_bd_i/renderer_0/inst/u_impl/u_ray_unit/u_marcher/g_march[31].u_step/h_interp_D21_i_2__30/CO[3]
                         net (fo=1, routed)           0.000     6.518    fdtd_hdmi_bd_i/renderer_0/inst/u_impl/u_ray_unit/u_marcher/g_march[31].u_step/h_interp_D21_i_2__30_n_0
    SLICE_X28Y40         CARRY4 (Prop_carry4_CI_O[3])
                                                      0.313     6.831 r  fdtd_hdmi_bd_i/renderer_0/inst/u_impl/u_ray_unit/u_marcher/g_march[31].u_step/h_interp_D21_i_1__30/O[3]
                         net (fo=10, routed)          1.158     7.989    fdtd_hdmi_bd_i/renderer_0/inst/u_impl/u_ray_unit/u_marcher/g_march[31].u_step/D_0[15]
    DSP48_X2Y16          DSP48E1                                      r  fdtd_hdmi_bd_i/renderer_0/inst/u_impl/u_ray_unit/u_marcher/g_march[31].u_step/h_interp_D21/D[23]
  -------------------------------------------------------------------    -------------------

                         (clock clk_out3_fdtd_hdmi_bd_clk_wiz_0_0 rise edge)
                                                     10.000    10.000 r  
    H16                                               0.000    10.000 r  clk (IN)
                         net (fo=0)                   0.000    10.000    fdtd_hdmi_bd_i/clk_wiz_0/inst/clk_in1
    H16                  IBUF (Prop_ibuf_I_O)         1.380    11.380 r  fdtd_hdmi_bd_i/clk_wiz_0/inst/clkin1_ibufg/O
                         net (fo=1, routed)           1.162    12.542    fdtd_hdmi_bd_i/clk_wiz_0/inst/clk_in1_fdtd_hdmi_bd_clk_wiz_0_0
    MMCME2_ADV_X1Y2      MMCME2_ADV (Prop_mmcme2_adv_CLKIN1_CLKOUT2)
                                                     -7.814     4.728 r  fdtd_hdmi_bd_i/clk_wiz_0/inst/mmcm_adv_inst/CLKOUT2
                         net (fo=1, routed)           2.012     6.740    fdtd_hdmi_bd_i/clk_wiz_0/inst/clk_out3_fdtd_hdmi_bd_clk_wiz_0_0
    BUFGCTRL_X0Y19       BUFG (Prop_bufg_I_O)         0.091     6.831 r  fdtd_hdmi_bd_i/clk_wiz_0/inst/clkout3_buf/O
                         net (fo=28854, routed)       1.585     8.416    fdtd_hdmi_bd_i/renderer_0/inst/u_impl/u_ray_unit/u_marcher/g_march[31].u_step/clk_core
    DSP48_X2Y16          DSP48E1                                      r  fdtd_hdmi_bd_i/renderer_0/inst/u_impl/u_ray_unit/u_marcher/g_march[31].u_step/h_interp_D21/CLK
                         clock pessimism              0.567     8.983    
                         clock uncertainty           -0.072     8.912    
    DSP48_X2Y16          DSP48E1 (Setup_dsp48e1_CLK_D[23])
                                                     -0.595     8.317    fdtd_hdmi_bd_i/renderer_0/inst/u_impl/u_ray_unit/u_marcher/g_march[31].u_step/h_interp_D21
  -------------------------------------------------------------------
                         required time                          8.317    
                         arrival time                          -7.989    
  -------------------------------------------------------------------
                         slack                                  0.328    

Slack (MET) :             0.331ns  (required time - arrival time)
  Source:                 fdtd_hdmi_bd_i/renderer_0/inst/u_impl/u_ray_unit/u_marcher/g_march[10].u_step/h_bot_D1/CLK
                            (rising edge-triggered cell DSP48E1 clocked by clk_out3_fdtd_hdmi_bd_clk_wiz_0_0  {rise@0.000ns fall@5.000ns period=10.000ns})
  Destination:            fdtd_hdmi_bd_i/renderer_0/inst/u_impl/u_ray_unit/u_marcher/g_march[10].u_step/h_interp_D21/D[20]
                            (rising edge-triggered cell DSP48E1 clocked by clk_out3_fdtd_hdmi_bd_clk_wiz_0_0  {rise@0.000ns fall@5.000ns period=10.000ns})
  Path Group:             clk_out3_fdtd_hdmi_bd_clk_wiz_0_0
  Path Type:              Setup (Max at Slow Process Corner)
  Requirement:            10.000ns  (clk_out3_fdtd_hdmi_bd_clk_wiz_0_0 rise@10.000ns - clk_out3_fdtd_hdmi_bd_clk_wiz_0_0 rise@0.000ns)
  Data Path Delay:        8.856ns  (logic 6.355ns (71.758%)  route 2.501ns (28.242%))
  Logic Levels:           3  (CARRY4=2 LUT2=1)
  Clock Path Skew:        -0.146ns (DCD - SCD + CPR)
    Destination Clock Delay (DCD):    -1.583ns = ( 8.417 - 10.000 ) 
    Source Clock Delay      (SCD):    -0.870ns
    Clock Pessimism Removal (CPR):    0.567ns
  Clock Uncertainty:      0.072ns  ((TSJ^2 + DJ^2)^1/2) / 2 + PE
    Total System Jitter     (TSJ):    0.071ns
    Discrete Jitter          (DJ):    0.125ns
    Phase Error              (PE):    0.000ns

    Location             Delay type                Incr(ns)  Path(ns)    Netlist Resource(s)
  -------------------------------------------------------------------    -------------------
                         (clock clk_out3_fdtd_hdmi_bd_clk_wiz_0_0 rise edge)
                                                      0.000     0.000 r  
    H16                                               0.000     0.000 r  clk (IN)
                         net (fo=0)                   0.000     0.000    fdtd_hdmi_bd_i/clk_wiz_0/inst/clk_in1
    H16                  IBUF (Prop_ibuf_I_O)         1.451     1.451 r  fdtd_hdmi_bd_i/clk_wiz_0/inst/clkin1_ibufg/O
                         net (fo=1, routed)           1.285     2.736    fdtd_hdmi_bd_i/clk_wiz_0/inst/clk_in1_fdtd_hdmi_bd_clk_wiz_0_0
    MMCME2_ADV_X1Y2      MMCME2_ADV (Prop_mmcme2_adv_CLKIN1_CLKOUT2)
                                                     -7.759    -5.023 r  fdtd_hdmi_bd_i/clk_wiz_0/inst/mmcm_adv_inst/CLKOUT2
                         net (fo=1, routed)           2.206    -2.817    fdtd_hdmi_bd_i/clk_wiz_0/inst/clk_out3_fdtd_hdmi_bd_clk_wiz_0_0
    BUFGCTRL_X0Y19       BUFG (Prop_bufg_I_O)         0.101    -2.716 r  fdtd_hdmi_bd_i/clk_wiz_0/inst/clkout3_buf/O
                         net (fo=28854, routed)       1.847    -0.870    fdtd_hdmi_bd_i/renderer_0/inst/u_impl/u_ray_unit/u_marcher/g_march[10].u_step/clk_core
    DSP48_X0Y2           DSP48E1                                      r  fdtd_hdmi_bd_i/renderer_0/inst/u_impl/u_ray_unit/u_marcher/g_march[10].u_step/h_bot_D1/CLK
  -------------------------------------------------------------------    -------------------
    DSP48_X0Y2           DSP48E1 (Prop_dsp48e1_CLK_P[17])
                                                      5.368     4.498 r  fdtd_hdmi_bd_i/renderer_0/inst/u_impl/u_ray_unit/u_marcher/g_march[10].u_step/h_bot_D1/P[17]
                         net (fo=1, routed)           1.616     6.114    fdtd_hdmi_bd_i/renderer_0/inst/u_impl/u_ray_unit/u_marcher/g_march[10].u_step/p_0_in0_in[9]
    SLICE_X35Y7          LUT2 (Prop_lut2_I1_O)        0.124     6.238 r  fdtd_hdmi_bd_i/renderer_0/inst/u_impl/u_ray_unit/u_marcher/g_march[10].u_step/h_interp_D21_i_11__9/O
                         net (fo=1, routed)           0.000     6.238    fdtd_hdmi_bd_i/renderer_0/inst/u_impl/u_ray_unit/u_marcher/g_march[10].u_step/h_interp_D21_i_11__9_n_0
    SLICE_X35Y7          CARRY4 (Prop_carry4_S[1]_CO[3])
                                                      0.550     6.788 r  fdtd_hdmi_bd_i/renderer_0/inst/u_impl/u_ray_unit/u_marcher/g_march[10].u_step/h_interp_D21_i_2__9/CO[3]
                         net (fo=1, routed)           0.000     6.788    fdtd_hdmi_bd_i/renderer_0/inst/u_impl/u_ray_unit/u_marcher/g_march[10].u_step/h_interp_D21_i_2__9_n_0
    SLICE_X35Y8          CARRY4 (Prop_carry4_CI_O[3])
                                                      0.313     7.101 r  fdtd_hdmi_bd_i/renderer_0/inst/u_impl/u_ray_unit/u_marcher/g_march[10].u_step/h_interp_D21_i_1__9/O[3]
                         net (fo=10, routed)          0.885     7.986    fdtd_hdmi_bd_i/renderer_0/inst/u_impl/u_ray_unit/u_marcher/g_march[10].u_step/D[15]
    DSP48_X2Y2           DSP48E1                                      r  fdtd_hdmi_bd_i/renderer_0/inst/u_impl/u_ray_unit/u_marcher/g_march[10].u_step/h_interp_D21/D[20]
  -------------------------------------------------------------------    -------------------

                         (clock clk_out3_fdtd_hdmi_bd_clk_wiz_0_0 rise edge)
                                                     10.000    10.000 r  
    H16                                               0.000    10.000 r  clk (IN)
                         net (fo=0)                   0.000    10.000    fdtd_hdmi_bd_i/clk_wiz_0/inst/clk_in1
    H16                  IBUF (Prop_ibuf_I_O)         1.380    11.380 r  fdtd_hdmi_bd_i/clk_wiz_0/inst/clkin1_ibufg/O
                         net (fo=1, routed)           1.162    12.542    fdtd_hdmi_bd_i/clk_wiz_0/inst/clk_in1_fdtd_hdmi_bd_clk_wiz_0_0
    MMCME2_ADV_X1Y2      MMCME2_ADV (Prop_mmcme2_adv_CLKIN1_CLKOUT2)
                                                     -7.814     4.728 r  fdtd_hdmi_bd_i/clk_wiz_0/inst/mmcm_adv_inst/CLKOUT2
                         net (fo=1, routed)           2.012     6.740    fdtd_hdmi_bd_i/clk_wiz_0/inst/clk_out3_fdtd_hdmi_bd_clk_wiz_0_0
    BUFGCTRL_X0Y19       BUFG (Prop_bufg_I_O)         0.091     6.831 r  fdtd_hdmi_bd_i/clk_wiz_0/inst/clkout3_buf/O
                         net (fo=28854, routed)       1.586     8.417    fdtd_hdmi_bd_i/renderer_0/inst/u_impl/u_ray_unit/u_marcher/g_march[10].u_step/clk_core
    DSP48_X2Y2           DSP48E1                                      r  fdtd_hdmi_bd_i/renderer_0/inst/u_impl/u_ray_unit/u_marcher/g_march[10].u_step/h_interp_D21/CLK
                         clock pessimism              0.567     8.984    
                         clock uncertainty           -0.072     8.913    
    DSP48_X2Y2           DSP48E1 (Setup_dsp48e1_CLK_D[20])
                                                     -0.595     8.318    fdtd_hdmi_bd_i/renderer_0/inst/u_impl/u_ray_unit/u_marcher/g_march[10].u_step/h_interp_D21
  -------------------------------------------------------------------
                         required time                          8.318    
                         arrival time                          -7.986    
  -------------------------------------------------------------------
                         slack                                  0.331    

Slack (MET) :             0.379ns  (required time - arrival time)
  Source:                 fdtd_hdmi_bd_i/renderer_0/inst/u_impl/u_ray_unit/u_marcher/g_march[31].u_step/h_bot_D1/CLK
                            (rising edge-triggered cell DSP48E1 clocked by clk_out3_fdtd_hdmi_bd_clk_wiz_0_0  {rise@0.000ns fall@5.000ns period=10.000ns})
  Destination:            fdtd_hdmi_bd_i/renderer_0/inst/u_impl/u_ray_unit/u_marcher/g_march[31].u_step/h_interp_D21/D[21]
                            (rising edge-triggered cell DSP48E1 clocked by clk_out3_fdtd_hdmi_bd_clk_wiz_0_0  {rise@0.000ns fall@5.000ns period=10.000ns})
  Path Group:             clk_out3_fdtd_hdmi_bd_clk_wiz_0_0
  Path Type:              Setup (Max at Slow Process Corner)
  Requirement:            10.000ns  (clk_out3_fdtd_hdmi_bd_clk_wiz_0_0 rise@10.000ns - clk_out3_fdtd_hdmi_bd_clk_wiz_0_0 rise@0.000ns)
  Data Path Delay:        8.810ns  (logic 6.337ns (71.929%)  route 2.473ns (28.071%))
  Logic Levels:           3  (CARRY4=2 LUT2=1)
  Clock Path Skew:        -0.144ns (DCD - SCD + CPR)
    Destination Clock Delay (DCD):    -1.584ns = ( 8.416 - 10.000 ) 
    Source Clock Delay      (SCD):    -0.873ns
    Clock Pessimism Removal (CPR):    0.567ns
  Clock Uncertainty:      0.072ns  ((TSJ^2 + DJ^2)^1/2) / 2 + PE
    Total System Jitter     (TSJ):    0.071ns
    Discrete Jitter          (DJ):    0.125ns
    Phase Error              (PE):    0.000ns

    Location             Delay type                Incr(ns)  Path(ns)    Netlist Resource(s)
  -------------------------------------------------------------------    -------------------
                         (clock clk_out3_fdtd_hdmi_bd_clk_wiz_0_0 rise edge)
                                                      0.000     0.000 r  
    H16                                               0.000     0.000 r  clk (IN)
                         net (fo=0)                   0.000     0.000    fdtd_hdmi_bd_i/clk_wiz_0/inst/clk_in1
    H16                  IBUF (Prop_ibuf_I_O)         1.451     1.451 r  fdtd_hdmi_bd_i/clk_wiz_0/inst/clkin1_ibufg/O
                         net (fo=1, routed)           1.285     2.736    fdtd_hdmi_bd_i/clk_wiz_0/inst/clk_in1_fdtd_hdmi_bd_clk_wiz_0_0
    MMCME2_ADV_X1Y2      MMCME2_ADV (Prop_mmcme2_adv_CLKIN1_CLKOUT2)
                                                     -7.759    -5.023 r  fdtd_hdmi_bd_i/clk_wiz_0/inst/mmcm_adv_inst/CLKOUT2
                         net (fo=1, routed)           2.206    -2.817    fdtd_hdmi_bd_i/clk_wiz_0/inst/clk_out3_fdtd_hdmi_bd_clk_wiz_0_0
    BUFGCTRL_X0Y19       BUFG (Prop_bufg_I_O)         0.101    -2.716 r  fdtd_hdmi_bd_i/clk_wiz_0/inst/clkout3_buf/O
                         net (fo=28854, routed)       1.844    -0.873    fdtd_hdmi_bd_i/renderer_0/inst/u_impl/u_ray_unit/u_marcher/g_march[31].u_step/clk_core
    DSP48_X0Y15          DSP48E1                                      r  fdtd_hdmi_bd_i/renderer_0/inst/u_impl/u_ray_unit/u_marcher/g_march[31].u_step/h_bot_D1/CLK
  -------------------------------------------------------------------    -------------------
    DSP48_X0Y15          DSP48E1 (Prop_dsp48e1_CLK_P[16])
                                                      5.368     4.495 r  fdtd_hdmi_bd_i/renderer_0/inst/u_impl/u_ray_unit/u_marcher/g_march[31].u_step/h_bot_D1/P[16]
                         net (fo=1, routed)           1.367     5.862    fdtd_hdmi_bd_i/renderer_0/inst/u_impl/u_ray_unit/u_marcher/g_march[31].u_step/p_0_in0_in[8]
    SLICE_X28Y39         LUT2 (Prop_lut2_I1_O)        0.124     5.986 r  fdtd_hdmi_bd_i/renderer_0/inst/u_impl/u_ray_unit/u_marcher/g_march[31].u_step/h_interp_D21_i_12__30/O
                         net (fo=1, routed)           0.000     5.986    fdtd_hdmi_bd_i/renderer_0/inst/u_impl/u_ray_unit/u_marcher/g_march[31].u_step/h_interp_D21_i_12__30_n_0
    SLICE_X28Y39         CARRY4 (Prop_carry4_S[0]_CO[3])
                                                      0.532     6.518 r  fdtd_hdmi_bd_i/renderer_0/inst/u_impl/u_ray_unit/u_marcher/g_march[31].u_step/h_interp_D21_i_2__30/CO[3]
                         net (fo=1, routed)           0.000     6.518    fdtd_hdmi_bd_i/renderer_0/inst/u_impl/u_ray_unit/u_marcher/g_march[31].u_step/h_interp_D21_i_2__30_n_0
    SLICE_X28Y40         CARRY4 (Prop_carry4_CI_O[3])
                                                      0.313     6.831 r  fdtd_hdmi_bd_i/renderer_0/inst/u_impl/u_ray_unit/u_marcher/g_march[31].u_step/h_interp_D21_i_1__30/O[3]
                         net (fo=10, routed)          1.106     7.937    fdtd_hdmi_bd_i/renderer_0/inst/u_impl/u_ray_unit/u_marcher/g_march[31].u_step/D_0[15]
    DSP48_X2Y16          DSP48E1                                      r  fdtd_hdmi_bd_i/renderer_0/inst/u_impl/u_ray_unit/u_marcher/g_march[31].u_step/h_interp_D21/D[21]
  -------------------------------------------------------------------    -------------------

                         (clock clk_out3_fdtd_hdmi_bd_clk_wiz_0_0 rise edge)
                                                     10.000    10.000 r  
    H16                                               0.000    10.000 r  clk (IN)
                         net (fo=0)                   0.000    10.000    fdtd_hdmi_bd_i/clk_wiz_0/inst/clk_in1
    H16                  IBUF (Prop_ibuf_I_O)         1.380    11.380 r  fdtd_hdmi_bd_i/clk_wiz_0/inst/clkin1_ibufg/O
                         net (fo=1, routed)           1.162    12.542    fdtd_hdmi_bd_i/clk_wiz_0/inst/clk_in1_fdtd_hdmi_bd_clk_wiz_0_0
    MMCME2_ADV_X1Y2      MMCME2_ADV (Prop_mmcme2_adv_CLKIN1_CLKOUT2)
                                                     -7.814     4.728 r  fdtd_hdmi_bd_i/clk_wiz_0/inst/mmcm_adv_inst/CLKOUT2
                         net (fo=1, routed)           2.012     6.740    fdtd_hdmi_bd_i/clk_wiz_0/inst/clk_out3_fdtd_hdmi_bd_clk_wiz_0_0
    BUFGCTRL_X0Y19       BUFG (Prop_bufg_I_O)         0.091     6.831 r  fdtd_hdmi_bd_i/clk_wiz_0/inst/clkout3_buf/O
                         net (fo=28854, routed)       1.585     8.416    fdtd_hdmi_bd_i/renderer_0/inst/u_impl/u_ray_unit/u_marcher/g_march[31].u_step/clk_core
    DSP48_X2Y16          DSP48E1                                      r  fdtd_hdmi_bd_i/renderer_0/inst/u_impl/u_ray_unit/u_marcher/g_march[31].u_step/h_interp_D21/CLK
                         clock pessimism              0.567     8.983    
                         clock uncertainty           -0.072     8.912    
    DSP48_X2Y16          DSP48E1 (Setup_dsp48e1_CLK_D[21])
                                                     -0.595     8.317    fdtd_hdmi_bd_i/renderer_0/inst/u_impl/u_ray_unit/u_marcher/g_march[31].u_step/h_interp_D21
  -------------------------------------------------------------------
                         required time                          8.317    
                         arrival time                          -7.937    
  -------------------------------------------------------------------
                         slack                                  0.379    

Slack (MET) :             0.384ns  (required time - arrival time)
  Source:                 fdtd_hdmi_bd_i/renderer_0/inst/u_impl/u_ray_unit/u_marcher/g_march[31].u_step/h_bot_D1/CLK
                            (rising edge-triggered cell DSP48E1 clocked by clk_out3_fdtd_hdmi_bd_clk_wiz_0_0  {rise@0.000ns fall@5.000ns period=10.000ns})
  Destination:            fdtd_hdmi_bd_i/renderer_0/inst/u_impl/u_ray_unit/u_marcher/g_march[31].u_step/h_interp_D21/D[17]
                            (rising edge-triggered cell DSP48E1 clocked by clk_out3_fdtd_hdmi_bd_clk_wiz_0_0  {rise@0.000ns fall@5.000ns period=10.000ns})
  Path Group:             clk_out3_fdtd_hdmi_bd_clk_wiz_0_0
  Path Type:              Setup (Max at Slow Process Corner)
  Requirement:            10.000ns  (clk_out3_fdtd_hdmi_bd_clk_wiz_0_0 rise@10.000ns - clk_out3_fdtd_hdmi_bd_clk_wiz_0_0 rise@0.000ns)
  Data Path Delay:        8.805ns  (logic 6.337ns (71.971%)  route 2.468ns (28.029%))
  Logic Levels:           3  (CARRY4=2 LUT2=1)
  Clock Path Skew:        -0.144ns (DCD - SCD + CPR)
    Destination Clock Delay (DCD):    -1.584ns = ( 8.416 - 10.000 ) 
    Source Clock Delay      (SCD):    -0.873ns
    Clock Pessimism Removal (CPR):    0.567ns
  Clock Uncertainty:      0.072ns  ((TSJ^2 + DJ^2)^1/2) / 2 + PE
    Total System Jitter     (TSJ):    0.071ns
    Discrete Jitter          (DJ):    0.125ns
    Phase Error              (PE):    0.000ns

    Location             Delay type                Incr(ns)  Path(ns)    Netlist Resource(s)
  -------------------------------------------------------------------    -------------------
                         (clock clk_out3_fdtd_hdmi_bd_clk_wiz_0_0 rise edge)
                                                      0.000     0.000 r  
    H16                                               0.000     0.000 r  clk (IN)
                         net (fo=0)                   0.000     0.000    fdtd_hdmi_bd_i/clk_wiz_0/inst/clk_in1
    H16                  IBUF (Prop_ibuf_I_O)         1.451     1.451 r  fdtd_hdmi_bd_i/clk_wiz_0/inst/clkin1_ibufg/O
                         net (fo=1, routed)           1.285     2.736    fdtd_hdmi_bd_i/clk_wiz_0/inst/clk_in1_fdtd_hdmi_bd_clk_wiz_0_0
    MMCME2_ADV_X1Y2      MMCME2_ADV (Prop_mmcme2_adv_CLKIN1_CLKOUT2)
                                                     -7.759    -5.023 r  fdtd_hdmi_bd_i/clk_wiz_0/inst/mmcm_adv_inst/CLKOUT2
                         net (fo=1, routed)           2.206    -2.817    fdtd_hdmi_bd_i/clk_wiz_0/inst/clk_out3_fdtd_hdmi_bd_clk_wiz_0_0
    BUFGCTRL_X0Y19       BUFG (Prop_bufg_I_O)         0.101    -2.716 r  fdtd_hdmi_bd_i/clk_wiz_0/inst/clkout3_buf/O
                         net (fo=28854, routed)       1.844    -0.873    fdtd_hdmi_bd_i/renderer_0/inst/u_impl/u_ray_unit/u_marcher/g_march[31].u_step/clk_core
    DSP48_X0Y15          DSP48E1                                      r  fdtd_hdmi_bd_i/renderer_0/inst/u_impl/u_ray_unit/u_marcher/g_march[31].u_step/h_bot_D1/CLK
  -------------------------------------------------------------------    -------------------
    DSP48_X0Y15          DSP48E1 (Prop_dsp48e1_CLK_P[16])
                                                      5.368     4.495 r  fdtd_hdmi_bd_i/renderer_0/inst/u_impl/u_ray_unit/u_marcher/g_march[31].u_step/h_bot_D1/P[16]
                         net (fo=1, routed)           1.367     5.862    fdtd_hdmi_bd_i/renderer_0/inst/u_impl/u_ray_unit/u_marcher/g_march[31].u_step/p_0_in0_in[8]
    SLICE_X28Y39         LUT2 (Prop_lut2_I1_O)        0.124     5.986 r  fdtd_hdmi_bd_i/renderer_0/inst/u_impl/u_ray_unit/u_marcher/g_march[31].u_step/h_interp_D21_i_12__30/O
                         net (fo=1, routed)           0.000     5.986    fdtd_hdmi_bd_i/renderer_0/inst/u_impl/u_ray_unit/u_marcher/g_march[31].u_step/h_interp_D21_i_12__30_n_0
    SLICE_X28Y39         CARRY4 (Prop_carry4_S[0]_CO[3])
                                                      0.532     6.518 r  fdtd_hdmi_bd_i/renderer_0/inst/u_impl/u_ray_unit/u_marcher/g_march[31].u_step/h_interp_D21_i_2__30/CO[3]
                         net (fo=1, routed)           0.000     6.518    fdtd_hdmi_bd_i/renderer_0/inst/u_impl/u_ray_unit/u_marcher/g_march[31].u_step/h_interp_D21_i_2__30_n_0
    SLICE_X28Y40         CARRY4 (Prop_carry4_CI_O[3])
                                                      0.313     6.831 r  fdtd_hdmi_bd_i/renderer_0/inst/u_impl/u_ray_unit/u_marcher/g_march[31].u_step/h_interp_D21_i_1__30/O[3]
                         net (fo=10, routed)          1.101     7.932    fdtd_hdmi_bd_i/renderer_0/inst/u_impl/u_ray_unit/u_marcher/g_march[31].u_step/D_0[15]
    DSP48_X2Y16          DSP48E1                                      r  fdtd_hdmi_bd_i/renderer_0/inst/u_impl/u_ray_unit/u_marcher/g_march[31].u_step/h_interp_D21/D[17]
  -------------------------------------------------------------------    -------------------

                         (clock clk_out3_fdtd_hdmi_bd_clk_wiz_0_0 rise edge)
                                                     10.000    10.000 r  
    H16                                               0.000    10.000 r  clk (IN)
                         net (fo=0)                   0.000    10.000    fdtd_hdmi_bd_i/clk_wiz_0/inst/clk_in1
    H16                  IBUF (Prop_ibuf_I_O)         1.380    11.380 r  fdtd_hdmi_bd_i/clk_wiz_0/inst/clkin1_ibufg/O
                         net (fo=1, routed)           1.162    12.542    fdtd_hdmi_bd_i/clk_wiz_0/inst/clk_in1_fdtd_hdmi_bd_clk_wiz_0_0
    MMCME2_ADV_X1Y2      MMCME2_ADV (Prop_mmcme2_adv_CLKIN1_CLKOUT2)
                                                     -7.814     4.728 r  fdtd_hdmi_bd_i/clk_wiz_0/inst/mmcm_adv_inst/CLKOUT2
                         net (fo=1, routed)           2.012     6.740    fdtd_hdmi_bd_i/clk_wiz_0/inst/clk_out3_fdtd_hdmi_bd_clk_wiz_0_0
    BUFGCTRL_X0Y19       BUFG (Prop_bufg_I_O)         0.091     6.831 r  fdtd_hdmi_bd_i/clk_wiz_0/inst/clkout3_buf/O
                         net (fo=28854, routed)       1.585     8.416    fdtd_hdmi_bd_i/renderer_0/inst/u_impl/u_ray_unit/u_marcher/g_march[31].u_step/clk_core
    DSP48_X2Y16          DSP48E1                                      r  fdtd_hdmi_bd_i/renderer_0/inst/u_impl/u_ray_unit/u_marcher/g_march[31].u_step/h_interp_D21/CLK
                         clock pessimism              0.567     8.983    
                         clock uncertainty           -0.072     8.912    
    DSP48_X2Y16          DSP48E1 (Setup_dsp48e1_CLK_D[17])
                                                     -0.595     8.317    fdtd_hdmi_bd_i/renderer_0/inst/u_impl/u_ray_unit/u_marcher/g_march[31].u_step/h_interp_D21
  -------------------------------------------------------------------
                         required time                          8.317    
                         arrival time                          -7.932    
  -------------------------------------------------------------------
                         slack                                  0.384    

Slack (MET) :             0.389ns  (required time - arrival time)
  Source:                 fdtd_hdmi_bd_i/renderer_0/inst/u_impl/u_ray_unit/u_marcher/g_march[31].u_step/h_bot_D1/CLK
                            (rising edge-triggered cell DSP48E1 clocked by clk_out3_fdtd_hdmi_bd_clk_wiz_0_0  {rise@0.000ns fall@5.000ns period=10.000ns})
  Destination:            fdtd_hdmi_bd_i/renderer_0/inst/u_impl/u_ray_unit/u_marcher/g_march[31].u_step/h_interp_D21/D[13]
                            (rising edge-triggered cell DSP48E1 clocked by clk_out3_fdtd_hdmi_bd_clk_wiz_0_0  {rise@0.000ns fall@5.000ns period=10.000ns})
  Path Group:             clk_out3_fdtd_hdmi_bd_clk_wiz_0_0
  Path Type:              Setup (Max at Slow Process Corner)
  Requirement:            10.000ns  (clk_out3_fdtd_hdmi_bd_clk_wiz_0_0 rise@10.000ns - clk_out3_fdtd_hdmi_bd_clk_wiz_0_0 rise@0.000ns)
  Data Path Delay:        8.803ns  (logic 6.358ns (72.225%)  route 2.445ns (27.775%))
  Logic Levels:           3  (CARRY4=2 LUT2=1)
  Clock Path Skew:        -0.144ns (DCD - SCD + CPR)
    Destination Clock Delay (DCD):    -1.584ns = ( 8.416 - 10.000 ) 
    Source Clock Delay      (SCD):    -0.873ns
    Clock Pessimism Removal (CPR):    0.567ns
  Clock Uncertainty:      0.072ns  ((TSJ^2 + DJ^2)^1/2) / 2 + PE
    Total System Jitter     (TSJ):    0.071ns
    Discrete Jitter          (DJ):    0.125ns
    Phase Error              (PE):    0.000ns

    Location             Delay type                Incr(ns)  Path(ns)    Netlist Resource(s)
  -------------------------------------------------------------------    -------------------
                         (clock clk_out3_fdtd_hdmi_bd_clk_wiz_0_0 rise edge)
                                                      0.000     0.000 r  
    H16                                               0.000     0.000 r  clk (IN)
                         net (fo=0)                   0.000     0.000    fdtd_hdmi_bd_i/clk_wiz_0/inst/clk_in1
    H16                  IBUF (Prop_ibuf_I_O)         1.451     1.451 r  fdtd_hdmi_bd_i/clk_wiz_0/inst/clkin1_ibufg/O
                         net (fo=1, routed)           1.285     2.736    fdtd_hdmi_bd_i/clk_wiz_0/inst/clk_in1_fdtd_hdmi_bd_clk_wiz_0_0
    MMCME2_ADV_X1Y2      MMCME2_ADV (Prop_mmcme2_adv_CLKIN1_CLKOUT2)
                                                     -7.759    -5.023 r  fdtd_hdmi_bd_i/clk_wiz_0/inst/mmcm_adv_inst/CLKOUT2
                         net (fo=1, routed)           2.206    -2.817    fdtd_hdmi_bd_i/clk_wiz_0/inst/clk_out3_fdtd_hdmi_bd_clk_wiz_0_0
    BUFGCTRL_X0Y19       BUFG (Prop_bufg_I_O)         0.101    -2.716 r  fdtd_hdmi_bd_i/clk_wiz_0/inst/clkout3_buf/O
                         net (fo=28854, routed)       1.844    -0.873    fdtd_hdmi_bd_i/renderer_0/inst/u_impl/u_ray_unit/u_marcher/g_march[31].u_step/clk_core
    DSP48_X0Y15          DSP48E1                                      r  fdtd_hdmi_bd_i/renderer_0/inst/u_impl/u_ray_unit/u_marcher/g_march[31].u_step/h_bot_D1/CLK
  -------------------------------------------------------------------    -------------------
    DSP48_X0Y15          DSP48E1 (Prop_dsp48e1_CLK_P[16])
                                                      5.368     4.495 r  fdtd_hdmi_bd_i/renderer_0/inst/u_impl/u_ray_unit/u_marcher/g_march[31].u_step/h_bot_D1/P[16]
                         net (fo=1, routed)           1.367     5.862    fdtd_hdmi_bd_i/renderer_0/inst/u_impl/u_ray_unit/u_marcher/g_march[31].u_step/p_0_in0_in[8]
    SLICE_X28Y39         LUT2 (Prop_lut2_I1_O)        0.124     5.986 r  fdtd_hdmi_bd_i/renderer_0/inst/u_impl/u_ray_unit/u_marcher/g_march[31].u_step/h_interp_D21_i_12__30/O
                         net (fo=1, routed)           0.000     5.986    fdtd_hdmi_bd_i/renderer_0/inst/u_impl/u_ray_unit/u_marcher/g_march[31].u_step/h_interp_D21_i_12__30_n_0
    SLICE_X28Y39         CARRY4 (Prop_carry4_S[0]_CO[3])
                                                      0.532     6.518 r  fdtd_hdmi_bd_i/renderer_0/inst/u_impl/u_ray_unit/u_marcher/g_march[31].u_step/h_interp_D21_i_2__30/CO[3]
                         net (fo=1, routed)           0.000     6.518    fdtd_hdmi_bd_i/renderer_0/inst/u_impl/u_ray_unit/u_marcher/g_march[31].u_step/h_interp_D21_i_2__30_n_0
    SLICE_X28Y40         CARRY4 (Prop_carry4_CI_O[1])
                                                      0.334     6.852 r  fdtd_hdmi_bd_i/renderer_0/inst/u_impl/u_ray_unit/u_marcher/g_march[31].u_step/h_interp_D21_i_1__30/O[1]
                         net (fo=1, routed)           1.078     7.930    fdtd_hdmi_bd_i/renderer_0/inst/u_impl/u_ray_unit/u_marcher/g_march[31].u_step/D_0[13]
    DSP48_X2Y16          DSP48E1                                      r  fdtd_hdmi_bd_i/renderer_0/inst/u_impl/u_ray_unit/u_marcher/g_march[31].u_step/h_interp_D21/D[13]
  -------------------------------------------------------------------    -------------------

                         (clock clk_out3_fdtd_hdmi_bd_clk_wiz_0_0 rise edge)
                                                     10.000    10.000 r  
    H16                                               0.000    10.000 r  clk (IN)
                         net (fo=0)                   0.000    10.000    fdtd_hdmi_bd_i/clk_wiz_0/inst/clk_in1
    H16                  IBUF (Prop_ibuf_I_O)         1.380    11.380 r  fdtd_hdmi_bd_i/clk_wiz_0/inst/clkin1_ibufg/O
                         net (fo=1, routed)           1.162    12.542    fdtd_hdmi_bd_i/clk_wiz_0/inst/clk_in1_fdtd_hdmi_bd_clk_wiz_0_0
    MMCME2_ADV_X1Y2      MMCME2_ADV (Prop_mmcme2_adv_CLKIN1_CLKOUT2)
                                                     -7.814     4.728 r  fdtd_hdmi_bd_i/clk_wiz_0/inst/mmcm_adv_inst/CLKOUT2
                         net (fo=1, routed)           2.012     6.740    fdtd_hdmi_bd_i/clk_wiz_0/inst/clk_out3_fdtd_hdmi_bd_clk_wiz_0_0
    BUFGCTRL_X0Y19       BUFG (Prop_bufg_I_O)         0.091     6.831 r  fdtd_hdmi_bd_i/clk_wiz_0/inst/clkout3_buf/O
                         net (fo=28854, routed)       1.585     8.416    fdtd_hdmi_bd_i/renderer_0/inst/u_impl/u_ray_unit/u_marcher/g_march[31].u_step/clk_core
    DSP48_X2Y16          DSP48E1                                      r  fdtd_hdmi_bd_i/renderer_0/inst/u_impl/u_ray_unit/u_marcher/g_march[31].u_step/h_interp_D21/CLK
                         clock pessimism              0.567     8.983    
                         clock uncertainty           -0.072     8.912    
    DSP48_X2Y16          DSP48E1 (Setup_dsp48e1_CLK_D[13])
                                                     -0.592     8.320    fdtd_hdmi_bd_i/renderer_0/inst/u_impl/u_ray_unit/u_marcher/g_march[31].u_step/h_interp_D21
  -------------------------------------------------------------------
                         required time                          8.320    
                         arrival time                          -7.930    
  -------------------------------------------------------------------
                         slack                                  0.389    

Slack (MET) :             0.390ns  (required time - arrival time)
  Source:                 fdtd_hdmi_bd_i/renderer_0/inst/u_impl/u_ray_unit/u_marcher/g_march[31].u_step/h_bot_D1/CLK
                            (rising edge-triggered cell DSP48E1 clocked by clk_out3_fdtd_hdmi_bd_clk_wiz_0_0  {rise@0.000ns fall@5.000ns period=10.000ns})
  Destination:            fdtd_hdmi_bd_i/renderer_0/inst/u_impl/u_ray_unit/u_marcher/g_march[31].u_step/h_interp_D21/D[20]
                            (rising edge-triggered cell DSP48E1 clocked by clk_out3_fdtd_hdmi_bd_clk_wiz_0_0  {rise@0.000ns fall@5.000ns period=10.000ns})
  Path Group:             clk_out3_fdtd_hdmi_bd_clk_wiz_0_0
  Path Type:              Setup (Max at Slow Process Corner)
  Requirement:            10.000ns  (clk_out3_fdtd_hdmi_bd_clk_wiz_0_0 rise@10.000ns - clk_out3_fdtd_hdmi_bd_clk_wiz_0_0 rise@0.000ns)
  Data Path Delay:        8.799ns  (logic 6.337ns (72.020%)  route 2.462ns (27.980%))
  Logic Levels:           3  (CARRY4=2 LUT2=1)
  Clock Path Skew:        -0.144ns (DCD - SCD + CPR)
    Destination Clock Delay (DCD):    -1.584ns = ( 8.416 - 10.000 ) 
    Source Clock Delay      (SCD):    -0.873ns
    Clock Pessimism Removal (CPR):    0.567ns
  Clock Uncertainty:      0.072ns  ((TSJ^2 + DJ^2)^1/2) / 2 + PE
    Total System Jitter     (TSJ):    0.071ns
    Discrete Jitter          (DJ):    0.125ns
    Phase Error              (PE):    0.000ns

    Location             Delay type                Incr(ns)  Path(ns)    Netlist Resource(s)
  -------------------------------------------------------------------    -------------------
                         (clock clk_out3_fdtd_hdmi_bd_clk_wiz_0_0 rise edge)
                                                      0.000     0.000 r  
    H16                                               0.000     0.000 r  clk (IN)
                         net (fo=0)                   0.000     0.000    fdtd_hdmi_bd_i/clk_wiz_0/inst/clk_in1
    H16                  IBUF (Prop_ibuf_I_O)         1.451     1.451 r  fdtd_hdmi_bd_i/clk_wiz_0/inst/clkin1_ibufg/O
                         net (fo=1, routed)           1.285     2.736    fdtd_hdmi_bd_i/clk_wiz_0/inst/clk_in1_fdtd_hdmi_bd_clk_wiz_0_0
    MMCME2_ADV_X1Y2      MMCME2_ADV (Prop_mmcme2_adv_CLKIN1_CLKOUT2)
                                                     -7.759    -5.023 r  fdtd_hdmi_bd_i/clk_wiz_0/inst/mmcm_adv_inst/CLKOUT2
                         net (fo=1, routed)           2.206    -2.817    fdtd_hdmi_bd_i/clk_wiz_0/inst/clk_out3_fdtd_hdmi_bd_clk_wiz_0_0
    BUFGCTRL_X0Y19       BUFG (Prop_bufg_I_O)         0.101    -2.716 r  fdtd_hdmi_bd_i/clk_wiz_0/inst/clkout3_buf/O
                         net (fo=28854, routed)       1.844    -0.873    fdtd_hdmi_bd_i/renderer_0/inst/u_impl/u_ray_unit/u_marcher/g_march[31].u_step/clk_core
    DSP48_X0Y15          DSP48E1                                      r  fdtd_hdmi_bd_i/renderer_0/inst/u_impl/u_ray_unit/u_marcher/g_march[31].u_step/h_bot_D1/CLK
  -------------------------------------------------------------------    -------------------
    DSP48_X0Y15          DSP48E1 (Prop_dsp48e1_CLK_P[16])
                                                      5.368     4.495 r  fdtd_hdmi_bd_i/renderer_0/inst/u_impl/u_ray_unit/u_marcher/g_march[31].u_step/h_bot_D1/P[16]
                         net (fo=1, routed)           1.367     5.862    fdtd_hdmi_bd_i/renderer_0/inst/u_impl/u_ray_unit/u_marcher/g_march[31].u_step/p_0_in0_in[8]
    SLICE_X28Y39         LUT2 (Prop_lut2_I1_O)        0.124     5.986 r  fdtd_hdmi_bd_i/renderer_0/inst/u_impl/u_ray_unit/u_marcher/g_march[31].u_step/h_interp_D21_i_12__30/O
                         net (fo=1, routed)           0.000     5.986    fdtd_hdmi_bd_i/renderer_0/inst/u_impl/u_ray_unit/u_marcher/g_march[31].u_step/h_interp_D21_i_12__30_n_0
    SLICE_X28Y39         CARRY4 (Prop_carry4_S[0]_CO[3])
                                                      0.532     6.518 r  fdtd_hdmi_bd_i/renderer_0/inst/u_impl/u_ray_unit/u_marcher/g_march[31].u_step/h_interp_D21_i_2__30/CO[3]
                         net (fo=1, routed)           0.000     6.518    fdtd_hdmi_bd_i/renderer_0/inst/u_impl/u_ray_unit/u_marcher/g_march[31].u_step/h_interp_D21_i_2__30_n_0
    SLICE_X28Y40         CARRY4 (Prop_carry4_CI_O[3])
                                                      0.313     6.831 r  fdtd_hdmi_bd_i/renderer_0/inst/u_impl/u_ray_unit/u_marcher/g_march[31].u_step/h_interp_D21_i_1__30/O[3]
                         net (fo=10, routed)          1.095     7.926    fdtd_hdmi_bd_i/renderer_0/inst/u_impl/u_ray_unit/u_marcher/g_march[31].u_step/D_0[15]
    DSP48_X2Y16          DSP48E1                                      r  fdtd_hdmi_bd_i/renderer_0/inst/u_impl/u_ray_unit/u_marcher/g_march[31].u_step/h_interp_D21/D[20]
  -------------------------------------------------------------------    -------------------

                         (clock clk_out3_fdtd_hdmi_bd_clk_wiz_0_0 rise edge)
                                                     10.000    10.000 r  
    H16                                               0.000    10.000 r  clk (IN)
                         net (fo=0)                   0.000    10.000    fdtd_hdmi_bd_i/clk_wiz_0/inst/clk_in1
    H16                  IBUF (Prop_ibuf_I_O)         1.380    11.380 r  fdtd_hdmi_bd_i/clk_wiz_0/inst/clkin1_ibufg/O
                         net (fo=1, routed)           1.162    12.542    fdtd_hdmi_bd_i/clk_wiz_0/inst/clk_in1_fdtd_hdmi_bd_clk_wiz_0_0
    MMCME2_ADV_X1Y2      MMCME2_ADV (Prop_mmcme2_adv_CLKIN1_CLKOUT2)
                                                     -7.814     4.728 r  fdtd_hdmi_bd_i/clk_wiz_0/inst/mmcm_adv_inst/CLKOUT2
                         net (fo=1, routed)           2.012     6.740    fdtd_hdmi_bd_i/clk_wiz_0/inst/clk_out3_fdtd_hdmi_bd_clk_wiz_0_0
    BUFGCTRL_X0Y19       BUFG (Prop_bufg_I_O)         0.091     6.831 r  fdtd_hdmi_bd_i/clk_wiz_0/inst/clkout3_buf/O
                         net (fo=28854, routed)       1.585     8.416    fdtd_hdmi_bd_i/renderer_0/inst/u_impl/u_ray_unit/u_marcher/g_march[31].u_step/clk_core
    DSP48_X2Y16          DSP48E1                                      r  fdtd_hdmi_bd_i/renderer_0/inst/u_impl/u_ray_unit/u_marcher/g_march[31].u_step/h_interp_D21/CLK
                         clock pessimism              0.567     8.983    
                         clock uncertainty           -0.072     8.912    
    DSP48_X2Y16          DSP48E1 (Setup_dsp48e1_CLK_D[20])
                                                     -0.595     8.317    fdtd_hdmi_bd_i/renderer_0/inst/u_impl/u_ray_unit/u_marcher/g_march[31].u_step/h_interp_D21
  -------------------------------------------------------------------
                         required time                          8.317    
                         arrival time                          -7.926    
  -------------------------------------------------------------------
                         slack                                  0.390    

Slack (MET) :             0.405ns  (required time - arrival time)
  Source:                 fdtd_hdmi_bd_i/renderer_0/inst/u_impl/u_ray_unit/u_marcher/g_march[10].u_step/h_bot_D1/CLK
                            (rising edge-triggered cell DSP48E1 clocked by clk_out3_fdtd_hdmi_bd_clk_wiz_0_0  {rise@0.000ns fall@5.000ns period=10.000ns})
  Destination:            fdtd_hdmi_bd_i/renderer_0/inst/u_impl/u_ray_unit/u_marcher/g_march[10].u_step/h_interp_D21/D[17]
                            (rising edge-triggered cell DSP48E1 clocked by clk_out3_fdtd_hdmi_bd_clk_wiz_0_0  {rise@0.000ns fall@5.000ns period=10.000ns})
  Path Group:             clk_out3_fdtd_hdmi_bd_clk_wiz_0_0
  Path Type:              Setup (Max at Slow Process Corner)
  Requirement:            10.000ns  (clk_out3_fdtd_hdmi_bd_clk_wiz_0_0 rise@10.000ns - clk_out3_fdtd_hdmi_bd_clk_wiz_0_0 rise@0.000ns)
  Data Path Delay:        8.783ns  (logic 6.355ns (72.358%)  route 2.428ns (27.642%))
  Logic Levels:           3  (CARRY4=2 LUT2=1)
  Clock Path Skew:        -0.146ns (DCD - SCD + CPR)
    Destination Clock Delay (DCD):    -1.583ns = ( 8.417 - 10.000 ) 
    Source Clock Delay      (SCD):    -0.870ns
    Clock Pessimism Removal (CPR):    0.567ns
  Clock Uncertainty:      0.072ns  ((TSJ^2 + DJ^2)^1/2) / 2 + PE
    Total System Jitter     (TSJ):    0.071ns
    Discrete Jitter          (DJ):    0.125ns
    Phase Error              (PE):    0.000ns

    Location             Delay type                Incr(ns)  Path(ns)    Netlist Resource(s)
  -------------------------------------------------------------------    -------------------
                         (clock clk_out3_fdtd_hdmi_bd_clk_wiz_0_0 rise edge)
                                                      0.000     0.000 r  
    H16                                               0.000     0.000 r  clk (IN)
                         net (fo=0)                   0.000     0.000    fdtd_hdmi_bd_i/clk_wiz_0/inst/clk_in1
    H16                  IBUF (Prop_ibuf_I_O)         1.451     1.451 r  fdtd_hdmi_bd_i/clk_wiz_0/inst/clkin1_ibufg/O
                         net (fo=1, routed)           1.285     2.736    fdtd_hdmi_bd_i/clk_wiz_0/inst/clk_in1_fdtd_hdmi_bd_clk_wiz_0_0
    MMCME2_ADV_X1Y2      MMCME2_ADV (Prop_mmcme2_adv_CLKIN1_CLKOUT2)
                                                     -7.759    -5.023 r  fdtd_hdmi_bd_i/clk_wiz_0/inst/mmcm_adv_inst/CLKOUT2
                         net (fo=1, routed)           2.206    -2.817    fdtd_hdmi_bd_i/clk_wiz_0/inst/clk_out3_fdtd_hdmi_bd_clk_wiz_0_0
    BUFGCTRL_X0Y19       BUFG (Prop_bufg_I_O)         0.101    -2.716 r  fdtd_hdmi_bd_i/clk_wiz_0/inst/clkout3_buf/O
                         net (fo=28854, routed)       1.847    -0.870    fdtd_hdmi_bd_i/renderer_0/inst/u_impl/u_ray_unit/u_marcher/g_march[10].u_step/clk_core
    DSP48_X0Y2           DSP48E1                                      r  fdtd_hdmi_bd_i/renderer_0/inst/u_impl/u_ray_unit/u_marcher/g_march[10].u_step/h_bot_D1/CLK
  -------------------------------------------------------------------    -------------------
    DSP48_X0Y2           DSP48E1 (Prop_dsp48e1_CLK_P[17])
                                                      5.368     4.498 r  fdtd_hdmi_bd_i/renderer_0/inst/u_impl/u_ray_unit/u_marcher/g_march[10].u_step/h_bot_D1/P[17]
                         net (fo=1, routed)           1.616     6.114    fdtd_hdmi_bd_i/renderer_0/inst/u_impl/u_ray_unit/u_marcher/g_march[10].u_step/p_0_in0_in[9]
    SLICE_X35Y7          LUT2 (Prop_lut2_I1_O)        0.124     6.238 r  fdtd_hdmi_bd_i/renderer_0/inst/u_impl/u_ray_unit/u_marcher/g_march[10].u_step/h_interp_D21_i_11__9/O
                         net (fo=1, routed)           0.000     6.238    fdtd_hdmi_bd_i/renderer_0/inst/u_impl/u_ray_unit/u_marcher/g_march[10].u_step/h_interp_D21_i_11__9_n_0
    SLICE_X35Y7          CARRY4 (Prop_carry4_S[1]_CO[3])
                                                      0.550     6.788 r  fdtd_hdmi_bd_i/renderer_0/inst/u_impl/u_ray_unit/u_marcher/g_march[10].u_step/h_interp_D21_i_2__9/CO[3]
                         net (fo=1, routed)           0.000     6.788    fdtd_hdmi_bd_i/renderer_0/inst/u_impl/u_ray_unit/u_marcher/g_march[10].u_step/h_interp_D21_i_2__9_n_0
    SLICE_X35Y8          CARRY4 (Prop_carry4_CI_O[3])
                                                      0.313     7.101 r  fdtd_hdmi_bd_i/renderer_0/inst/u_impl/u_ray_unit/u_marcher/g_march[10].u_step/h_interp_D21_i_1__9/O[3]
                         net (fo=10, routed)          0.812     7.913    fdtd_hdmi_bd_i/renderer_0/inst/u_impl/u_ray_unit/u_marcher/g_march[10].u_step/D[15]
    DSP48_X2Y2           DSP48E1                                      r  fdtd_hdmi_bd_i/renderer_0/inst/u_impl/u_ray_unit/u_marcher/g_march[10].u_step/h_interp_D21/D[17]
  -------------------------------------------------------------------    -------------------

                         (clock clk_out3_fdtd_hdmi_bd_clk_wiz_0_0 rise edge)
                                                     10.000    10.000 r  
    H16                                               0.000    10.000 r  clk (IN)
                         net (fo=0)                   0.000    10.000    fdtd_hdmi_bd_i/clk_wiz_0/inst/clk_in1
    H16                  IBUF (Prop_ibuf_I_O)         1.380    11.380 r  fdtd_hdmi_bd_i/clk_wiz_0/inst/clkin1_ibufg/O
                         net (fo=1, routed)           1.162    12.542    fdtd_hdmi_bd_i/clk_wiz_0/inst/clk_in1_fdtd_hdmi_bd_clk_wiz_0_0
    MMCME2_ADV_X1Y2      MMCME2_ADV (Prop_mmcme2_adv_CLKIN1_CLKOUT2)
                                                     -7.814     4.728 r  fdtd_hdmi_bd_i/clk_wiz_0/inst/mmcm_adv_inst/CLKOUT2
                         net (fo=1, routed)           2.012     6.740    fdtd_hdmi_bd_i/clk_wiz_0/inst/clk_out3_fdtd_hdmi_bd_clk_wiz_0_0
    BUFGCTRL_X0Y19       BUFG (Prop_bufg_I_O)         0.091     6.831 r  fdtd_hdmi_bd_i/clk_wiz_0/inst/clkout3_buf/O
                         net (fo=28854, routed)       1.586     8.417    fdtd_hdmi_bd_i/renderer_0/inst/u_impl/u_ray_unit/u_marcher/g_march[10].u_step/clk_core
    DSP48_X2Y2           DSP48E1                                      r  fdtd_hdmi_bd_i/renderer_0/inst/u_impl/u_ray_unit/u_marcher/g_march[10].u_step/h_interp_D21/CLK
                         clock pessimism              0.567     8.984    
                         clock uncertainty           -0.072     8.913    
    DSP48_X2Y2           DSP48E1 (Setup_dsp48e1_CLK_D[17])
                                                     -0.595     8.318    fdtd_hdmi_bd_i/renderer_0/inst/u_impl/u_ray_unit/u_marcher/g_march[10].u_step/h_interp_D21
  -------------------------------------------------------------------
                         required time                          8.318    
                         arrival time                          -7.913    
  -------------------------------------------------------------------
                         slack                                  0.405    

Slack (MET) :             0.408ns  (required time - arrival time)
  Source:                 fdtd_hdmi_bd_i/renderer_0/inst/u_impl/u_ray_unit/u_marcher/g_march[10].u_step/h_bot_D1/CLK
                            (rising edge-triggered cell DSP48E1 clocked by clk_out3_fdtd_hdmi_bd_clk_wiz_0_0  {rise@0.000ns fall@5.000ns period=10.000ns})
  Destination:            fdtd_hdmi_bd_i/renderer_0/inst/u_impl/u_ray_unit/u_marcher/g_march[10].u_step/h_interp_D21/D[21]
                            (rising edge-triggered cell DSP48E1 clocked by clk_out3_fdtd_hdmi_bd_clk_wiz_0_0  {rise@0.000ns fall@5.000ns period=10.000ns})
  Path Group:             clk_out3_fdtd_hdmi_bd_clk_wiz_0_0
  Path Type:              Setup (Max at Slow Process Corner)
  Requirement:            10.000ns  (clk_out3_fdtd_hdmi_bd_clk_wiz_0_0 rise@10.000ns - clk_out3_fdtd_hdmi_bd_clk_wiz_0_0 rise@0.000ns)
  Data Path Delay:        8.779ns  (logic 6.355ns (72.390%)  route 2.424ns (27.610%))
  Logic Levels:           3  (CARRY4=2 LUT2=1)
  Clock Path Skew:        -0.146ns (DCD - SCD + CPR)
    Destination Clock Delay (DCD):    -1.583ns = ( 8.417 - 10.000 ) 
    Source Clock Delay      (SCD):    -0.870ns
    Clock Pessimism Removal (CPR):    0.567ns
  Clock Uncertainty:      0.072ns  ((TSJ^2 + DJ^2)^1/2) / 2 + PE
    Total System Jitter     (TSJ):    0.071ns
    Discrete Jitter          (DJ):    0.125ns
    Phase Error              (PE):    0.000ns

    Location             Delay type                Incr(ns)  Path(ns)    Netlist Resource(s)
  -------------------------------------------------------------------    -------------------
                         (clock clk_out3_fdtd_hdmi_bd_clk_wiz_0_0 rise edge)
                                                      0.000     0.000 r  
    H16                                               0.000     0.000 r  clk (IN)
                         net (fo=0)                   0.000     0.000    fdtd_hdmi_bd_i/clk_wiz_0/inst/clk_in1
    H16                  IBUF (Prop_ibuf_I_O)         1.451     1.451 r  fdtd_hdmi_bd_i/clk_wiz_0/inst/clkin1_ibufg/O
                         net (fo=1, routed)           1.285     2.736    fdtd_hdmi_bd_i/clk_wiz_0/inst/clk_in1_fdtd_hdmi_bd_clk_wiz_0_0
    MMCME2_ADV_X1Y2      MMCME2_ADV (Prop_mmcme2_adv_CLKIN1_CLKOUT2)
                                                     -7.759    -5.023 r  fdtd_hdmi_bd_i/clk_wiz_0/inst/mmcm_adv_inst/CLKOUT2
                         net (fo=1, routed)           2.206    -2.817    fdtd_hdmi_bd_i/clk_wiz_0/inst/clk_out3_fdtd_hdmi_bd_clk_wiz_0_0
    BUFGCTRL_X0Y19       BUFG (Prop_bufg_I_O)         0.101    -2.716 r  fdtd_hdmi_bd_i/clk_wiz_0/inst/clkout3_buf/O
                         net (fo=28854, routed)       1.847    -0.870    fdtd_hdmi_bd_i/renderer_0/inst/u_impl/u_ray_unit/u_marcher/g_march[10].u_step/clk_core
    DSP48_X0Y2           DSP48E1                                      r  fdtd_hdmi_bd_i/renderer_0/inst/u_impl/u_ray_unit/u_marcher/g_march[10].u_step/h_bot_D1/CLK
  -------------------------------------------------------------------    -------------------
    DSP48_X0Y2           DSP48E1 (Prop_dsp48e1_CLK_P[17])
                                                      5.368     4.498 r  fdtd_hdmi_bd_i/renderer_0/inst/u_impl/u_ray_unit/u_marcher/g_march[10].u_step/h_bot_D1/P[17]
                         net (fo=1, routed)           1.616     6.114    fdtd_hdmi_bd_i/renderer_0/inst/u_impl/u_ray_unit/u_marcher/g_march[10].u_step/p_0_in0_in[9]
    SLICE_X35Y7          LUT2 (Prop_lut2_I1_O)        0.124     6.238 r  fdtd_hdmi_bd_i/renderer_0/inst/u_impl/u_ray_unit/u_marcher/g_march[10].u_step/h_interp_D21_i_11__9/O
                         net (fo=1, routed)           0.000     6.238    fdtd_hdmi_bd_i/renderer_0/inst/u_impl/u_ray_unit/u_marcher/g_march[10].u_step/h_interp_D21_i_11__9_n_0
    SLICE_X35Y7          CARRY4 (Prop_carry4_S[1]_CO[3])
                                                      0.550     6.788 r  fdtd_hdmi_bd_i/renderer_0/inst/u_impl/u_ray_unit/u_marcher/g_march[10].u_step/h_interp_D21_i_2__9/CO[3]
                         net (fo=1, routed)           0.000     6.788    fdtd_hdmi_bd_i/renderer_0/inst/u_impl/u_ray_unit/u_marcher/g_march[10].u_step/h_interp_D21_i_2__9_n_0
    SLICE_X35Y8          CARRY4 (Prop_carry4_CI_O[3])
                                                      0.313     7.101 r  fdtd_hdmi_bd_i/renderer_0/inst/u_impl/u_ray_unit/u_marcher/g_march[10].u_step/h_interp_D21_i_1__9/O[3]
                         net (fo=10, routed)          0.808     7.909    fdtd_hdmi_bd_i/renderer_0/inst/u_impl/u_ray_unit/u_marcher/g_march[10].u_step/D[15]
    DSP48_X2Y2           DSP48E1                                      r  fdtd_hdmi_bd_i/renderer_0/inst/u_impl/u_ray_unit/u_marcher/g_march[10].u_step/h_interp_D21/D[21]
  -------------------------------------------------------------------    -------------------

                         (clock clk_out3_fdtd_hdmi_bd_clk_wiz_0_0 rise edge)
                                                     10.000    10.000 r  
    H16                                               0.000    10.000 r  clk (IN)
                         net (fo=0)                   0.000    10.000    fdtd_hdmi_bd_i/clk_wiz_0/inst/clk_in1
    H16                  IBUF (Prop_ibuf_I_O)         1.380    11.380 r  fdtd_hdmi_bd_i/clk_wiz_0/inst/clkin1_ibufg/O
                         net (fo=1, routed)           1.162    12.542    fdtd_hdmi_bd_i/clk_wiz_0/inst/clk_in1_fdtd_hdmi_bd_clk_wiz_0_0
    MMCME2_ADV_X1Y2      MMCME2_ADV (Prop_mmcme2_adv_CLKIN1_CLKOUT2)
                                                     -7.814     4.728 r  fdtd_hdmi_bd_i/clk_wiz_0/inst/mmcm_adv_inst/CLKOUT2
                         net (fo=1, routed)           2.012     6.740    fdtd_hdmi_bd_i/clk_wiz_0/inst/clk_out3_fdtd_hdmi_bd_clk_wiz_0_0
    BUFGCTRL_X0Y19       BUFG (Prop_bufg_I_O)         0.091     6.831 r  fdtd_hdmi_bd_i/clk_wiz_0/inst/clkout3_buf/O
                         net (fo=28854, routed)       1.586     8.417    fdtd_hdmi_bd_i/renderer_0/inst/u_impl/u_ray_unit/u_marcher/g_march[10].u_step/clk_core
    DSP48_X2Y2           DSP48E1                                      r  fdtd_hdmi_bd_i/renderer_0/inst/u_impl/u_ray_unit/u_marcher/g_march[10].u_step/h_interp_D21/CLK
                         clock pessimism              0.567     8.984    
                         clock uncertainty           -0.072     8.913    
    DSP48_X2Y2           DSP48E1 (Setup_dsp48e1_CLK_D[21])
                                                     -0.595     8.318    fdtd_hdmi_bd_i/renderer_0/inst/u_impl/u_ray_unit/u_marcher/g_march[10].u_step/h_interp_D21
  -------------------------------------------------------------------
                         required time                          8.318    
                         arrival time                          -7.909    
  -------------------------------------------------------------------
                         slack                                  0.408    





Min Delay Paths
--------------------------------------------------------------------------------------
Slack (MET) :             0.023ns  (arrival time - required time)
  Source:                 fdtd_hdmi_bd_i/renderer_0/inst/u_impl/u_ray_unit/u_marcher/g_march[44].u_step/Py_out_reg[3]__0/C
                            (rising edge-triggered cell FDRE clocked by clk_out3_fdtd_hdmi_bd_clk_wiz_0_0  {rise@0.000ns fall@5.000ns period=10.000ns})
  Destination:            fdtd_hdmi_bd_i/renderer_0/inst/u_impl/u_ray_unit/u_marcher/g_march[45].u_step/Py_A_reg[8]/D
                            (rising edge-triggered cell FDRE clocked by clk_out3_fdtd_hdmi_bd_clk_wiz_0_0  {rise@0.000ns fall@5.000ns period=10.000ns})
  Path Group:             clk_out3_fdtd_hdmi_bd_clk_wiz_0_0
  Path Type:              Hold (Min at Fast Process Corner)
  Requirement:            0.000ns  (clk_out3_fdtd_hdmi_bd_clk_wiz_0_0 rise@0.000ns - clk_out3_fdtd_hdmi_bd_clk_wiz_0_0 rise@0.000ns)
  Data Path Delay:        0.479ns  (logic 0.370ns (77.220%)  route 0.109ns (22.780%))
  Logic Levels:           3  (CARRY4=3)
  Clock Path Skew:        0.351ns (DCD - SCD - CPR)
    Destination Clock Delay (DCD):    -0.776ns
    Source Clock Delay      (SCD):    -0.623ns
    Clock Pessimism Removal (CPR):    -0.504ns

    Location             Delay type                Incr(ns)  Path(ns)    Netlist Resource(s)
  -------------------------------------------------------------------    -------------------
                         (clock clk_out3_fdtd_hdmi_bd_clk_wiz_0_0 rise edge)
                                                      0.000     0.000 r  
    H16                                               0.000     0.000 r  clk (IN)
                         net (fo=0)                   0.000     0.000    fdtd_hdmi_bd_i/clk_wiz_0/inst/clk_in1
    H16                  IBUF (Prop_ibuf_I_O)         0.219     0.219 r  fdtd_hdmi_bd_i/clk_wiz_0/inst/clkin1_ibufg/O
                         net (fo=1, routed)           0.440     0.659    fdtd_hdmi_bd_i/clk_wiz_0/inst/clk_in1_fdtd_hdmi_bd_clk_wiz_0_0
    MMCME2_ADV_X1Y2      MMCME2_ADV (Prop_mmcme2_adv_CLKIN1_CLKOUT2)
                                                     -2.613    -1.954 r  fdtd_hdmi_bd_i/clk_wiz_0/inst/mmcm_adv_inst/CLKOUT2
                         net (fo=1, routed)           0.696    -1.257    fdtd_hdmi_bd_i/clk_wiz_0/inst/clk_out3_fdtd_hdmi_bd_clk_wiz_0_0
    BUFGCTRL_X0Y19       BUFG (Prop_bufg_I_O)         0.026    -1.231 r  fdtd_hdmi_bd_i/clk_wiz_0/inst/clkout3_buf/O
                         net (fo=28854, routed)       0.608    -0.623    fdtd_hdmi_bd_i/renderer_0/inst/u_impl/u_ray_unit/u_marcher/g_march[44].u_step/clk_core
    SLICE_X96Y99         FDRE                                         r  fdtd_hdmi_bd_i/renderer_0/inst/u_impl/u_ray_unit/u_marcher/g_march[44].u_step/Py_out_reg[3]__0/C
  -------------------------------------------------------------------    -------------------
    SLICE_X96Y99         FDRE (Prop_fdre_C_Q)         0.164    -0.459 r  fdtd_hdmi_bd_i/renderer_0/inst/u_impl/u_ray_unit/u_marcher/g_march[44].u_step/Py_out_reg[3]__0/Q
                         net (fo=2, routed)           0.108    -0.351    fdtd_hdmi_bd_i/renderer_0/inst/u_impl/u_ray_unit/u_marcher/g_march[45].u_step/Py_chain[45]_221[3]
    SLICE_X95Y98         CARRY4 (Prop_carry4_DI[3]_CO[3])
                                                      0.113    -0.238 r  fdtd_hdmi_bd_i/renderer_0/inst/u_impl/u_ray_unit/u_marcher/g_march[45].u_step/Py_A_reg[0]__0_i_1/CO[3]
                         net (fo=1, routed)           0.000    -0.238    fdtd_hdmi_bd_i/renderer_0/inst/u_impl/u_ray_unit/u_marcher/g_march[45].u_step/Py_A_reg[0]__0_i_1_n_0
    SLICE_X95Y99         CARRY4 (Prop_carry4_CI_CO[3])
                                                      0.039    -0.199 r  fdtd_hdmi_bd_i/renderer_0/inst/u_impl/u_ray_unit/u_marcher/g_march[45].u_step/Py_A_reg[4]__0_i_1/CO[3]
                         net (fo=1, routed)           0.001    -0.198    fdtd_hdmi_bd_i/renderer_0/inst/u_impl/u_ray_unit/u_marcher/g_march[45].u_step/Py_A_reg[4]__0_i_1_n_0
    SLICE_X95Y100        CARRY4 (Prop_carry4_CI_O[0])
                                                      0.054    -0.144 r  fdtd_hdmi_bd_i/renderer_0/inst/u_impl/u_ray_unit/u_marcher/g_march[45].u_step/Py_A_reg[11]_i_1/O[0]
                         net (fo=1, routed)           0.000    -0.144    fdtd_hdmi_bd_i/renderer_0/inst/u_impl/u_ray_unit/u_marcher/g_march[45].u_step/Py_A[8]
    SLICE_X95Y100        FDRE                                         r  fdtd_hdmi_bd_i/renderer_0/inst/u_impl/u_ray_unit/u_marcher/g_march[45].u_step/Py_A_reg[8]/D
  -------------------------------------------------------------------    -------------------

                         (clock clk_out3_fdtd_hdmi_bd_clk_wiz_0_0 rise edge)
                                                      0.000     0.000 r  
    H16                                               0.000     0.000 r  clk (IN)
                         net (fo=0)                   0.000     0.000    fdtd_hdmi_bd_i/clk_wiz_0/inst/clk_in1
    H16                  IBUF (Prop_ibuf_I_O)         0.406     0.406 r  fdtd_hdmi_bd_i/clk_wiz_0/inst/clkin1_ibufg/O
                         net (fo=1, routed)           0.480     0.886    fdtd_hdmi_bd_i/clk_wiz_0/inst/clk_in1_fdtd_hdmi_bd_clk_wiz_0_0
    MMCME2_ADV_X1Y2      MMCME2_ADV (Prop_mmcme2_adv_CLKIN1_CLKOUT2)
                                                     -3.407    -2.521 r  fdtd_hdmi_bd_i/clk_wiz_0/inst/mmcm_adv_inst/CLKOUT2
                         net (fo=1, routed)           0.752    -1.769    fdtd_hdmi_bd_i/clk_wiz_0/inst/clk_out3_fdtd_hdmi_bd_clk_wiz_0_0
    BUFGCTRL_X0Y19       BUFG (Prop_bufg_I_O)         0.029    -1.740 r  fdtd_hdmi_bd_i/clk_wiz_0/inst/clkout3_buf/O
                         net (fo=28854, routed)       0.964    -0.776    fdtd_hdmi_bd_i/renderer_0/inst/u_impl/u_ray_unit/u_marcher/g_march[45].u_step/clk_core
    SLICE_X95Y100        FDRE                                         r  fdtd_hdmi_bd_i/renderer_0/inst/u_impl/u_ray_unit/u_marcher/g_march[45].u_step/Py_A_reg[8]/C
                         clock pessimism              0.504    -0.272    
    SLICE_X95Y100        FDRE (Hold_fdre_C_D)         0.105    -0.167    fdtd_hdmi_bd_i/renderer_0/inst/u_impl/u_ray_unit/u_marcher/g_march[45].u_step/Py_A_reg[8]
  -------------------------------------------------------------------
                         required time                          0.167    
                         arrival time                          -0.144    
  -------------------------------------------------------------------
                         slack                                  0.023    

Slack (MET) :             0.031ns  (arrival time - required time)
  Source:                 fdtd_hdmi_bd_i/renderer_0/inst/u_impl/u_ray_unit/u_marcher/g_march[9].u_step/Dz_out_reg[14]__0/C
                            (rising edge-triggered cell FDRE clocked by clk_out3_fdtd_hdmi_bd_clk_wiz_0_0  {rise@0.000ns fall@5.000ns period=10.000ns})
  Destination:            fdtd_hdmi_bd_i/renderer_0/inst/u_impl/u_ray_unit/u_marcher/g_march[10].u_step/Dz_D3_reg[14]_srl10/D
                            (rising edge-triggered cell SRL16E clocked by clk_out3_fdtd_hdmi_bd_clk_wiz_0_0  {rise@0.000ns fall@5.000ns period=10.000ns})
  Path Group:             clk_out3_fdtd_hdmi_bd_clk_wiz_0_0
  Path Type:              Hold (Min at Fast Process Corner)
  Requirement:            0.000ns  (clk_out3_fdtd_hdmi_bd_clk_wiz_0_0 rise@0.000ns - clk_out3_fdtd_hdmi_bd_clk_wiz_0_0 rise@0.000ns)
  Data Path Delay:        0.399ns  (logic 0.164ns (41.140%)  route 0.235ns (58.860%))
  Logic Levels:           0  
  Clock Path Skew:        0.258ns (DCD - SCD - CPR)
    Destination Clock Delay (DCD):    -0.915ns
    Source Clock Delay      (SCD):    -0.670ns
    Clock Pessimism Removal (CPR):    -0.504ns

    Location             Delay type                Incr(ns)  Path(ns)    Netlist Resource(s)
  -------------------------------------------------------------------    -------------------
                         (clock clk_out3_fdtd_hdmi_bd_clk_wiz_0_0 rise edge)
                                                      0.000     0.000 r  
    H16                                               0.000     0.000 r  clk (IN)
                         net (fo=0)                   0.000     0.000    fdtd_hdmi_bd_i/clk_wiz_0/inst/clk_in1
    H16                  IBUF (Prop_ibuf_I_O)         0.219     0.219 r  fdtd_hdmi_bd_i/clk_wiz_0/inst/clkin1_ibufg/O
                         net (fo=1, routed)           0.440     0.659    fdtd_hdmi_bd_i/clk_wiz_0/inst/clk_in1_fdtd_hdmi_bd_clk_wiz_0_0
    MMCME2_ADV_X1Y2      MMCME2_ADV (Prop_mmcme2_adv_CLKIN1_CLKOUT2)
                                                     -2.613    -1.954 r  fdtd_hdmi_bd_i/clk_wiz_0/inst/mmcm_adv_inst/CLKOUT2
                         net (fo=1, routed)           0.696    -1.257    fdtd_hdmi_bd_i/clk_wiz_0/inst/clk_out3_fdtd_hdmi_bd_clk_wiz_0_0
    BUFGCTRL_X0Y19       BUFG (Prop_bufg_I_O)         0.026    -1.231 r  fdtd_hdmi_bd_i/clk_wiz_0/inst/clkout3_buf/O
                         net (fo=28854, routed)       0.562    -0.670    fdtd_hdmi_bd_i/renderer_0/inst/u_impl/u_ray_unit/u_marcher/g_march[9].u_step/clk_core
    SLICE_X46Y6          FDRE                                         r  fdtd_hdmi_bd_i/renderer_0/inst/u_impl/u_ray_unit/u_marcher/g_march[9].u_step/Dz_out_reg[14]__0/C
  -------------------------------------------------------------------    -------------------
    SLICE_X46Y6          FDRE (Prop_fdre_C_Q)         0.164    -0.506 r  fdtd_hdmi_bd_i/renderer_0/inst/u_impl/u_ray_unit/u_marcher/g_march[9].u_step/Dz_out_reg[14]__0/Q
                         net (fo=2, routed)           0.235    -0.271    fdtd_hdmi_bd_i/renderer_0/inst/u_impl/u_ray_unit/u_marcher/g_march[10].u_step/Dz_chain[10]_49[9]
    SLICE_X50Y6          SRL16E                                       r  fdtd_hdmi_bd_i/renderer_0/inst/u_impl/u_ray_unit/u_marcher/g_march[10].u_step/Dz_D3_reg[14]_srl10/D
  -------------------------------------------------------------------    -------------------

                         (clock clk_out3_fdtd_hdmi_bd_clk_wiz_0_0 rise edge)
                                                      0.000     0.000 r  
    H16                                               0.000     0.000 r  clk (IN)
                         net (fo=0)                   0.000     0.000    fdtd_hdmi_bd_i/clk_wiz_0/inst/clk_in1
    H16                  IBUF (Prop_ibuf_I_O)         0.406     0.406 r  fdtd_hdmi_bd_i/clk_wiz_0/inst/clkin1_ibufg/O
                         net (fo=1, routed)           0.480     0.886    fdtd_hdmi_bd_i/clk_wiz_0/inst/clk_in1_fdtd_hdmi_bd_clk_wiz_0_0
    MMCME2_ADV_X1Y2      MMCME2_ADV (Prop_mmcme2_adv_CLKIN1_CLKOUT2)
                                                     -3.407    -2.521 r  fdtd_hdmi_bd_i/clk_wiz_0/inst/mmcm_adv_inst/CLKOUT2
                         net (fo=1, routed)           0.752    -1.769    fdtd_hdmi_bd_i/clk_wiz_0/inst/clk_out3_fdtd_hdmi_bd_clk_wiz_0_0
    BUFGCTRL_X0Y19       BUFG (Prop_bufg_I_O)         0.029    -1.740 r  fdtd_hdmi_bd_i/clk_wiz_0/inst/clkout3_buf/O
                         net (fo=28854, routed)       0.825    -0.915    fdtd_hdmi_bd_i/renderer_0/inst/u_impl/u_ray_unit/u_marcher/g_march[10].u_step/clk_core
    SLICE_X50Y6          SRL16E                                       r  fdtd_hdmi_bd_i/renderer_0/inst/u_impl/u_ray_unit/u_marcher/g_march[10].u_step/Dz_D3_reg[14]_srl10/CLK
                         clock pessimism              0.504    -0.411    
    SLICE_X50Y6          SRL16E (Hold_srl16e_CLK_D)
                                                      0.109    -0.302    fdtd_hdmi_bd_i/renderer_0/inst/u_impl/u_ray_unit/u_marcher/g_march[10].u_step/Dz_D3_reg[14]_srl10
  -------------------------------------------------------------------
                         required time                          0.302    
                         arrival time                          -0.271    
  -------------------------------------------------------------------
                         slack                                  0.031    

Slack (MET) :             0.034ns  (arrival time - required time)
  Source:                 fdtd_hdmi_bd_i/renderer_0/inst/u_impl/u_ray_unit/u_marcher/g_march[44].u_step/Py_out_reg[3]__0/C
                            (rising edge-triggered cell FDRE clocked by clk_out3_fdtd_hdmi_bd_clk_wiz_0_0  {rise@0.000ns fall@5.000ns period=10.000ns})
  Destination:            fdtd_hdmi_bd_i/renderer_0/inst/u_impl/u_ray_unit/u_marcher/g_march[45].u_step/Py_A_reg[10]/D
                            (rising edge-triggered cell FDRE clocked by clk_out3_fdtd_hdmi_bd_clk_wiz_0_0  {rise@0.000ns fall@5.000ns period=10.000ns})
  Path Group:             clk_out3_fdtd_hdmi_bd_clk_wiz_0_0
  Path Type:              Hold (Min at Fast Process Corner)
  Requirement:            0.000ns  (clk_out3_fdtd_hdmi_bd_clk_wiz_0_0 rise@0.000ns - clk_out3_fdtd_hdmi_bd_clk_wiz_0_0 rise@0.000ns)
  Data Path Delay:        0.490ns  (logic 0.381ns (77.731%)  route 0.109ns (22.269%))
  Logic Levels:           3  (CARRY4=3)
  Clock Path Skew:        0.351ns (DCD - SCD - CPR)
    Destination Clock Delay (DCD):    -0.776ns
    Source Clock Delay      (SCD):    -0.623ns
    Clock Pessimism Removal (CPR):    -0.504ns

    Location             Delay type                Incr(ns)  Path(ns)    Netlist Resource(s)
  -------------------------------------------------------------------    -------------------
                         (clock clk_out3_fdtd_hdmi_bd_clk_wiz_0_0 rise edge)
                                                      0.000     0.000 r  
    H16                                               0.000     0.000 r  clk (IN)
                         net (fo=0)                   0.000     0.000    fdtd_hdmi_bd_i/clk_wiz_0/inst/clk_in1
    H16                  IBUF (Prop_ibuf_I_O)         0.219     0.219 r  fdtd_hdmi_bd_i/clk_wiz_0/inst/clkin1_ibufg/O
                         net (fo=1, routed)           0.440     0.659    fdtd_hdmi_bd_i/clk_wiz_0/inst/clk_in1_fdtd_hdmi_bd_clk_wiz_0_0
    MMCME2_ADV_X1Y2      MMCME2_ADV (Prop_mmcme2_adv_CLKIN1_CLKOUT2)
                                                     -2.613    -1.954 r  fdtd_hdmi_bd_i/clk_wiz_0/inst/mmcm_adv_inst/CLKOUT2
                         net (fo=1, routed)           0.696    -1.257    fdtd_hdmi_bd_i/clk_wiz_0/inst/clk_out3_fdtd_hdmi_bd_clk_wiz_0_0
    BUFGCTRL_X0Y19       BUFG (Prop_bufg_I_O)         0.026    -1.231 r  fdtd_hdmi_bd_i/clk_wiz_0/inst/clkout3_buf/O
                         net (fo=28854, routed)       0.608    -0.623    fdtd_hdmi_bd_i/renderer_0/inst/u_impl/u_ray_unit/u_marcher/g_march[44].u_step/clk_core
    SLICE_X96Y99         FDRE                                         r  fdtd_hdmi_bd_i/renderer_0/inst/u_impl/u_ray_unit/u_marcher/g_march[44].u_step/Py_out_reg[3]__0/C
  -------------------------------------------------------------------    -------------------
    SLICE_X96Y99         FDRE (Prop_fdre_C_Q)         0.164    -0.459 r  fdtd_hdmi_bd_i/renderer_0/inst/u_impl/u_ray_unit/u_marcher/g_march[44].u_step/Py_out_reg[3]__0/Q
                         net (fo=2, routed)           0.108    -0.351    fdtd_hdmi_bd_i/renderer_0/inst/u_impl/u_ray_unit/u_marcher/g_march[45].u_step/Py_chain[45]_221[3]
    SLICE_X95Y98         CARRY4 (Prop_carry4_DI[3]_CO[3])
                                                      0.113    -0.238 r  fdtd_hdmi_bd_i/renderer_0/inst/u_impl/u_ray_unit/u_marcher/g_march[45].u_step/Py_A_reg[0]__0_i_1/CO[3]
                         net (fo=1, routed)           0.000    -0.238    fdtd_hdmi_bd_i/renderer_0/inst/u_impl/u_ray_unit/u_marcher/g_march[45].u_step/Py_A_reg[0]__0_i_1_n_0
    SLICE_X95Y99         CARRY4 (Prop_carry4_CI_CO[3])
                                                      0.039    -0.199 r  fdtd_hdmi_bd_i/renderer_0/inst/u_impl/u_ray_unit/u_marcher/g_march[45].u_step/Py_A_reg[4]__0_i_1/CO[3]
                         net (fo=1, routed)           0.001    -0.198    fdtd_hdmi_bd_i/renderer_0/inst/u_impl/u_ray_unit/u_marcher/g_march[45].u_step/Py_A_reg[4]__0_i_1_n_0
    SLICE_X95Y100        CARRY4 (Prop_carry4_CI_O[2])
                                                      0.065    -0.133 r  fdtd_hdmi_bd_i/renderer_0/inst/u_impl/u_ray_unit/u_marcher/g_march[45].u_step/Py_A_reg[11]_i_1/O[2]
                         net (fo=1, routed)           0.000    -0.133    fdtd_hdmi_bd_i/renderer_0/inst/u_impl/u_ray_unit/u_marcher/g_march[45].u_step/Py_A[10]
    SLICE_X95Y100        FDRE                                         r  fdtd_hdmi_bd_i/renderer_0/inst/u_impl/u_ray_unit/u_marcher/g_march[45].u_step/Py_A_reg[10]/D
  -------------------------------------------------------------------    -------------------

                         (clock clk_out3_fdtd_hdmi_bd_clk_wiz_0_0 rise edge)
                                                      0.000     0.000 r  
    H16                                               0.000     0.000 r  clk (IN)
                         net (fo=0)                   0.000     0.000    fdtd_hdmi_bd_i/clk_wiz_0/inst/clk_in1
    H16                  IBUF (Prop_ibuf_I_O)         0.406     0.406 r  fdtd_hdmi_bd_i/clk_wiz_0/inst/clkin1_ibufg/O
                         net (fo=1, routed)           0.480     0.886    fdtd_hdmi_bd_i/clk_wiz_0/inst/clk_in1_fdtd_hdmi_bd_clk_wiz_0_0
    MMCME2_ADV_X1Y2      MMCME2_ADV (Prop_mmcme2_adv_CLKIN1_CLKOUT2)
                                                     -3.407    -2.521 r  fdtd_hdmi_bd_i/clk_wiz_0/inst/mmcm_adv_inst/CLKOUT2
                         net (fo=1, routed)           0.752    -1.769    fdtd_hdmi_bd_i/clk_wiz_0/inst/clk_out3_fdtd_hdmi_bd_clk_wiz_0_0
    BUFGCTRL_X0Y19       BUFG (Prop_bufg_I_O)         0.029    -1.740 r  fdtd_hdmi_bd_i/clk_wiz_0/inst/clkout3_buf/O
                         net (fo=28854, routed)       0.964    -0.776    fdtd_hdmi_bd_i/renderer_0/inst/u_impl/u_ray_unit/u_marcher/g_march[45].u_step/clk_core
    SLICE_X95Y100        FDRE                                         r  fdtd_hdmi_bd_i/renderer_0/inst/u_impl/u_ray_unit/u_marcher/g_march[45].u_step/Py_A_reg[10]/C
                         clock pessimism              0.504    -0.272    
    SLICE_X95Y100        FDRE (Hold_fdre_C_D)         0.105    -0.167    fdtd_hdmi_bd_i/renderer_0/inst/u_impl/u_ray_unit/u_marcher/g_march[45].u_step/Py_A_reg[10]
  -------------------------------------------------------------------
                         required time                          0.167    
                         arrival time                          -0.133    
  -------------------------------------------------------------------
                         slack                                  0.034    

Slack (MET) :             0.035ns  (arrival time - required time)
  Source:                 fdtd_hdmi_bd_i/renderer_0/inst/u_impl/u_ray_unit/u_marcher/g_march[12].u_step/Pz_A_reg[15]__0/C
                            (rising edge-triggered cell FDRE clocked by clk_out3_fdtd_hdmi_bd_clk_wiz_0_0  {rise@0.000ns fall@5.000ns period=10.000ns})
  Destination:            fdtd_hdmi_bd_i/renderer_0/inst/u_impl/u_ray_unit/u_marcher/g_march[12].u_step/Pz_D_reg[15]_srl7/D
                            (rising edge-triggered cell SRL16E clocked by clk_out3_fdtd_hdmi_bd_clk_wiz_0_0  {rise@0.000ns fall@5.000ns period=10.000ns})
  Path Group:             clk_out3_fdtd_hdmi_bd_clk_wiz_0_0
  Path Type:              Hold (Min at Fast Process Corner)
  Requirement:            0.000ns  (clk_out3_fdtd_hdmi_bd_clk_wiz_0_0 rise@0.000ns - clk_out3_fdtd_hdmi_bd_clk_wiz_0_0 rise@0.000ns)
  Data Path Delay:        0.255ns  (logic 0.141ns (55.307%)  route 0.114ns (44.693%))
  Logic Levels:           0  
  Clock Path Skew:        0.037ns (DCD - SCD - CPR)
    Destination Clock Delay (DCD):    -0.882ns
    Source Clock Delay      (SCD):    -0.644ns
    Clock Pessimism Removal (CPR):    -0.275ns

    Location             Delay type                Incr(ns)  Path(ns)    Netlist Resource(s)
  -------------------------------------------------------------------    -------------------
                         (clock clk_out3_fdtd_hdmi_bd_clk_wiz_0_0 rise edge)
                                                      0.000     0.000 r  
    H16                                               0.000     0.000 r  clk (IN)
                         net (fo=0)                   0.000     0.000    fdtd_hdmi_bd_i/clk_wiz_0/inst/clk_in1
    H16                  IBUF (Prop_ibuf_I_O)         0.219     0.219 r  fdtd_hdmi_bd_i/clk_wiz_0/inst/clkin1_ibufg/O
                         net (fo=1, routed)           0.440     0.659    fdtd_hdmi_bd_i/clk_wiz_0/inst/clk_in1_fdtd_hdmi_bd_clk_wiz_0_0
    MMCME2_ADV_X1Y2      MMCME2_ADV (Prop_mmcme2_adv_CLKIN1_CLKOUT2)
                                                     -2.613    -1.954 r  fdtd_hdmi_bd_i/clk_wiz_0/inst/mmcm_adv_inst/CLKOUT2
                         net (fo=1, routed)           0.696    -1.257    fdtd_hdmi_bd_i/clk_wiz_0/inst/clk_out3_fdtd_hdmi_bd_clk_wiz_0_0
    BUFGCTRL_X0Y19       BUFG (Prop_bufg_I_O)         0.026    -1.231 r  fdtd_hdmi_bd_i/clk_wiz_0/inst/clkout3_buf/O
                         net (fo=28854, routed)       0.588    -0.644    fdtd_hdmi_bd_i/renderer_0/inst/u_impl/u_ray_unit/u_marcher/g_march[12].u_step/clk_core
    SLICE_X85Y7          FDRE                                         r  fdtd_hdmi_bd_i/renderer_0/inst/u_impl/u_ray_unit/u_marcher/g_march[12].u_step/Pz_A_reg[15]__0/C
  -------------------------------------------------------------------    -------------------
    SLICE_X85Y7          FDRE (Prop_fdre_C_Q)         0.141    -0.503 r  fdtd_hdmi_bd_i/renderer_0/inst/u_impl/u_ray_unit/u_marcher/g_march[12].u_step/Pz_A_reg[15]__0/Q
                         net (fo=1, routed)           0.114    -0.389    fdtd_hdmi_bd_i/renderer_0/inst/u_impl/u_ray_unit/u_marcher/g_march[12].u_step/Pz_A_reg[15]__0_n_0
    SLICE_X86Y6          SRL16E                                       r  fdtd_hdmi_bd_i/renderer_0/inst/u_impl/u_ray_unit/u_marcher/g_march[12].u_step/Pz_D_reg[15]_srl7/D
  -------------------------------------------------------------------    -------------------

                         (clock clk_out3_fdtd_hdmi_bd_clk_wiz_0_0 rise edge)
                                                      0.000     0.000 r  
    H16                                               0.000     0.000 r  clk (IN)
                         net (fo=0)                   0.000     0.000    fdtd_hdmi_bd_i/clk_wiz_0/inst/clk_in1
    H16                  IBUF (Prop_ibuf_I_O)         0.406     0.406 r  fdtd_hdmi_bd_i/clk_wiz_0/inst/clkin1_ibufg/O
                         net (fo=1, routed)           0.480     0.886    fdtd_hdmi_bd_i/clk_wiz_0/inst/clk_in1_fdtd_hdmi_bd_clk_wiz_0_0
    MMCME2_ADV_X1Y2      MMCME2_ADV (Prop_mmcme2_adv_CLKIN1_CLKOUT2)
                                                     -3.407    -2.521 r  fdtd_hdmi_bd_i/clk_wiz_0/inst/mmcm_adv_inst/CLKOUT2
                         net (fo=1, routed)           0.752    -1.769    fdtd_hdmi_bd_i/clk_wiz_0/inst/clk_out3_fdtd_hdmi_bd_clk_wiz_0_0
    BUFGCTRL_X0Y19       BUFG (Prop_bufg_I_O)         0.029    -1.740 r  fdtd_hdmi_bd_i/clk_wiz_0/inst/clkout3_buf/O
                         net (fo=28854, routed)       0.858    -0.882    fdtd_hdmi_bd_i/renderer_0/inst/u_impl/u_ray_unit/u_marcher/g_march[12].u_step/clk_core
    SLICE_X86Y6          SRL16E                                       r  fdtd_hdmi_bd_i/renderer_0/inst/u_impl/u_ray_unit/u_marcher/g_march[12].u_step/Pz_D_reg[15]_srl7/CLK
                         clock pessimism              0.275    -0.607    
    SLICE_X86Y6          SRL16E (Hold_srl16e_CLK_D)
                                                      0.183    -0.424    fdtd_hdmi_bd_i/renderer_0/inst/u_impl/u_ray_unit/u_marcher/g_march[12].u_step/Pz_D_reg[15]_srl7
  -------------------------------------------------------------------
                         required time                          0.424    
                         arrival time                          -0.389    
  -------------------------------------------------------------------
                         slack                                  0.035    

Slack (MET) :             0.035ns  (arrival time - required time)
  Source:                 fdtd_hdmi_bd_i/renderer_0/inst/u_impl/u_ray_unit/u_marcher/g_march[54].u_step/ix1_B1_reg[1]/C
                            (rising edge-triggered cell FDRE clocked by clk_out3_fdtd_hdmi_bd_clk_wiz_0_0  {rise@0.000ns fall@5.000ns period=10.000ns})
  Destination:            fdtd_hdmi_bd_i/renderer_0/inst/u_impl/u_ray_unit/u_marcher/g_march[54].u_step/ix1_B2_reg[1]/D
                            (rising edge-triggered cell FDRE clocked by clk_out3_fdtd_hdmi_bd_clk_wiz_0_0  {rise@0.000ns fall@5.000ns period=10.000ns})
  Path Group:             clk_out3_fdtd_hdmi_bd_clk_wiz_0_0
  Path Type:              Hold (Min at Fast Process Corner)
  Requirement:            0.000ns  (clk_out3_fdtd_hdmi_bd_clk_wiz_0_0 rise@0.000ns - clk_out3_fdtd_hdmi_bd_clk_wiz_0_0 rise@0.000ns)
  Data Path Delay:        0.363ns  (logic 0.141ns (38.875%)  route 0.222ns (61.125%))
  Logic Levels:           0  
  Clock Path Skew:        0.257ns (DCD - SCD - CPR)
    Destination Clock Delay (DCD):    -0.846ns
    Source Clock Delay      (SCD):    -0.603ns
    Clock Pessimism Removal (CPR):    -0.500ns

    Location             Delay type                Incr(ns)  Path(ns)    Netlist Resource(s)
  -------------------------------------------------------------------    -------------------
                         (clock clk_out3_fdtd_hdmi_bd_clk_wiz_0_0 rise edge)
                                                      0.000     0.000 r  
    H16                                               0.000     0.000 r  clk (IN)
                         net (fo=0)                   0.000     0.000    fdtd_hdmi_bd_i/clk_wiz_0/inst/clk_in1
    H16                  IBUF (Prop_ibuf_I_O)         0.219     0.219 r  fdtd_hdmi_bd_i/clk_wiz_0/inst/clkin1_ibufg/O
                         net (fo=1, routed)           0.440     0.659    fdtd_hdmi_bd_i/clk_wiz_0/inst/clk_in1_fdtd_hdmi_bd_clk_wiz_0_0
    MMCME2_ADV_X1Y2      MMCME2_ADV (Prop_mmcme2_adv_CLKIN1_CLKOUT2)
                                                     -2.613    -1.954 r  fdtd_hdmi_bd_i/clk_wiz_0/inst/mmcm_adv_inst/CLKOUT2
                         net (fo=1, routed)           0.696    -1.257    fdtd_hdmi_bd_i/clk_wiz_0/inst/clk_out3_fdtd_hdmi_bd_clk_wiz_0_0
    BUFGCTRL_X0Y19       BUFG (Prop_bufg_I_O)         0.026    -1.231 r  fdtd_hdmi_bd_i/clk_wiz_0/inst/clkout3_buf/O
                         net (fo=28854, routed)       0.628    -0.603    fdtd_hdmi_bd_i/renderer_0/inst/u_impl/u_ray_unit/u_marcher/g_march[54].u_step/clk_core
    SLICE_X48Y129        FDRE                                         r  fdtd_hdmi_bd_i/renderer_0/inst/u_impl/u_ray_unit/u_marcher/g_march[54].u_step/ix1_B1_reg[1]/C
  -------------------------------------------------------------------    -------------------
    SLICE_X48Y129        FDRE (Prop_fdre_C_Q)         0.141    -0.462 r  fdtd_hdmi_bd_i/renderer_0/inst/u_impl/u_ray_unit/u_marcher/g_march[54].u_step/ix1_B1_reg[1]/Q
                         net (fo=2, routed)           0.222    -0.240    fdtd_hdmi_bd_i/renderer_0/inst/u_impl/u_ray_unit/u_marcher/g_march[54].u_step/data1[1]
    SLICE_X51Y128        FDRE                                         r  fdtd_hdmi_bd_i/renderer_0/inst/u_impl/u_ray_unit/u_marcher/g_march[54].u_step/ix1_B2_reg[1]/D
  -------------------------------------------------------------------    -------------------

                         (clock clk_out3_fdtd_hdmi_bd_clk_wiz_0_0 rise edge)
                                                      0.000     0.000 r  
    H16                                               0.000     0.000 r  clk (IN)
                         net (fo=0)                   0.000     0.000    fdtd_hdmi_bd_i/clk_wiz_0/inst/clk_in1
    H16                  IBUF (Prop_ibuf_I_O)         0.406     0.406 r  fdtd_hdmi_bd_i/clk_wiz_0/inst/clkin1_ibufg/O
                         net (fo=1, routed)           0.480     0.886    fdtd_hdmi_bd_i/clk_wiz_0/inst/clk_in1_fdtd_hdmi_bd_clk_wiz_0_0
    MMCME2_ADV_X1Y2      MMCME2_ADV (Prop_mmcme2_adv_CLKIN1_CLKOUT2)
                                                     -3.407    -2.521 r  fdtd_hdmi_bd_i/clk_wiz_0/inst/mmcm_adv_inst/CLKOUT2
                         net (fo=1, routed)           0.752    -1.769    fdtd_hdmi_bd_i/clk_wiz_0/inst/clk_out3_fdtd_hdmi_bd_clk_wiz_0_0
    BUFGCTRL_X0Y19       BUFG (Prop_bufg_I_O)         0.029    -1.740 r  fdtd_hdmi_bd_i/clk_wiz_0/inst/clkout3_buf/O
                         net (fo=28854, routed)       0.894    -0.846    fdtd_hdmi_bd_i/renderer_0/inst/u_impl/u_ray_unit/u_marcher/g_march[54].u_step/clk_core
    SLICE_X51Y128        FDRE                                         r  fdtd_hdmi_bd_i/renderer_0/inst/u_impl/u_ray_unit/u_marcher/g_march[54].u_step/ix1_B2_reg[1]/C
                         clock pessimism              0.500    -0.346    
    SLICE_X51Y128        FDRE (Hold_fdre_C_D)         0.070    -0.276    fdtd_hdmi_bd_i/renderer_0/inst/u_impl/u_ray_unit/u_marcher/g_march[54].u_step/ix1_B2_reg[1]
  -------------------------------------------------------------------
                         required time                          0.276    
                         arrival time                          -0.240    
  -------------------------------------------------------------------
                         slack                                  0.035    

Slack (MET) :             0.036ns  (arrival time - required time)
  Source:                 fdtd_hdmi_bd_i/renderer_0/inst/u_impl/u_ray_unit/u_marcher/g_march[48].u_step/Px_A_reg[7]__0/C
                            (rising edge-triggered cell FDRE clocked by clk_out3_fdtd_hdmi_bd_clk_wiz_0_0  {rise@0.000ns fall@5.000ns period=10.000ns})
  Destination:            fdtd_hdmi_bd_i/renderer_0/inst/u_impl/u_ray_unit/u_marcher/g_march[48].u_step/xf_B1_reg[7]_srl2/D
                            (rising edge-triggered cell SRL16E clocked by clk_out3_fdtd_hdmi_bd_clk_wiz_0_0  {rise@0.000ns fall@5.000ns period=10.000ns})
  Path Group:             clk_out3_fdtd_hdmi_bd_clk_wiz_0_0
  Path Type:              Hold (Min at Fast Process Corner)
  Requirement:            0.000ns  (clk_out3_fdtd_hdmi_bd_clk_wiz_0_0 rise@0.000ns - clk_out3_fdtd_hdmi_bd_clk_wiz_0_0 rise@0.000ns)
  Data Path Delay:        0.255ns  (logic 0.141ns (55.281%)  route 0.114ns (44.719%))
  Logic Levels:           0  
  Clock Path Skew:        0.036ns (DCD - SCD - CPR)
    Destination Clock Delay (DCD):    -0.779ns
    Source Clock Delay      (SCD):    -0.544ns
    Clock Pessimism Removal (CPR):    -0.271ns

    Location             Delay type                Incr(ns)  Path(ns)    Netlist Resource(s)
  -------------------------------------------------------------------    -------------------
                         (clock clk_out3_fdtd_hdmi_bd_clk_wiz_0_0 rise edge)
                                                      0.000     0.000 r  
    H16                                               0.000     0.000 r  clk (IN)
                         net (fo=0)                   0.000     0.000    fdtd_hdmi_bd_i/clk_wiz_0/inst/clk_in1
    H16                  IBUF (Prop_ibuf_I_O)         0.219     0.219 r  fdtd_hdmi_bd_i/clk_wiz_0/inst/clkin1_ibufg/O
                         net (fo=1, routed)           0.440     0.659    fdtd_hdmi_bd_i/clk_wiz_0/inst/clk_in1_fdtd_hdmi_bd_clk_wiz_0_0
    MMCME2_ADV_X1Y2      MMCME2_ADV (Prop_mmcme2_adv_CLKIN1_CLKOUT2)
                                                     -2.613    -1.954 r  fdtd_hdmi_bd_i/clk_wiz_0/inst/mmcm_adv_inst/CLKOUT2
                         net (fo=1, routed)           0.696    -1.257    fdtd_hdmi_bd_i/clk_wiz_0/inst/clk_out3_fdtd_hdmi_bd_clk_wiz_0_0
    BUFGCTRL_X0Y19       BUFG (Prop_bufg_I_O)         0.026    -1.231 r  fdtd_hdmi_bd_i/clk_wiz_0/inst/clkout3_buf/O
                         net (fo=28854, routed)       0.687    -0.544    fdtd_hdmi_bd_i/renderer_0/inst/u_impl/u_ray_unit/u_marcher/g_march[48].u_step/clk_core
    SLICE_X91Y108        FDRE                                         r  fdtd_hdmi_bd_i/renderer_0/inst/u_impl/u_ray_unit/u_marcher/g_march[48].u_step/Px_A_reg[7]__0/C
  -------------------------------------------------------------------    -------------------
    SLICE_X91Y108        FDRE (Prop_fdre_C_Q)         0.141    -0.403 r  fdtd_hdmi_bd_i/renderer_0/inst/u_impl/u_ray_unit/u_marcher/g_march[48].u_step/Px_A_reg[7]__0/Q
                         net (fo=1, routed)           0.114    -0.289    fdtd_hdmi_bd_i/renderer_0/inst/u_impl/u_ray_unit/u_marcher/g_march[48].u_step/Px_A_reg[7]__0_n_0
    SLICE_X92Y107        SRL16E                                       r  fdtd_hdmi_bd_i/renderer_0/inst/u_impl/u_ray_unit/u_marcher/g_march[48].u_step/xf_B1_reg[7]_srl2/D
  -------------------------------------------------------------------    -------------------

                         (clock clk_out3_fdtd_hdmi_bd_clk_wiz_0_0 rise edge)
                                                      0.000     0.000 r  
    H16                                               0.000     0.000 r  clk (IN)
                         net (fo=0)                   0.000     0.000    fdtd_hdmi_bd_i/clk_wiz_0/inst/clk_in1
    H16                  IBUF (Prop_ibuf_I_O)         0.406     0.406 r  fdtd_hdmi_bd_i/clk_wiz_0/inst/clkin1_ibufg/O
                         net (fo=1, routed)           0.480     0.886    fdtd_hdmi_bd_i/clk_wiz_0/inst/clk_in1_fdtd_hdmi_bd_clk_wiz_0_0
    MMCME2_ADV_X1Y2      MMCME2_ADV (Prop_mmcme2_adv_CLKIN1_CLKOUT2)
                                                     -3.407    -2.521 r  fdtd_hdmi_bd_i/clk_wiz_0/inst/mmcm_adv_inst/CLKOUT2
                         net (fo=1, routed)           0.752    -1.769    fdtd_hdmi_bd_i/clk_wiz_0/inst/clk_out3_fdtd_hdmi_bd_clk_wiz_0_0
    BUFGCTRL_X0Y19       BUFG (Prop_bufg_I_O)         0.029    -1.740 r  fdtd_hdmi_bd_i/clk_wiz_0/inst/clkout3_buf/O
                         net (fo=28854, routed)       0.961    -0.779    fdtd_hdmi_bd_i/renderer_0/inst/u_impl/u_ray_unit/u_marcher/g_march[48].u_step/clk_core
    SLICE_X92Y107        SRL16E                                       r  fdtd_hdmi_bd_i/renderer_0/inst/u_impl/u_ray_unit/u_marcher/g_march[48].u_step/xf_B1_reg[7]_srl2/CLK
                         clock pessimism              0.271    -0.508    
    SLICE_X92Y107        SRL16E (Hold_srl16e_CLK_D)
                                                      0.183    -0.325    fdtd_hdmi_bd_i/renderer_0/inst/u_impl/u_ray_unit/u_marcher/g_march[48].u_step/xf_B1_reg[7]_srl2
  -------------------------------------------------------------------
                         required time                          0.325    
                         arrival time                          -0.289    
  -------------------------------------------------------------------
                         slack                                  0.036    

Slack (MET) :             0.037ns  (arrival time - required time)
  Source:                 fdtd_hdmi_bd_i/renderer_0/inst/u_impl/u_ray_unit/u_marcher/g_march[30].u_step/Pz_A_reg[15]__0/C
                            (rising edge-triggered cell FDRE clocked by clk_out3_fdtd_hdmi_bd_clk_wiz_0_0  {rise@0.000ns fall@5.000ns period=10.000ns})
  Destination:            fdtd_hdmi_bd_i/renderer_0/inst/u_impl/u_ray_unit/u_marcher/g_march[30].u_step/Pz_D_reg[15]_srl7/D
                            (rising edge-triggered cell SRL16E clocked by clk_out3_fdtd_hdmi_bd_clk_wiz_0_0  {rise@0.000ns fall@5.000ns period=10.000ns})
  Path Group:             clk_out3_fdtd_hdmi_bd_clk_wiz_0_0
  Path Type:              Hold (Min at Fast Process Corner)
  Requirement:            0.000ns  (clk_out3_fdtd_hdmi_bd_clk_wiz_0_0 rise@0.000ns - clk_out3_fdtd_hdmi_bd_clk_wiz_0_0 rise@0.000ns)
  Data Path Delay:        0.255ns  (logic 0.141ns (55.307%)  route 0.114ns (44.693%))
  Logic Levels:           0  
  Clock Path Skew:        0.035ns (DCD - SCD - CPR)
    Destination Clock Delay (DCD):    -0.887ns
    Source Clock Delay      (SCD):    -0.647ns
    Clock Pessimism Removal (CPR):    -0.274ns

    Location             Delay type                Incr(ns)  Path(ns)    Netlist Resource(s)
  -------------------------------------------------------------------    -------------------
                         (clock clk_out3_fdtd_hdmi_bd_clk_wiz_0_0 rise edge)
                                                      0.000     0.000 r  
    H16                                               0.000     0.000 r  clk (IN)
                         net (fo=0)                   0.000     0.000    fdtd_hdmi_bd_i/clk_wiz_0/inst/clk_in1
    H16                  IBUF (Prop_ibuf_I_O)         0.219     0.219 r  fdtd_hdmi_bd_i/clk_wiz_0/inst/clkin1_ibufg/O
                         net (fo=1, routed)           0.440     0.659    fdtd_hdmi_bd_i/clk_wiz_0/inst/clk_in1_fdtd_hdmi_bd_clk_wiz_0_0
    MMCME2_ADV_X1Y2      MMCME2_ADV (Prop_mmcme2_adv_CLKIN1_CLKOUT2)
                                                     -2.613    -1.954 r  fdtd_hdmi_bd_i/clk_wiz_0/inst/mmcm_adv_inst/CLKOUT2
                         net (fo=1, routed)           0.696    -1.257    fdtd_hdmi_bd_i/clk_wiz_0/inst/clk_out3_fdtd_hdmi_bd_clk_wiz_0_0
    BUFGCTRL_X0Y19       BUFG (Prop_bufg_I_O)         0.026    -1.231 r  fdtd_hdmi_bd_i/clk_wiz_0/inst/clkout3_buf/O
                         net (fo=28854, routed)       0.584    -0.647    fdtd_hdmi_bd_i/renderer_0/inst/u_impl/u_ray_unit/u_marcher/g_march[30].u_step/clk_core
    SLICE_X81Y51         FDRE                                         r  fdtd_hdmi_bd_i/renderer_0/inst/u_impl/u_ray_unit/u_marcher/g_march[30].u_step/Pz_A_reg[15]__0/C
  -------------------------------------------------------------------    -------------------
    SLICE_X81Y51         FDRE (Prop_fdre_C_Q)         0.141    -0.506 r  fdtd_hdmi_bd_i/renderer_0/inst/u_impl/u_ray_unit/u_marcher/g_march[30].u_step/Pz_A_reg[15]__0/Q
                         net (fo=1, routed)           0.114    -0.392    fdtd_hdmi_bd_i/renderer_0/inst/u_impl/u_ray_unit/u_marcher/g_march[30].u_step/Pz_A_reg[15]__0_n_0
    SLICE_X82Y50         SRL16E                                       r  fdtd_hdmi_bd_i/renderer_0/inst/u_impl/u_ray_unit/u_marcher/g_march[30].u_step/Pz_D_reg[15]_srl7/D
  -------------------------------------------------------------------    -------------------

                         (clock clk_out3_fdtd_hdmi_bd_clk_wiz_0_0 rise edge)
                                                      0.000     0.000 r  
    H16                                               0.000     0.000 r  clk (IN)
                         net (fo=0)                   0.000     0.000    fdtd_hdmi_bd_i/clk_wiz_0/inst/clk_in1
    H16                  IBUF (Prop_ibuf_I_O)         0.406     0.406 r  fdtd_hdmi_bd_i/clk_wiz_0/inst/clkin1_ibufg/O
                         net (fo=1, routed)           0.480     0.886    fdtd_hdmi_bd_i/clk_wiz_0/inst/clk_in1_fdtd_hdmi_bd_clk_wiz_0_0
    MMCME2_ADV_X1Y2      MMCME2_ADV (Prop_mmcme2_adv_CLKIN1_CLKOUT2)
                                                     -3.407    -2.521 r  fdtd_hdmi_bd_i/clk_wiz_0/inst/mmcm_adv_inst/CLKOUT2
                         net (fo=1, routed)           0.752    -1.769    fdtd_hdmi_bd_i/clk_wiz_0/inst/clk_out3_fdtd_hdmi_bd_clk_wiz_0_0
    BUFGCTRL_X0Y19       BUFG (Prop_bufg_I_O)         0.029    -1.740 r  fdtd_hdmi_bd_i/clk_wiz_0/inst/clkout3_buf/O
                         net (fo=28854, routed)       0.853    -0.887    fdtd_hdmi_bd_i/renderer_0/inst/u_impl/u_ray_unit/u_marcher/g_march[30].u_step/clk_core
    SLICE_X82Y50         SRL16E                                       r  fdtd_hdmi_bd_i/renderer_0/inst/u_impl/u_ray_unit/u_marcher/g_march[30].u_step/Pz_D_reg[15]_srl7/CLK
                         clock pessimism              0.274    -0.612    
    SLICE_X82Y50         SRL16E (Hold_srl16e_CLK_D)
                                                      0.183    -0.429    fdtd_hdmi_bd_i/renderer_0/inst/u_impl/u_ray_unit/u_marcher/g_march[30].u_step/Pz_D_reg[15]_srl7
  -------------------------------------------------------------------
                         required time                          0.429    
                         arrival time                          -0.392    
  -------------------------------------------------------------------
                         slack                                  0.037    

Slack (MET) :             0.037ns  (arrival time - required time)
  Source:                 fdtd_hdmi_bd_i/renderer_0/inst/u_impl/u_ray_unit/u_marcher/g_march[16].u_step/Pz_A_reg[15]__0/C
                            (rising edge-triggered cell FDRE clocked by clk_out3_fdtd_hdmi_bd_clk_wiz_0_0  {rise@0.000ns fall@5.000ns period=10.000ns})
  Destination:            fdtd_hdmi_bd_i/renderer_0/inst/u_impl/u_ray_unit/u_marcher/g_march[16].u_step/Pz_D_reg[15]_srl7/D
                            (rising edge-triggered cell SRL16E clocked by clk_out3_fdtd_hdmi_bd_clk_wiz_0_0  {rise@0.000ns fall@5.000ns period=10.000ns})
  Path Group:             clk_out3_fdtd_hdmi_bd_clk_wiz_0_0
  Path Type:              Hold (Min at Fast Process Corner)
  Requirement:            0.000ns  (clk_out3_fdtd_hdmi_bd_clk_wiz_0_0 rise@0.000ns - clk_out3_fdtd_hdmi_bd_clk_wiz_0_0 rise@0.000ns)
  Data Path Delay:        0.255ns  (logic 0.141ns (55.281%)  route 0.114ns (44.719%))
  Logic Levels:           0  
  Clock Path Skew:        0.035ns (DCD - SCD - CPR)
    Destination Clock Delay (DCD):    -0.873ns
    Source Clock Delay      (SCD):    -0.633ns
    Clock Pessimism Removal (CPR):    -0.275ns

    Location             Delay type                Incr(ns)  Path(ns)    Netlist Resource(s)
  -------------------------------------------------------------------    -------------------
                         (clock clk_out3_fdtd_hdmi_bd_clk_wiz_0_0 rise edge)
                                                      0.000     0.000 r  
    H16                                               0.000     0.000 r  clk (IN)
                         net (fo=0)                   0.000     0.000    fdtd_hdmi_bd_i/clk_wiz_0/inst/clk_in1
    H16                  IBUF (Prop_ibuf_I_O)         0.219     0.219 r  fdtd_hdmi_bd_i/clk_wiz_0/inst/clkin1_ibufg/O
                         net (fo=1, routed)           0.440     0.659    fdtd_hdmi_bd_i/clk_wiz_0/inst/clk_in1_fdtd_hdmi_bd_clk_wiz_0_0
    MMCME2_ADV_X1Y2      MMCME2_ADV (Prop_mmcme2_adv_CLKIN1_CLKOUT2)
                                                     -2.613    -1.954 r  fdtd_hdmi_bd_i/clk_wiz_0/inst/mmcm_adv_inst/CLKOUT2
                         net (fo=1, routed)           0.696    -1.257    fdtd_hdmi_bd_i/clk_wiz_0/inst/clk_out3_fdtd_hdmi_bd_clk_wiz_0_0
    BUFGCTRL_X0Y19       BUFG (Prop_bufg_I_O)         0.026    -1.231 r  fdtd_hdmi_bd_i/clk_wiz_0/inst/clkout3_buf/O
                         net (fo=28854, routed)       0.599    -0.633    fdtd_hdmi_bd_i/renderer_0/inst/u_impl/u_ray_unit/u_marcher/g_march[16].u_step/clk_core
    SLICE_X91Y24         FDRE                                         r  fdtd_hdmi_bd_i/renderer_0/inst/u_impl/u_ray_unit/u_marcher/g_march[16].u_step/Pz_A_reg[15]__0/C
  -------------------------------------------------------------------    -------------------
    SLICE_X91Y24         FDRE (Prop_fdre_C_Q)         0.141    -0.492 r  fdtd_hdmi_bd_i/renderer_0/inst/u_impl/u_ray_unit/u_marcher/g_march[16].u_step/Pz_A_reg[15]__0/Q
                         net (fo=1, routed)           0.114    -0.377    fdtd_hdmi_bd_i/renderer_0/inst/u_impl/u_ray_unit/u_marcher/g_march[16].u_step/Pz_A_reg[15]__0_n_0
    SLICE_X92Y23         SRL16E                                       r  fdtd_hdmi_bd_i/renderer_0/inst/u_impl/u_ray_unit/u_marcher/g_march[16].u_step/Pz_D_reg[15]_srl7/D
  -------------------------------------------------------------------    -------------------

                         (clock clk_out3_fdtd_hdmi_bd_clk_wiz_0_0 rise edge)
                                                      0.000     0.000 r  
    H16                                               0.000     0.000 r  clk (IN)
                         net (fo=0)                   0.000     0.000    fdtd_hdmi_bd_i/clk_wiz_0/inst/clk_in1
    H16                  IBUF (Prop_ibuf_I_O)         0.406     0.406 r  fdtd_hdmi_bd_i/clk_wiz_0/inst/clkin1_ibufg/O
                         net (fo=1, routed)           0.480     0.886    fdtd_hdmi_bd_i/clk_wiz_0/inst/clk_in1_fdtd_hdmi_bd_clk_wiz_0_0
    MMCME2_ADV_X1Y2      MMCME2_ADV (Prop_mmcme2_adv_CLKIN1_CLKOUT2)
                                                     -3.407    -2.521 r  fdtd_hdmi_bd_i/clk_wiz_0/inst/mmcm_adv_inst/CLKOUT2
                         net (fo=1, routed)           0.752    -1.769    fdtd_hdmi_bd_i/clk_wiz_0/inst/clk_out3_fdtd_hdmi_bd_clk_wiz_0_0
    BUFGCTRL_X0Y19       BUFG (Prop_bufg_I_O)         0.029    -1.740 r  fdtd_hdmi_bd_i/clk_wiz_0/inst/clkout3_buf/O
                         net (fo=28854, routed)       0.867    -0.873    fdtd_hdmi_bd_i/renderer_0/inst/u_impl/u_ray_unit/u_marcher/g_march[16].u_step/clk_core
    SLICE_X92Y23         SRL16E                                       r  fdtd_hdmi_bd_i/renderer_0/inst/u_impl/u_ray_unit/u_marcher/g_march[16].u_step/Pz_D_reg[15]_srl7/CLK
                         clock pessimism              0.275    -0.598    
    SLICE_X92Y23         SRL16E (Hold_srl16e_CLK_D)
                                                      0.183    -0.415    fdtd_hdmi_bd_i/renderer_0/inst/u_impl/u_ray_unit/u_marcher/g_march[16].u_step/Pz_D_reg[15]_srl7
  -------------------------------------------------------------------
                         required time                          0.415    
                         arrival time                          -0.377    
  -------------------------------------------------------------------
                         slack                                  0.037    

Slack (MET) :             0.037ns  (arrival time - required time)
  Source:                 fdtd_hdmi_bd_i/renderer_0/inst/u_impl/u_ray_unit/u_marcher/g_march[37].u_step/Pz_A_reg[7]__0/C
                            (rising edge-triggered cell FDRE clocked by clk_out3_fdtd_hdmi_bd_clk_wiz_0_0  {rise@0.000ns fall@5.000ns period=10.000ns})
  Destination:            fdtd_hdmi_bd_i/renderer_0/inst/u_impl/u_ray_unit/u_marcher/g_march[37].u_step/Pz_D_reg[7]_srl7/D
                            (rising edge-triggered cell SRL16E clocked by clk_out3_fdtd_hdmi_bd_clk_wiz_0_0  {rise@0.000ns fall@5.000ns period=10.000ns})
  Path Group:             clk_out3_fdtd_hdmi_bd_clk_wiz_0_0
  Path Type:              Hold (Min at Fast Process Corner)
  Requirement:            0.000ns  (clk_out3_fdtd_hdmi_bd_clk_wiz_0_0 rise@0.000ns - clk_out3_fdtd_hdmi_bd_clk_wiz_0_0 rise@0.000ns)
  Data Path Delay:        0.257ns  (logic 0.141ns (54.812%)  route 0.116ns (45.188%))
  Logic Levels:           0  
  Clock Path Skew:        0.037ns (DCD - SCD - CPR)
    Destination Clock Delay (DCD):    -0.861ns
    Source Clock Delay      (SCD):    -0.623ns
    Clock Pessimism Removal (CPR):    -0.274ns

    Location             Delay type                Incr(ns)  Path(ns)    Netlist Resource(s)
  -------------------------------------------------------------------    -------------------
                         (clock clk_out3_fdtd_hdmi_bd_clk_wiz_0_0 rise edge)
                                                      0.000     0.000 r  
    H16                                               0.000     0.000 r  clk (IN)
                         net (fo=0)                   0.000     0.000    fdtd_hdmi_bd_i/clk_wiz_0/inst/clk_in1
    H16                  IBUF (Prop_ibuf_I_O)         0.219     0.219 r  fdtd_hdmi_bd_i/clk_wiz_0/inst/clkin1_ibufg/O
                         net (fo=1, routed)           0.440     0.659    fdtd_hdmi_bd_i/clk_wiz_0/inst/clk_in1_fdtd_hdmi_bd_clk_wiz_0_0
    MMCME2_ADV_X1Y2      MMCME2_ADV (Prop_mmcme2_adv_CLKIN1_CLKOUT2)
                                                     -2.613    -1.954 r  fdtd_hdmi_bd_i/clk_wiz_0/inst/mmcm_adv_inst/CLKOUT2
                         net (fo=1, routed)           0.696    -1.257    fdtd_hdmi_bd_i/clk_wiz_0/inst/clk_out3_fdtd_hdmi_bd_clk_wiz_0_0
    BUFGCTRL_X0Y19       BUFG (Prop_bufg_I_O)         0.026    -1.231 r  fdtd_hdmi_bd_i/clk_wiz_0/inst/clkout3_buf/O
                         net (fo=28854, routed)       0.608    -0.623    fdtd_hdmi_bd_i/renderer_0/inst/u_impl/u_ray_unit/u_marcher/g_march[37].u_step/clk_core
    SLICE_X95Y52         FDRE                                         r  fdtd_hdmi_bd_i/renderer_0/inst/u_impl/u_ray_unit/u_marcher/g_march[37].u_step/Pz_A_reg[7]__0/C
  -------------------------------------------------------------------    -------------------
    SLICE_X95Y52         FDRE (Prop_fdre_C_Q)         0.141    -0.482 r  fdtd_hdmi_bd_i/renderer_0/inst/u_impl/u_ray_unit/u_marcher/g_march[37].u_step/Pz_A_reg[7]__0/Q
                         net (fo=1, routed)           0.116    -0.366    fdtd_hdmi_bd_i/renderer_0/inst/u_impl/u_ray_unit/u_marcher/g_march[37].u_step/Pz_A_reg[7]__0_n_0
    SLICE_X98Y52         SRL16E                                       r  fdtd_hdmi_bd_i/renderer_0/inst/u_impl/u_ray_unit/u_marcher/g_march[37].u_step/Pz_D_reg[7]_srl7/D
  -------------------------------------------------------------------    -------------------

                         (clock clk_out3_fdtd_hdmi_bd_clk_wiz_0_0 rise edge)
                                                      0.000     0.000 r  
    H16                                               0.000     0.000 r  clk (IN)
                         net (fo=0)                   0.000     0.000    fdtd_hdmi_bd_i/clk_wiz_0/inst/clk_in1
    H16                  IBUF (Prop_ibuf_I_O)         0.406     0.406 r  fdtd_hdmi_bd_i/clk_wiz_0/inst/clkin1_ibufg/O
                         net (fo=1, routed)           0.480     0.886    fdtd_hdmi_bd_i/clk_wiz_0/inst/clk_in1_fdtd_hdmi_bd_clk_wiz_0_0
    MMCME2_ADV_X1Y2      MMCME2_ADV (Prop_mmcme2_adv_CLKIN1_CLKOUT2)
                                                     -3.407    -2.521 r  fdtd_hdmi_bd_i/clk_wiz_0/inst/mmcm_adv_inst/CLKOUT2
                         net (fo=1, routed)           0.752    -1.769    fdtd_hdmi_bd_i/clk_wiz_0/inst/clk_out3_fdtd_hdmi_bd_clk_wiz_0_0
    BUFGCTRL_X0Y19       BUFG (Prop_bufg_I_O)         0.029    -1.740 r  fdtd_hdmi_bd_i/clk_wiz_0/inst/clkout3_buf/O
                         net (fo=28854, routed)       0.879    -0.861    fdtd_hdmi_bd_i/renderer_0/inst/u_impl/u_ray_unit/u_marcher/g_march[37].u_step/clk_core
    SLICE_X98Y52         SRL16E                                       r  fdtd_hdmi_bd_i/renderer_0/inst/u_impl/u_ray_unit/u_marcher/g_march[37].u_step/Pz_D_reg[7]_srl7/CLK
                         clock pessimism              0.274    -0.586    
    SLICE_X98Y52         SRL16E (Hold_srl16e_CLK_D)
                                                      0.183    -0.403    fdtd_hdmi_bd_i/renderer_0/inst/u_impl/u_ray_unit/u_marcher/g_march[37].u_step/Pz_D_reg[7]_srl7
  -------------------------------------------------------------------
                         required time                          0.403    
                         arrival time                          -0.366    
  -------------------------------------------------------------------
                         slack                                  0.037    

Slack (MET) :             0.037ns  (arrival time - required time)
  Source:                 fdtd_hdmi_bd_i/renderer_0/inst/u_impl/u_ray_unit/u_marcher/g_march[45].u_step/Py_A_reg[7]__0/C
                            (rising edge-triggered cell FDRE clocked by clk_out3_fdtd_hdmi_bd_clk_wiz_0_0  {rise@0.000ns fall@5.000ns period=10.000ns})
  Destination:            fdtd_hdmi_bd_i/renderer_0/inst/u_impl/u_ray_unit/u_marcher/g_march[45].u_step/yf_B3_reg[7]_srl4/D
                            (rising edge-triggered cell SRL16E clocked by clk_out3_fdtd_hdmi_bd_clk_wiz_0_0  {rise@0.000ns fall@5.000ns period=10.000ns})
  Path Group:             clk_out3_fdtd_hdmi_bd_clk_wiz_0_0
  Path Type:              Hold (Min at Fast Process Corner)
  Requirement:            0.000ns  (clk_out3_fdtd_hdmi_bd_clk_wiz_0_0 rise@0.000ns - clk_out3_fdtd_hdmi_bd_clk_wiz_0_0 rise@0.000ns)
  Data Path Delay:        0.257ns  (logic 0.141ns (54.812%)  route 0.116ns (45.188%))
  Logic Levels:           0  
  Clock Path Skew:        0.037ns (DCD - SCD - CPR)
    Destination Clock Delay (DCD):    -0.861ns
    Source Clock Delay      (SCD):    -0.623ns
    Clock Pessimism Removal (CPR):    -0.274ns

    Location             Delay type                Incr(ns)  Path(ns)    Netlist Resource(s)
  -------------------------------------------------------------------    -------------------
                         (clock clk_out3_fdtd_hdmi_bd_clk_wiz_0_0 rise edge)
                                                      0.000     0.000 r  
    H16                                               0.000     0.000 r  clk (IN)
                         net (fo=0)                   0.000     0.000    fdtd_hdmi_bd_i/clk_wiz_0/inst/clk_in1
    H16                  IBUF (Prop_ibuf_I_O)         0.219     0.219 r  fdtd_hdmi_bd_i/clk_wiz_0/inst/clkin1_ibufg/O
                         net (fo=1, routed)           0.440     0.659    fdtd_hdmi_bd_i/clk_wiz_0/inst/clk_in1_fdtd_hdmi_bd_clk_wiz_0_0
    MMCME2_ADV_X1Y2      MMCME2_ADV (Prop_mmcme2_adv_CLKIN1_CLKOUT2)
                                                     -2.613    -1.954 r  fdtd_hdmi_bd_i/clk_wiz_0/inst/mmcm_adv_inst/CLKOUT2
                         net (fo=1, routed)           0.696    -1.257    fdtd_hdmi_bd_i/clk_wiz_0/inst/clk_out3_fdtd_hdmi_bd_clk_wiz_0_0
    BUFGCTRL_X0Y19       BUFG (Prop_bufg_I_O)         0.026    -1.231 r  fdtd_hdmi_bd_i/clk_wiz_0/inst/clkout3_buf/O
                         net (fo=28854, routed)       0.608    -0.623    fdtd_hdmi_bd_i/renderer_0/inst/u_impl/u_ray_unit/u_marcher/g_march[45].u_step/clk_core
    SLICE_X95Y99         FDRE                                         r  fdtd_hdmi_bd_i/renderer_0/inst/u_impl/u_ray_unit/u_marcher/g_march[45].u_step/Py_A_reg[7]__0/C
  -------------------------------------------------------------------    -------------------
    SLICE_X95Y99         FDRE (Prop_fdre_C_Q)         0.141    -0.482 r  fdtd_hdmi_bd_i/renderer_0/inst/u_impl/u_ray_unit/u_marcher/g_march[45].u_step/Py_A_reg[7]__0/Q
                         net (fo=1, routed)           0.116    -0.366    fdtd_hdmi_bd_i/renderer_0/inst/u_impl/u_ray_unit/u_marcher/g_march[45].u_step/Py_A_reg[7]__0_n_0
    SLICE_X98Y99         SRL16E                                       r  fdtd_hdmi_bd_i/renderer_0/inst/u_impl/u_ray_unit/u_marcher/g_march[45].u_step/yf_B3_reg[7]_srl4/D
  -------------------------------------------------------------------    -------------------

                         (clock clk_out3_fdtd_hdmi_bd_clk_wiz_0_0 rise edge)
                                                      0.000     0.000 r  
    H16                                               0.000     0.000 r  clk (IN)
                         net (fo=0)                   0.000     0.000    fdtd_hdmi_bd_i/clk_wiz_0/inst/clk_in1
    H16                  IBUF (Prop_ibuf_I_O)         0.406     0.406 r  fdtd_hdmi_bd_i/clk_wiz_0/inst/clkin1_ibufg/O
                         net (fo=1, routed)           0.480     0.886    fdtd_hdmi_bd_i/clk_wiz_0/inst/clk_in1_fdtd_hdmi_bd_clk_wiz_0_0
    MMCME2_ADV_X1Y2      MMCME2_ADV (Prop_mmcme2_adv_CLKIN1_CLKOUT2)
                                                     -3.407    -2.521 r  fdtd_hdmi_bd_i/clk_wiz_0/inst/mmcm_adv_inst/CLKOUT2
                         net (fo=1, routed)           0.752    -1.769    fdtd_hdmi_bd_i/clk_wiz_0/inst/clk_out3_fdtd_hdmi_bd_clk_wiz_0_0
    BUFGCTRL_X0Y19       BUFG (Prop_bufg_I_O)         0.029    -1.740 r  fdtd_hdmi_bd_i/clk_wiz_0/inst/clkout3_buf/O
                         net (fo=28854, routed)       0.879    -0.861    fdtd_hdmi_bd_i/renderer_0/inst/u_impl/u_ray_unit/u_marcher/g_march[45].u_step/clk_core
    SLICE_X98Y99         SRL16E                                       r  fdtd_hdmi_bd_i/renderer_0/inst/u_impl/u_ray_unit/u_marcher/g_march[45].u_step/yf_B3_reg[7]_srl4/CLK
                         clock pessimism              0.274    -0.586    
    SLICE_X98Y99         SRL16E (Hold_srl16e_CLK_D)
                                                      0.183    -0.403    fdtd_hdmi_bd_i/renderer_0/inst/u_impl/u_ray_unit/u_marcher/g_march[45].u_step/yf_B3_reg[7]_srl4
  -------------------------------------------------------------------
                         required time                          0.403    
                         arrival time                          -0.366    
  -------------------------------------------------------------------
                         slack                                  0.037    





Pulse Width Checks
--------------------------------------------------------------------------------------
Clock Name:         clk_out3_fdtd_hdmi_bd_clk_wiz_0_0
Waveform(ns):       { 0.000 5.000 }
Period(ns):         10.000
Sources:            { fdtd_hdmi_bd_i/clk_wiz_0/inst/mmcm_adv_inst/CLKOUT2 }

Check Type        Corner  Lib Pin             Reference Pin  Required(ns)  Actual(ns)  Slack(ns)  Location         Pin
Min Period        n/a     DSP48E1/CLK         n/a            3.884         10.000      6.116      DSP48_X2Y46      fdtd_hdmi_bd_i/renderer_0/inst/u_impl/u_ray_unit/u_ray_gen/u_raw_s1_reg/CLK
Min Period        n/a     DSP48E1/CLK         n/a            3.687         10.000      6.313      DSP48_X2Y44      fdtd_hdmi_bd_i/renderer_0/inst/u_impl/u_ray_unit/u_ray_gen/ur_z_s2_reg/CLK
Min Period        n/a     DSP48E1/CLK         n/a            3.558         10.000      6.442      DSP48_X2Y47      fdtd_hdmi_bd_i/renderer_0/inst/u_impl/u_ray_unit/u_ray_gen/v_raw_s1_reg/CLK
Min Period        n/a     RAMB36E1/CLKBWRCLK  n/a            2.576         10.000      7.424      RAMB36_X4Y19     fdtd_hdmi_bd_i/renderer_0/inst/u_impl/g_marcher_bram[0].u_bram/mem_reg/CLKBWRCLK
Min Period        n/a     RAMB36E1/CLKBWRCLK  n/a            2.576         10.000      7.424      RAMB36_X3Y2      fdtd_hdmi_bd_i/renderer_0/inst/u_impl/g_marcher_bram[10].u_bram/mem_reg/CLKBWRCLK
Min Period        n/a     RAMB36E1/CLKBWRCLK  n/a            2.576         10.000      7.424      RAMB36_X4Y1      fdtd_hdmi_bd_i/renderer_0/inst/u_impl/g_marcher_bram[11].u_bram/mem_reg/CLKBWRCLK
Min Period        n/a     RAMB36E1/CLKBWRCLK  n/a            2.576         10.000      7.424      RAMB36_X4Y3      fdtd_hdmi_bd_i/renderer_0/inst/u_impl/g_marcher_bram[12].u_bram/mem_reg/CLKBWRCLK
Min Period        n/a     RAMB36E1/CLKBWRCLK  n/a            2.576         10.000      7.424      RAMB36_X4Y2      fdtd_hdmi_bd_i/renderer_0/inst/u_impl/g_marcher_bram[13].u_bram/mem_reg/CLKBWRCLK
Min Period        n/a     RAMB36E1/CLKBWRCLK  n/a            2.576         10.000      7.424      RAMB36_X5Y3      fdtd_hdmi_bd_i/renderer_0/inst/u_impl/g_marcher_bram[14].u_bram/mem_reg/CLKBWRCLK
Min Period        n/a     RAMB36E1/CLKBWRCLK  n/a            2.576         10.000      7.424      RAMB36_X5Y4      fdtd_hdmi_bd_i/renderer_0/inst/u_impl/g_marcher_bram[15].u_bram/mem_reg/CLKBWRCLK
Max Period        n/a     MMCME2_ADV/CLKOUT2  n/a            213.360       10.000      203.360    MMCME2_ADV_X1Y2  fdtd_hdmi_bd_i/clk_wiz_0/inst/mmcm_adv_inst/CLKOUT2
Low Pulse Width   Slow    SRL16E/CLK          n/a            0.980         5.000       4.020      SLICE_X46Y92     fdtd_hdmi_bd_i/renderer_0/inst/u_impl/u_ray_unit/u_marcher/g_march[0].u_step/Dx_D3_reg[10]_srl10/CLK
Low Pulse Width   Fast    SRL16E/CLK          n/a            0.980         5.000       4.020      SLICE_X46Y92     fdtd_hdmi_bd_i/renderer_0/inst/u_impl/u_ray_unit/u_marcher/g_march[0].u_step/Dx_D3_reg[10]_srl10/CLK
Low Pulse Width   Slow    SRL16E/CLK          n/a            0.980         5.000       4.020      SLICE_X46Y92     fdtd_hdmi_bd_i/renderer_0/inst/u_impl/u_ray_unit/u_marcher/g_march[0].u_step/Dx_D3_reg[11]_srl10/CLK
Low Pulse Width   Fast    SRL16E/CLK          n/a            0.980         5.000       4.020      SLICE_X46Y92     fdtd_hdmi_bd_i/renderer_0/inst/u_impl/u_ray_unit/u_marcher/g_march[0].u_step/Dx_D3_reg[11]_srl10/CLK
Low Pulse Width   Slow    SRL16E/CLK          n/a            0.980         5.000       4.020      SLICE_X46Y92     fdtd_hdmi_bd_i/renderer_0/inst/u_impl/u_ray_unit/u_marcher/g_march[0].u_step/Dx_D3_reg[12]_srl10/CLK
Low Pulse Width   Fast    SRL16E/CLK          n/a            0.980         5.000       4.020      SLICE_X46Y92     fdtd_hdmi_bd_i/renderer_0/inst/u_impl/u_ray_unit/u_marcher/g_march[0].u_step/Dx_D3_reg[12]_srl10/CLK
Low Pulse Width   Slow    SRL16E/CLK          n/a            0.980         5.000       4.020      SLICE_X46Y96     fdtd_hdmi_bd_i/renderer_0/inst/u_impl/u_ray_unit/u_marcher/g_march[0].u_step/Dx_D3_reg[13]_srl10/CLK
Low Pulse Width   Fast    SRL16E/CLK          n/a            0.980         5.000       4.020      SLICE_X46Y96     fdtd_hdmi_bd_i/renderer_0/inst/u_impl/u_ray_unit/u_marcher/g_march[0].u_step/Dx_D3_reg[13]_srl10/CLK
Low Pulse Width   Slow    SRL16E/CLK          n/a            0.980         5.000       4.020      SLICE_X46Y96     fdtd_hdmi_bd_i/renderer_0/inst/u_impl/u_ray_unit/u_marcher/g_march[0].u_step/Dx_D3_reg[14]_srl10/CLK
Low Pulse Width   Fast    SRL16E/CLK          n/a            0.980         5.000       4.020      SLICE_X46Y96     fdtd_hdmi_bd_i/renderer_0/inst/u_impl/u_ray_unit/u_marcher/g_march[0].u_step/Dx_D3_reg[14]_srl10/CLK
High Pulse Width  Slow    SRL16E/CLK          n/a            0.980         5.000       4.020      SLICE_X46Y92     fdtd_hdmi_bd_i/renderer_0/inst/u_impl/u_ray_unit/u_marcher/g_march[0].u_step/Dx_D3_reg[10]_srl10/CLK
High Pulse Width  Fast    SRL16E/CLK          n/a            0.980         5.000       4.020      SLICE_X46Y92     fdtd_hdmi_bd_i/renderer_0/inst/u_impl/u_ray_unit/u_marcher/g_march[0].u_step/Dx_D3_reg[10]_srl10/CLK
High Pulse Width  Slow    SRL16E/CLK          n/a            0.980         5.000       4.020      SLICE_X46Y92     fdtd_hdmi_bd_i/renderer_0/inst/u_impl/u_ray_unit/u_marcher/g_march[0].u_step/Dx_D3_reg[11]_srl10/CLK
High Pulse Width  Fast    SRL16E/CLK          n/a            0.980         5.000       4.020      SLICE_X46Y92     fdtd_hdmi_bd_i/renderer_0/inst/u_impl/u_ray_unit/u_marcher/g_march[0].u_step/Dx_D3_reg[11]_srl10/CLK
High Pulse Width  Slow    SRL16E/CLK          n/a            0.980         5.000       4.020      SLICE_X46Y92     fdtd_hdmi_bd_i/renderer_0/inst/u_impl/u_ray_unit/u_marcher/g_march[0].u_step/Dx_D3_reg[12]_srl10/CLK
High Pulse Width  Fast    SRL16E/CLK          n/a            0.980         5.000       4.020      SLICE_X46Y92     fdtd_hdmi_bd_i/renderer_0/inst/u_impl/u_ray_unit/u_marcher/g_march[0].u_step/Dx_D3_reg[12]_srl10/CLK
High Pulse Width  Slow    SRL16E/CLK          n/a            0.980         5.000       4.020      SLICE_X46Y96     fdtd_hdmi_bd_i/renderer_0/inst/u_impl/u_ray_unit/u_marcher/g_march[0].u_step/Dx_D3_reg[13]_srl10/CLK
High Pulse Width  Fast    SRL16E/CLK          n/a            0.980         5.000       4.020      SLICE_X46Y96     fdtd_hdmi_bd_i/renderer_0/inst/u_impl/u_ray_unit/u_marcher/g_march[0].u_step/Dx_D3_reg[13]_srl10/CLK
High Pulse Width  Slow    SRL16E/CLK          n/a            0.980         5.000       4.020      SLICE_X46Y96     fdtd_hdmi_bd_i/renderer_0/inst/u_impl/u_ray_unit/u_marcher/g_march[0].u_step/Dx_D3_reg[14]_srl10/CLK
High Pulse Width  Fast    SRL16E/CLK          n/a            0.980         5.000       4.020      SLICE_X46Y96     fdtd_hdmi_bd_i/renderer_0/inst/u_impl/u_ray_unit/u_marcher/g_march[0].u_step/Dx_D3_reg[14]_srl10/CLK



---------------------------------------------------------------------------------------------------
From Clock:  clkfbout_fdtd_hdmi_bd_clk_wiz_0_0
  To Clock:  clkfbout_fdtd_hdmi_bd_clk_wiz_0_0

Setup :           NA  Failing Endpoints,  Worst Slack           NA  ,  Total Violation           NA
Hold  :           NA  Failing Endpoints,  Worst Slack           NA  ,  Total Violation           NA
PW    :            0  Failing Endpoints,  Worst Slack        5.845ns,  Total Violation        0.000ns
---------------------------------------------------------------------------------------------------


Pulse Width Checks
--------------------------------------------------------------------------------------
Clock Name:         clkfbout_fdtd_hdmi_bd_clk_wiz_0_0
Waveform(ns):       { 0.000 4.000 }
Period(ns):         8.000
Sources:            { fdtd_hdmi_bd_i/clk_wiz_0/inst/mmcm_adv_inst/CLKFBOUT }

Check Type  Corner  Lib Pin              Reference Pin  Required(ns)  Actual(ns)  Slack(ns)  Location         Pin
Min Period  n/a     BUFG/I               n/a            2.155         8.000       5.845      BUFGCTRL_X0Y20   fdtd_hdmi_bd_i/clk_wiz_0/inst/clkf_buf/I
Min Period  n/a     MMCME2_ADV/CLKFBOUT  n/a            1.249         8.000       6.751      MMCME2_ADV_X1Y2  fdtd_hdmi_bd_i/clk_wiz_0/inst/mmcm_adv_inst/CLKFBOUT
Min Period  n/a     MMCME2_ADV/CLKFBIN   n/a            1.249         8.000       6.751      MMCME2_ADV_X1Y2  fdtd_hdmi_bd_i/clk_wiz_0/inst/mmcm_adv_inst/CLKFBIN
Max Period  n/a     MMCME2_ADV/CLKFBIN   n/a            100.000       8.000       92.000     MMCME2_ADV_X1Y2  fdtd_hdmi_bd_i/clk_wiz_0/inst/mmcm_adv_inst/CLKFBIN
Max Period  n/a     MMCME2_ADV/CLKFBOUT  n/a            213.360       8.000       205.360    MMCME2_ADV_X1Y2  fdtd_hdmi_bd_i/clk_wiz_0/inst/mmcm_adv_inst/CLKFBOUT



---------------------------------------------------------------------------------------------------
From Clock:  clk_fpga_0
  To Clock:  clk_fpga_0

Setup :            0  Failing Endpoints,  Worst Slack       10.887ns,  Total Violation        0.000ns
Hold  :            0  Failing Endpoints,  Worst Slack        0.027ns,  Total Violation        0.000ns
PW    :            0  Failing Endpoints,  Worst Slack        9.020ns,  Total Violation        0.000ns
---------------------------------------------------------------------------------------------------


Max Delay Paths
--------------------------------------------------------------------------------------
Slack (MET) :             10.887ns  (required time - arrival time)
  Source:                 fdtd_hdmi_bd_i/axi_ic_0/xbar/inst/gen_sasd.crossbar_sasd_0/m_atarget_enc_reg[0]/C
                            (rising edge-triggered cell FDRE clocked by clk_fpga_0  {rise@0.000ns fall@10.000ns period=20.000ns})
  Destination:            fdtd_hdmi_bd_i/axi_ic_0/xbar/inst/gen_sasd.crossbar_sasd_0/reg_slice_r/m_payload_i_reg[4]/D
                            (rising edge-triggered cell FDRE clocked by clk_fpga_0  {rise@0.000ns fall@10.000ns period=20.000ns})
  Path Group:             clk_fpga_0
  Path Type:              Setup (Max at Slow Process Corner)
  Requirement:            20.000ns  (clk_fpga_0 rise@20.000ns - clk_fpga_0 rise@0.000ns)
  Data Path Delay:        8.352ns  (logic 1.120ns (13.410%)  route 7.232ns (86.590%))
  Logic Levels:           3  (LUT4=1 LUT6=2)
  Clock Path Skew:        -0.354ns (DCD - SCD + CPR)
    Destination Clock Delay (DCD):    2.656ns = ( 22.656 - 20.000 ) 
    Source Clock Delay      (SCD):    3.139ns
    Clock Pessimism Removal (CPR):    0.129ns
  Clock Uncertainty:      0.302ns  ((TSJ^2 + TIJ^2)^1/2 + DJ) / 2 + PE
    Total System Jitter     (TSJ):    0.071ns
    Total Input Jitter      (TIJ):    0.600ns
    Discrete Jitter          (DJ):    0.000ns
    Phase Error              (PE):    0.000ns

    Location             Delay type                Incr(ns)  Path(ns)    Netlist Resource(s)
  -------------------------------------------------------------------    -------------------
                         (clock clk_fpga_0 rise edge)
                                                      0.000     0.000 r  
    PS7_X0Y0             PS7                          0.000     0.000 r  fdtd_hdmi_bd_i/ps7_0/inst/PS7_i/FCLKCLK[0]
                         net (fo=1, routed)           1.193     1.193    fdtd_hdmi_bd_i/ps7_0/inst/FCLK_CLK_unbuffered[0]
    BUFGCTRL_X0Y17       BUFG (Prop_bufg_I_O)         0.101     1.294 r  fdtd_hdmi_bd_i/ps7_0/inst/buffer_fclk_clk_0.FCLK_CLK_0_BUFG/O
                         net (fo=2333, routed)        1.845     3.139    fdtd_hdmi_bd_i/axi_ic_0/xbar/inst/gen_sasd.crossbar_sasd_0/aclk
    SLICE_X32Y102        FDRE                                         r  fdtd_hdmi_bd_i/axi_ic_0/xbar/inst/gen_sasd.crossbar_sasd_0/m_atarget_enc_reg[0]/C
  -------------------------------------------------------------------    -------------------
    SLICE_X32Y102        FDRE (Prop_fdre_C_Q)         0.518     3.657 r  fdtd_hdmi_bd_i/axi_ic_0/xbar/inst/gen_sasd.crossbar_sasd_0/m_atarget_enc_reg[0]/Q
                         net (fo=93, routed)          3.968     7.625    fdtd_hdmi_bd_i/axi_ic_0/xbar/inst/gen_sasd.crossbar_sasd_0/reg_slice_r/m_payload_i_reg[0]_0[0]
    SLICE_X38Y96         LUT4 (Prop_lut4_I0_O)        0.150     7.775 r  fdtd_hdmi_bd_i/axi_ic_0/xbar/inst/gen_sasd.crossbar_sasd_0/reg_slice_r/m_payload_i[32]_i_7/O
                         net (fo=15, routed)          1.395     9.171    fdtd_hdmi_bd_i/axi_ic_0/xbar/inst/gen_sasd.crossbar_sasd_0/reg_slice_r/m_payload_i[32]_i_7_n_0
    SLICE_X45Y93         LUT6 (Prop_lut6_I5_O)        0.328     9.499 r  fdtd_hdmi_bd_i/axi_ic_0/xbar/inst/gen_sasd.crossbar_sasd_0/reg_slice_r/m_payload_i[4]_i_3/O
                         net (fo=1, routed)           0.637    10.135    fdtd_hdmi_bd_i/axi_ic_0/xbar/inst/gen_sasd.crossbar_sasd_0/reg_slice_r/m_payload_i[4]_i_3_n_0
    SLICE_X45Y94         LUT6 (Prop_lut6_I5_O)        0.124    10.259 r  fdtd_hdmi_bd_i/axi_ic_0/xbar/inst/gen_sasd.crossbar_sasd_0/reg_slice_r/m_payload_i[4]_i_1/O
                         net (fo=2, routed)           1.232    11.491    fdtd_hdmi_bd_i/axi_ic_0/xbar/inst/gen_sasd.crossbar_sasd_0/reg_slice_r/skid_buffer[4]
    SLICE_X37Y90         FDRE                                         r  fdtd_hdmi_bd_i/axi_ic_0/xbar/inst/gen_sasd.crossbar_sasd_0/reg_slice_r/m_payload_i_reg[4]/D
  -------------------------------------------------------------------    -------------------

                         (clock clk_fpga_0 rise edge)
                                                     20.000    20.000 r  
    PS7_X0Y0             PS7                          0.000    20.000 r  fdtd_hdmi_bd_i/ps7_0/inst/PS7_i/FCLKCLK[0]
                         net (fo=1, routed)           1.088    21.088    fdtd_hdmi_bd_i/ps7_0/inst/FCLK_CLK_unbuffered[0]
    BUFGCTRL_X0Y17       BUFG (Prop_bufg_I_O)         0.091    21.179 r  fdtd_hdmi_bd_i/ps7_0/inst/buffer_fclk_clk_0.FCLK_CLK_0_BUFG/O
                         net (fo=2333, routed)        1.477    22.656    fdtd_hdmi_bd_i/axi_ic_0/xbar/inst/gen_sasd.crossbar_sasd_0/reg_slice_r/aclk
    SLICE_X37Y90         FDRE                                         r  fdtd_hdmi_bd_i/axi_ic_0/xbar/inst/gen_sasd.crossbar_sasd_0/reg_slice_r/m_payload_i_reg[4]/C
                         clock pessimism              0.129    22.785    
                         clock uncertainty           -0.302    22.483    
    SLICE_X37Y90         FDRE (Setup_fdre_C_D)       -0.105    22.378    fdtd_hdmi_bd_i/axi_ic_0/xbar/inst/gen_sasd.crossbar_sasd_0/reg_slice_r/m_payload_i_reg[4]
  -------------------------------------------------------------------
                         required time                         22.378    
                         arrival time                         -11.491    
  -------------------------------------------------------------------
                         slack                                 10.887    

Slack (MET) :             10.958ns  (required time - arrival time)
  Source:                 fdtd_hdmi_bd_i/axi_ic_0/xbar/inst/gen_sasd.crossbar_sasd_0/m_atarget_enc_reg[0]/C
                            (rising edge-triggered cell FDRE clocked by clk_fpga_0  {rise@0.000ns fall@10.000ns period=20.000ns})
  Destination:            fdtd_hdmi_bd_i/axi_ic_0/xbar/inst/gen_sasd.crossbar_sasd_0/reg_slice_r/m_payload_i_reg[8]/D
                            (rising edge-triggered cell FDRE clocked by clk_fpga_0  {rise@0.000ns fall@10.000ns period=20.000ns})
  Path Group:             clk_fpga_0
  Path Type:              Setup (Max at Slow Process Corner)
  Requirement:            20.000ns  (clk_fpga_0 rise@20.000ns - clk_fpga_0 rise@0.000ns)
  Data Path Delay:        8.341ns  (logic 1.120ns (13.428%)  route 7.221ns (86.572%))
  Logic Levels:           3  (LUT4=1 LUT6=2)
  Clock Path Skew:        -0.352ns (DCD - SCD + CPR)
    Destination Clock Delay (DCD):    2.658ns = ( 22.658 - 20.000 ) 
    Source Clock Delay      (SCD):    3.139ns
    Clock Pessimism Removal (CPR):    0.129ns
  Clock Uncertainty:      0.302ns  ((TSJ^2 + TIJ^2)^1/2 + DJ) / 2 + PE
    Total System Jitter     (TSJ):    0.071ns
    Total Input Jitter      (TIJ):    0.600ns
    Discrete Jitter          (DJ):    0.000ns
    Phase Error              (PE):    0.000ns

    Location             Delay type                Incr(ns)  Path(ns)    Netlist Resource(s)
  -------------------------------------------------------------------    -------------------
                         (clock clk_fpga_0 rise edge)
                                                      0.000     0.000 r  
    PS7_X0Y0             PS7                          0.000     0.000 r  fdtd_hdmi_bd_i/ps7_0/inst/PS7_i/FCLKCLK[0]
                         net (fo=1, routed)           1.193     1.193    fdtd_hdmi_bd_i/ps7_0/inst/FCLK_CLK_unbuffered[0]
    BUFGCTRL_X0Y17       BUFG (Prop_bufg_I_O)         0.101     1.294 r  fdtd_hdmi_bd_i/ps7_0/inst/buffer_fclk_clk_0.FCLK_CLK_0_BUFG/O
                         net (fo=2333, routed)        1.845     3.139    fdtd_hdmi_bd_i/axi_ic_0/xbar/inst/gen_sasd.crossbar_sasd_0/aclk
    SLICE_X32Y102        FDRE                                         r  fdtd_hdmi_bd_i/axi_ic_0/xbar/inst/gen_sasd.crossbar_sasd_0/m_atarget_enc_reg[0]/C
  -------------------------------------------------------------------    -------------------
    SLICE_X32Y102        FDRE (Prop_fdre_C_Q)         0.518     3.657 r  fdtd_hdmi_bd_i/axi_ic_0/xbar/inst/gen_sasd.crossbar_sasd_0/m_atarget_enc_reg[0]/Q
                         net (fo=93, routed)          3.968     7.625    fdtd_hdmi_bd_i/axi_ic_0/xbar/inst/gen_sasd.crossbar_sasd_0/reg_slice_r/m_payload_i_reg[0]_0[0]
    SLICE_X38Y96         LUT4 (Prop_lut4_I0_O)        0.150     7.775 r  fdtd_hdmi_bd_i/axi_ic_0/xbar/inst/gen_sasd.crossbar_sasd_0/reg_slice_r/m_payload_i[32]_i_7/O
                         net (fo=15, routed)          1.573     9.349    fdtd_hdmi_bd_i/axi_ic_0/xbar/inst/gen_sasd.crossbar_sasd_0/reg_slice_r/m_payload_i[32]_i_7_n_0
    SLICE_X44Y93         LUT6 (Prop_lut6_I5_O)        0.328     9.677 r  fdtd_hdmi_bd_i/axi_ic_0/xbar/inst/gen_sasd.crossbar_sasd_0/reg_slice_r/m_payload_i[8]_i_3/O
                         net (fo=1, routed)           1.028    10.705    fdtd_hdmi_bd_i/axi_ic_0/xbar/inst/gen_sasd.crossbar_sasd_0/reg_slice_r/m_payload_i[8]_i_3_n_0
    SLICE_X44Y94         LUT6 (Prop_lut6_I5_O)        0.124    10.829 r  fdtd_hdmi_bd_i/axi_ic_0/xbar/inst/gen_sasd.crossbar_sasd_0/reg_slice_r/m_payload_i[8]_i_1/O
                         net (fo=2, routed)           0.651    11.480    fdtd_hdmi_bd_i/axi_ic_0/xbar/inst/gen_sasd.crossbar_sasd_0/reg_slice_r/skid_buffer[8]
    SLICE_X37Y94         FDRE                                         r  fdtd_hdmi_bd_i/axi_ic_0/xbar/inst/gen_sasd.crossbar_sasd_0/reg_slice_r/m_payload_i_reg[8]/D
  -------------------------------------------------------------------    -------------------

                         (clock clk_fpga_0 rise edge)
                                                     20.000    20.000 r  
    PS7_X0Y0             PS7                          0.000    20.000 r  fdtd_hdmi_bd_i/ps7_0/inst/PS7_i/FCLKCLK[0]
                         net (fo=1, routed)           1.088    21.088    fdtd_hdmi_bd_i/ps7_0/inst/FCLK_CLK_unbuffered[0]
    BUFGCTRL_X0Y17       BUFG (Prop_bufg_I_O)         0.091    21.179 r  fdtd_hdmi_bd_i/ps7_0/inst/buffer_fclk_clk_0.FCLK_CLK_0_BUFG/O
                         net (fo=2333, routed)        1.479    22.658    fdtd_hdmi_bd_i/axi_ic_0/xbar/inst/gen_sasd.crossbar_sasd_0/reg_slice_r/aclk
    SLICE_X37Y94         FDRE                                         r  fdtd_hdmi_bd_i/axi_ic_0/xbar/inst/gen_sasd.crossbar_sasd_0/reg_slice_r/m_payload_i_reg[8]/C
                         clock pessimism              0.129    22.787    
                         clock uncertainty           -0.302    22.485    
    SLICE_X37Y94         FDRE (Setup_fdre_C_D)       -0.047    22.438    fdtd_hdmi_bd_i/axi_ic_0/xbar/inst/gen_sasd.crossbar_sasd_0/reg_slice_r/m_payload_i_reg[8]
  -------------------------------------------------------------------
                         required time                         22.438    
                         arrival time                         -11.480    
  -------------------------------------------------------------------
                         slack                                 10.958    

Slack (MET) :             11.110ns  (required time - arrival time)
  Source:                 fdtd_hdmi_bd_i/axi_ic_0/xbar/inst/gen_sasd.crossbar_sasd_0/m_atarget_enc_reg[0]/C
                            (rising edge-triggered cell FDRE clocked by clk_fpga_0  {rise@0.000ns fall@10.000ns period=20.000ns})
  Destination:            fdtd_hdmi_bd_i/axi_ic_0/xbar/inst/gen_sasd.crossbar_sasd_0/reg_slice_r/skid_buffer_reg[8]/D
                            (rising edge-triggered cell FDRE clocked by clk_fpga_0  {rise@0.000ns fall@10.000ns period=20.000ns})
  Path Group:             clk_fpga_0
  Path Type:              Setup (Max at Slow Process Corner)
  Requirement:            20.000ns  (clk_fpga_0 rise@20.000ns - clk_fpga_0 rise@0.000ns)
  Data Path Delay:        8.174ns  (logic 1.120ns (13.702%)  route 7.054ns (86.298%))
  Logic Levels:           3  (LUT4=1 LUT6=2)
  Clock Path Skew:        -0.353ns (DCD - SCD + CPR)
    Destination Clock Delay (DCD):    2.657ns = ( 22.657 - 20.000 ) 
    Source Clock Delay      (SCD):    3.139ns
    Clock Pessimism Removal (CPR):    0.129ns
  Clock Uncertainty:      0.302ns  ((TSJ^2 + TIJ^2)^1/2 + DJ) / 2 + PE
    Total System Jitter     (TSJ):    0.071ns
    Total Input Jitter      (TIJ):    0.600ns
    Discrete Jitter          (DJ):    0.000ns
    Phase Error              (PE):    0.000ns

    Location             Delay type                Incr(ns)  Path(ns)    Netlist Resource(s)
  -------------------------------------------------------------------    -------------------
                         (clock clk_fpga_0 rise edge)
                                                      0.000     0.000 r  
    PS7_X0Y0             PS7                          0.000     0.000 r  fdtd_hdmi_bd_i/ps7_0/inst/PS7_i/FCLKCLK[0]
                         net (fo=1, routed)           1.193     1.193    fdtd_hdmi_bd_i/ps7_0/inst/FCLK_CLK_unbuffered[0]
    BUFGCTRL_X0Y17       BUFG (Prop_bufg_I_O)         0.101     1.294 r  fdtd_hdmi_bd_i/ps7_0/inst/buffer_fclk_clk_0.FCLK_CLK_0_BUFG/O
                         net (fo=2333, routed)        1.845     3.139    fdtd_hdmi_bd_i/axi_ic_0/xbar/inst/gen_sasd.crossbar_sasd_0/aclk
    SLICE_X32Y102        FDRE                                         r  fdtd_hdmi_bd_i/axi_ic_0/xbar/inst/gen_sasd.crossbar_sasd_0/m_atarget_enc_reg[0]/C
  -------------------------------------------------------------------    -------------------
    SLICE_X32Y102        FDRE (Prop_fdre_C_Q)         0.518     3.657 r  fdtd_hdmi_bd_i/axi_ic_0/xbar/inst/gen_sasd.crossbar_sasd_0/m_atarget_enc_reg[0]/Q
                         net (fo=93, routed)          3.968     7.625    fdtd_hdmi_bd_i/axi_ic_0/xbar/inst/gen_sasd.crossbar_sasd_0/reg_slice_r/m_payload_i_reg[0]_0[0]
    SLICE_X38Y96         LUT4 (Prop_lut4_I0_O)        0.150     7.775 r  fdtd_hdmi_bd_i/axi_ic_0/xbar/inst/gen_sasd.crossbar_sasd_0/reg_slice_r/m_payload_i[32]_i_7/O
                         net (fo=15, routed)          1.573     9.349    fdtd_hdmi_bd_i/axi_ic_0/xbar/inst/gen_sasd.crossbar_sasd_0/reg_slice_r/m_payload_i[32]_i_7_n_0
    SLICE_X44Y93         LUT6 (Prop_lut6_I5_O)        0.328     9.677 r  fdtd_hdmi_bd_i/axi_ic_0/xbar/inst/gen_sasd.crossbar_sasd_0/reg_slice_r/m_payload_i[8]_i_3/O
                         net (fo=1, routed)           1.028    10.705    fdtd_hdmi_bd_i/axi_ic_0/xbar/inst/gen_sasd.crossbar_sasd_0/reg_slice_r/m_payload_i[8]_i_3_n_0
    SLICE_X44Y94         LUT6 (Prop_lut6_I5_O)        0.124    10.829 r  fdtd_hdmi_bd_i/axi_ic_0/xbar/inst/gen_sasd.crossbar_sasd_0/reg_slice_r/m_payload_i[8]_i_1/O
                         net (fo=2, routed)           0.484    11.313    fdtd_hdmi_bd_i/axi_ic_0/xbar/inst/gen_sasd.crossbar_sasd_0/reg_slice_r/skid_buffer[8]
    SLICE_X45Y93         FDRE                                         r  fdtd_hdmi_bd_i/axi_ic_0/xbar/inst/gen_sasd.crossbar_sasd_0/reg_slice_r/skid_buffer_reg[8]/D
  -------------------------------------------------------------------    -------------------

                         (clock clk_fpga_0 rise edge)
                                                     20.000    20.000 r  
    PS7_X0Y0             PS7                          0.000    20.000 r  fdtd_hdmi_bd_i/ps7_0/inst/PS7_i/FCLKCLK[0]
                         net (fo=1, routed)           1.088    21.088    fdtd_hdmi_bd_i/ps7_0/inst/FCLK_CLK_unbuffered[0]
    BUFGCTRL_X0Y17       BUFG (Prop_bufg_I_O)         0.091    21.179 r  fdtd_hdmi_bd_i/ps7_0/inst/buffer_fclk_clk_0.FCLK_CLK_0_BUFG/O
                         net (fo=2333, routed)        1.478    22.657    fdtd_hdmi_bd_i/axi_ic_0/xbar/inst/gen_sasd.crossbar_sasd_0/reg_slice_r/aclk
    SLICE_X45Y93         FDRE                                         r  fdtd_hdmi_bd_i/axi_ic_0/xbar/inst/gen_sasd.crossbar_sasd_0/reg_slice_r/skid_buffer_reg[8]/C
                         clock pessimism              0.129    22.786    
                         clock uncertainty           -0.302    22.484    
    SLICE_X45Y93         FDRE (Setup_fdre_C_D)       -0.061    22.423    fdtd_hdmi_bd_i/axi_ic_0/xbar/inst/gen_sasd.crossbar_sasd_0/reg_slice_r/skid_buffer_reg[8]
  -------------------------------------------------------------------
                         required time                         22.423    
                         arrival time                         -11.313    
  -------------------------------------------------------------------
                         slack                                 11.110    

Slack (MET) :             11.280ns  (required time - arrival time)
  Source:                 fdtd_hdmi_bd_i/axi_ic_0/xbar/inst/gen_sasd.crossbar_sasd_0/m_atarget_enc_reg[0]/C
                            (rising edge-triggered cell FDRE clocked by clk_fpga_0  {rise@0.000ns fall@10.000ns period=20.000ns})
  Destination:            fdtd_hdmi_bd_i/axi_ic_0/xbar/inst/gen_sasd.crossbar_sasd_0/reg_slice_r/m_payload_i_reg[16]/D
                            (rising edge-triggered cell FDRE clocked by clk_fpga_0  {rise@0.000ns fall@10.000ns period=20.000ns})
  Path Group:             clk_fpga_0
  Path Type:              Setup (Max at Slow Process Corner)
  Requirement:            20.000ns  (clk_fpga_0 rise@20.000ns - clk_fpga_0 rise@0.000ns)
  Data Path Delay:        7.998ns  (logic 1.120ns (14.003%)  route 6.878ns (85.997%))
  Logic Levels:           3  (LUT4=1 LUT6=2)
  Clock Path Skew:        -0.352ns (DCD - SCD + CPR)
    Destination Clock Delay (DCD):    2.658ns = ( 22.658 - 20.000 ) 
    Source Clock Delay      (SCD):    3.139ns
    Clock Pessimism Removal (CPR):    0.129ns
  Clock Uncertainty:      0.302ns  ((TSJ^2 + TIJ^2)^1/2 + DJ) / 2 + PE
    Total System Jitter     (TSJ):    0.071ns
    Total Input Jitter      (TIJ):    0.600ns
    Discrete Jitter          (DJ):    0.000ns
    Phase Error              (PE):    0.000ns

    Location             Delay type                Incr(ns)  Path(ns)    Netlist Resource(s)
  -------------------------------------------------------------------    -------------------
                         (clock clk_fpga_0 rise edge)
                                                      0.000     0.000 r  
    PS7_X0Y0             PS7                          0.000     0.000 r  fdtd_hdmi_bd_i/ps7_0/inst/PS7_i/FCLKCLK[0]
                         net (fo=1, routed)           1.193     1.193    fdtd_hdmi_bd_i/ps7_0/inst/FCLK_CLK_unbuffered[0]
    BUFGCTRL_X0Y17       BUFG (Prop_bufg_I_O)         0.101     1.294 r  fdtd_hdmi_bd_i/ps7_0/inst/buffer_fclk_clk_0.FCLK_CLK_0_BUFG/O
                         net (fo=2333, routed)        1.845     3.139    fdtd_hdmi_bd_i/axi_ic_0/xbar/inst/gen_sasd.crossbar_sasd_0/aclk
    SLICE_X32Y102        FDRE                                         r  fdtd_hdmi_bd_i/axi_ic_0/xbar/inst/gen_sasd.crossbar_sasd_0/m_atarget_enc_reg[0]/C
  -------------------------------------------------------------------    -------------------
    SLICE_X32Y102        FDRE (Prop_fdre_C_Q)         0.518     3.657 r  fdtd_hdmi_bd_i/axi_ic_0/xbar/inst/gen_sasd.crossbar_sasd_0/m_atarget_enc_reg[0]/Q
                         net (fo=93, routed)          3.968     7.625    fdtd_hdmi_bd_i/axi_ic_0/xbar/inst/gen_sasd.crossbar_sasd_0/reg_slice_r/m_payload_i_reg[0]_0[0]
    SLICE_X38Y96         LUT4 (Prop_lut4_I0_O)        0.150     7.775 r  fdtd_hdmi_bd_i/axi_ic_0/xbar/inst/gen_sasd.crossbar_sasd_0/reg_slice_r/m_payload_i[32]_i_7/O
                         net (fo=15, routed)          1.228     9.004    fdtd_hdmi_bd_i/axi_ic_0/xbar/inst/gen_sasd.crossbar_sasd_0/reg_slice_r/m_payload_i[32]_i_7_n_0
    SLICE_X44Y94         LUT6 (Prop_lut6_I5_O)        0.328     9.332 r  fdtd_hdmi_bd_i/axi_ic_0/xbar/inst/gen_sasd.crossbar_sasd_0/reg_slice_r/m_payload_i[16]_i_3/O
                         net (fo=1, routed)           0.647     9.979    fdtd_hdmi_bd_i/axi_ic_0/xbar/inst/gen_sasd.crossbar_sasd_0/reg_slice_r/m_payload_i[16]_i_3_n_0
    SLICE_X44Y96         LUT6 (Prop_lut6_I5_O)        0.124    10.103 r  fdtd_hdmi_bd_i/axi_ic_0/xbar/inst/gen_sasd.crossbar_sasd_0/reg_slice_r/m_payload_i[16]_i_1/O
                         net (fo=2, routed)           1.034    11.137    fdtd_hdmi_bd_i/axi_ic_0/xbar/inst/gen_sasd.crossbar_sasd_0/reg_slice_r/skid_buffer[16]
    SLICE_X33Y94         FDRE                                         r  fdtd_hdmi_bd_i/axi_ic_0/xbar/inst/gen_sasd.crossbar_sasd_0/reg_slice_r/m_payload_i_reg[16]/D
  -------------------------------------------------------------------    -------------------

                         (clock clk_fpga_0 rise edge)
                                                     20.000    20.000 r  
    PS7_X0Y0             PS7                          0.000    20.000 r  fdtd_hdmi_bd_i/ps7_0/inst/PS7_i/FCLKCLK[0]
                         net (fo=1, routed)           1.088    21.088    fdtd_hdmi_bd_i/ps7_0/inst/FCLK_CLK_unbuffered[0]
    BUFGCTRL_X0Y17       BUFG (Prop_bufg_I_O)         0.091    21.179 r  fdtd_hdmi_bd_i/ps7_0/inst/buffer_fclk_clk_0.FCLK_CLK_0_BUFG/O
                         net (fo=2333, routed)        1.479    22.658    fdtd_hdmi_bd_i/axi_ic_0/xbar/inst/gen_sasd.crossbar_sasd_0/reg_slice_r/aclk
    SLICE_X33Y94         FDRE                                         r  fdtd_hdmi_bd_i/axi_ic_0/xbar/inst/gen_sasd.crossbar_sasd_0/reg_slice_r/m_payload_i_reg[16]/C
                         clock pessimism              0.129    22.787    
                         clock uncertainty           -0.302    22.485    
    SLICE_X33Y94         FDRE (Setup_fdre_C_D)       -0.067    22.418    fdtd_hdmi_bd_i/axi_ic_0/xbar/inst/gen_sasd.crossbar_sasd_0/reg_slice_r/m_payload_i_reg[16]
  -------------------------------------------------------------------
                         required time                         22.418    
                         arrival time                         -11.137    
  -------------------------------------------------------------------
                         slack                                 11.280    

Slack (MET) :             11.293ns  (required time - arrival time)
  Source:                 fdtd_hdmi_bd_i/axi_ic_0/xbar/inst/gen_sasd.crossbar_sasd_0/m_atarget_enc_reg[0]/C
                            (rising edge-triggered cell FDRE clocked by clk_fpga_0  {rise@0.000ns fall@10.000ns period=20.000ns})
  Destination:            fdtd_hdmi_bd_i/axi_ic_0/xbar/inst/gen_sasd.crossbar_sasd_0/reg_slice_r/m_payload_i_reg[3]/D
                            (rising edge-triggered cell FDRE clocked by clk_fpga_0  {rise@0.000ns fall@10.000ns period=20.000ns})
  Path Group:             clk_fpga_0
  Path Type:              Setup (Max at Slow Process Corner)
  Requirement:            20.000ns  (clk_fpga_0 rise@20.000ns - clk_fpga_0 rise@0.000ns)
  Data Path Delay:        7.995ns  (logic 1.120ns (14.009%)  route 6.875ns (85.991%))
  Logic Levels:           3  (LUT4=1 LUT6=2)
  Clock Path Skew:        -0.352ns (DCD - SCD + CPR)
    Destination Clock Delay (DCD):    2.658ns = ( 22.658 - 20.000 ) 
    Source Clock Delay      (SCD):    3.139ns
    Clock Pessimism Removal (CPR):    0.129ns
  Clock Uncertainty:      0.302ns  ((TSJ^2 + TIJ^2)^1/2 + DJ) / 2 + PE
    Total System Jitter     (TSJ):    0.071ns
    Total Input Jitter      (TIJ):    0.600ns
    Discrete Jitter          (DJ):    0.000ns
    Phase Error              (PE):    0.000ns

    Location             Delay type                Incr(ns)  Path(ns)    Netlist Resource(s)
  -------------------------------------------------------------------    -------------------
                         (clock clk_fpga_0 rise edge)
                                                      0.000     0.000 r  
    PS7_X0Y0             PS7                          0.000     0.000 r  fdtd_hdmi_bd_i/ps7_0/inst/PS7_i/FCLKCLK[0]
                         net (fo=1, routed)           1.193     1.193    fdtd_hdmi_bd_i/ps7_0/inst/FCLK_CLK_unbuffered[0]
    BUFGCTRL_X0Y17       BUFG (Prop_bufg_I_O)         0.101     1.294 r  fdtd_hdmi_bd_i/ps7_0/inst/buffer_fclk_clk_0.FCLK_CLK_0_BUFG/O
                         net (fo=2333, routed)        1.845     3.139    fdtd_hdmi_bd_i/axi_ic_0/xbar/inst/gen_sasd.crossbar_sasd_0/aclk
    SLICE_X32Y102        FDRE                                         r  fdtd_hdmi_bd_i/axi_ic_0/xbar/inst/gen_sasd.crossbar_sasd_0/m_atarget_enc_reg[0]/C
  -------------------------------------------------------------------    -------------------
    SLICE_X32Y102        FDRE (Prop_fdre_C_Q)         0.518     3.657 r  fdtd_hdmi_bd_i/axi_ic_0/xbar/inst/gen_sasd.crossbar_sasd_0/m_atarget_enc_reg[0]/Q
                         net (fo=93, routed)          3.968     7.625    fdtd_hdmi_bd_i/axi_ic_0/xbar/inst/gen_sasd.crossbar_sasd_0/reg_slice_r/m_payload_i_reg[0]_0[0]
    SLICE_X38Y96         LUT4 (Prop_lut4_I0_O)        0.150     7.775 r  fdtd_hdmi_bd_i/axi_ic_0/xbar/inst/gen_sasd.crossbar_sasd_0/reg_slice_r/m_payload_i[32]_i_7/O
                         net (fo=15, routed)          1.215     8.990    fdtd_hdmi_bd_i/axi_ic_0/xbar/inst/gen_sasd.crossbar_sasd_0/reg_slice_r/m_payload_i[32]_i_7_n_0
    SLICE_X43Y93         LUT6 (Prop_lut6_I5_O)        0.328     9.318 r  fdtd_hdmi_bd_i/axi_ic_0/xbar/inst/gen_sasd.crossbar_sasd_0/reg_slice_r/m_payload_i[3]_i_3/O
                         net (fo=1, routed)           0.828    10.146    fdtd_hdmi_bd_i/axi_ic_0/xbar/inst/gen_sasd.crossbar_sasd_0/reg_slice_r/m_payload_i[3]_i_3_n_0
    SLICE_X44Y94         LUT6 (Prop_lut6_I5_O)        0.124    10.270 r  fdtd_hdmi_bd_i/axi_ic_0/xbar/inst/gen_sasd.crossbar_sasd_0/reg_slice_r/m_payload_i[3]_i_1/O
                         net (fo=2, routed)           0.864    11.134    fdtd_hdmi_bd_i/axi_ic_0/xbar/inst/gen_sasd.crossbar_sasd_0/reg_slice_r/skid_buffer[3]
    SLICE_X37Y94         FDRE                                         r  fdtd_hdmi_bd_i/axi_ic_0/xbar/inst/gen_sasd.crossbar_sasd_0/reg_slice_r/m_payload_i_reg[3]/D
  -------------------------------------------------------------------    -------------------

                         (clock clk_fpga_0 rise edge)
                                                     20.000    20.000 r  
    PS7_X0Y0             PS7                          0.000    20.000 r  fdtd_hdmi_bd_i/ps7_0/inst/PS7_i/FCLKCLK[0]
                         net (fo=1, routed)           1.088    21.088    fdtd_hdmi_bd_i/ps7_0/inst/FCLK_CLK_unbuffered[0]
    BUFGCTRL_X0Y17       BUFG (Prop_bufg_I_O)         0.091    21.179 r  fdtd_hdmi_bd_i/ps7_0/inst/buffer_fclk_clk_0.FCLK_CLK_0_BUFG/O
                         net (fo=2333, routed)        1.479    22.658    fdtd_hdmi_bd_i/axi_ic_0/xbar/inst/gen_sasd.crossbar_sasd_0/reg_slice_r/aclk
    SLICE_X37Y94         FDRE                                         r  fdtd_hdmi_bd_i/axi_ic_0/xbar/inst/gen_sasd.crossbar_sasd_0/reg_slice_r/m_payload_i_reg[3]/C
                         clock pessimism              0.129    22.787    
                         clock uncertainty           -0.302    22.485    
    SLICE_X37Y94         FDRE (Setup_fdre_C_D)       -0.058    22.427    fdtd_hdmi_bd_i/axi_ic_0/xbar/inst/gen_sasd.crossbar_sasd_0/reg_slice_r/m_payload_i_reg[3]
  -------------------------------------------------------------------
                         required time                         22.427    
                         arrival time                         -11.134    
  -------------------------------------------------------------------
                         slack                                 11.293    

Slack (MET) :             11.566ns  (required time - arrival time)
  Source:                 fdtd_hdmi_bd_i/axi_ic_0/xbar/inst/gen_sasd.crossbar_sasd_0/m_atarget_enc_reg[0]/C
                            (rising edge-triggered cell FDRE clocked by clk_fpga_0  {rise@0.000ns fall@10.000ns period=20.000ns})
  Destination:            fdtd_hdmi_bd_i/axi_ic_0/xbar/inst/gen_sasd.crossbar_sasd_0/reg_slice_r/m_payload_i_reg[10]/D
                            (rising edge-triggered cell FDRE clocked by clk_fpga_0  {rise@0.000ns fall@10.000ns period=20.000ns})
  Path Group:             clk_fpga_0
  Path Type:              Setup (Max at Slow Process Corner)
  Requirement:            20.000ns  (clk_fpga_0 rise@20.000ns - clk_fpga_0 rise@0.000ns)
  Data Path Delay:        7.685ns  (logic 1.120ns (14.574%)  route 6.565ns (85.426%))
  Logic Levels:           3  (LUT4=1 LUT6=2)
  Clock Path Skew:        -0.352ns (DCD - SCD + CPR)
    Destination Clock Delay (DCD):    2.658ns = ( 22.658 - 20.000 ) 
    Source Clock Delay      (SCD):    3.139ns
    Clock Pessimism Removal (CPR):    0.129ns
  Clock Uncertainty:      0.302ns  ((TSJ^2 + TIJ^2)^1/2 + DJ) / 2 + PE
    Total System Jitter     (TSJ):    0.071ns
    Total Input Jitter      (TIJ):    0.600ns
    Discrete Jitter          (DJ):    0.000ns
    Phase Error              (PE):    0.000ns

    Location             Delay type                Incr(ns)  Path(ns)    Netlist Resource(s)
  -------------------------------------------------------------------    -------------------
                         (clock clk_fpga_0 rise edge)
                                                      0.000     0.000 r  
    PS7_X0Y0             PS7                          0.000     0.000 r  fdtd_hdmi_bd_i/ps7_0/inst/PS7_i/FCLKCLK[0]
                         net (fo=1, routed)           1.193     1.193    fdtd_hdmi_bd_i/ps7_0/inst/FCLK_CLK_unbuffered[0]
    BUFGCTRL_X0Y17       BUFG (Prop_bufg_I_O)         0.101     1.294 r  fdtd_hdmi_bd_i/ps7_0/inst/buffer_fclk_clk_0.FCLK_CLK_0_BUFG/O
                         net (fo=2333, routed)        1.845     3.139    fdtd_hdmi_bd_i/axi_ic_0/xbar/inst/gen_sasd.crossbar_sasd_0/aclk
    SLICE_X32Y102        FDRE                                         r  fdtd_hdmi_bd_i/axi_ic_0/xbar/inst/gen_sasd.crossbar_sasd_0/m_atarget_enc_reg[0]/C
  -------------------------------------------------------------------    -------------------
    SLICE_X32Y102        FDRE (Prop_fdre_C_Q)         0.518     3.657 r  fdtd_hdmi_bd_i/axi_ic_0/xbar/inst/gen_sasd.crossbar_sasd_0/m_atarget_enc_reg[0]/Q
                         net (fo=93, routed)          3.968     7.625    fdtd_hdmi_bd_i/axi_ic_0/xbar/inst/gen_sasd.crossbar_sasd_0/reg_slice_r/m_payload_i_reg[0]_0[0]
    SLICE_X38Y96         LUT4 (Prop_lut4_I0_O)        0.150     7.775 r  fdtd_hdmi_bd_i/axi_ic_0/xbar/inst/gen_sasd.crossbar_sasd_0/reg_slice_r/m_payload_i[32]_i_7/O
                         net (fo=15, routed)          1.203     8.978    fdtd_hdmi_bd_i/axi_ic_0/xbar/inst/gen_sasd.crossbar_sasd_0/reg_slice_r/m_payload_i[32]_i_7_n_0
    SLICE_X41Y93         LUT6 (Prop_lut6_I5_O)        0.328     9.306 r  fdtd_hdmi_bd_i/axi_ic_0/xbar/inst/gen_sasd.crossbar_sasd_0/reg_slice_r/m_payload_i[10]_i_3/O
                         net (fo=1, routed)           0.947    10.253    fdtd_hdmi_bd_i/axi_ic_0/xbar/inst/gen_sasd.crossbar_sasd_0/reg_slice_r/m_payload_i[10]_i_3_n_0
    SLICE_X41Y94         LUT6 (Prop_lut6_I5_O)        0.124    10.377 r  fdtd_hdmi_bd_i/axi_ic_0/xbar/inst/gen_sasd.crossbar_sasd_0/reg_slice_r/m_payload_i[10]_i_1/O
                         net (fo=2, routed)           0.447    10.824    fdtd_hdmi_bd_i/axi_ic_0/xbar/inst/gen_sasd.crossbar_sasd_0/reg_slice_r/skid_buffer[10]
    SLICE_X37Y94         FDRE                                         r  fdtd_hdmi_bd_i/axi_ic_0/xbar/inst/gen_sasd.crossbar_sasd_0/reg_slice_r/m_payload_i_reg[10]/D
  -------------------------------------------------------------------    -------------------

                         (clock clk_fpga_0 rise edge)
                                                     20.000    20.000 r  
    PS7_X0Y0             PS7                          0.000    20.000 r  fdtd_hdmi_bd_i/ps7_0/inst/PS7_i/FCLKCLK[0]
                         net (fo=1, routed)           1.088    21.088    fdtd_hdmi_bd_i/ps7_0/inst/FCLK_CLK_unbuffered[0]
    BUFGCTRL_X0Y17       BUFG (Prop_bufg_I_O)         0.091    21.179 r  fdtd_hdmi_bd_i/ps7_0/inst/buffer_fclk_clk_0.FCLK_CLK_0_BUFG/O
                         net (fo=2333, routed)        1.479    22.658    fdtd_hdmi_bd_i/axi_ic_0/xbar/inst/gen_sasd.crossbar_sasd_0/reg_slice_r/aclk
    SLICE_X37Y94         FDRE                                         r  fdtd_hdmi_bd_i/axi_ic_0/xbar/inst/gen_sasd.crossbar_sasd_0/reg_slice_r/m_payload_i_reg[10]/C
                         clock pessimism              0.129    22.787    
                         clock uncertainty           -0.302    22.485    
    SLICE_X37Y94         FDRE (Setup_fdre_C_D)       -0.095    22.390    fdtd_hdmi_bd_i/axi_ic_0/xbar/inst/gen_sasd.crossbar_sasd_0/reg_slice_r/m_payload_i_reg[10]
  -------------------------------------------------------------------
                         required time                         22.390    
                         arrival time                         -10.824    
  -------------------------------------------------------------------
                         slack                                 11.566    

Slack (MET) :             11.579ns  (required time - arrival time)
  Source:                 fdtd_hdmi_bd_i/axi_ic_0/xbar/inst/gen_sasd.crossbar_sasd_0/m_atarget_enc_reg[0]/C
                            (rising edge-triggered cell FDRE clocked by clk_fpga_0  {rise@0.000ns fall@10.000ns period=20.000ns})
  Destination:            fdtd_hdmi_bd_i/axi_ic_0/xbar/inst/gen_sasd.crossbar_sasd_0/reg_slice_r/skid_buffer_reg[4]/D
                            (rising edge-triggered cell FDRE clocked by clk_fpga_0  {rise@0.000ns fall@10.000ns period=20.000ns})
  Path Group:             clk_fpga_0
  Path Type:              Setup (Max at Slow Process Corner)
  Requirement:            20.000ns  (clk_fpga_0 rise@20.000ns - clk_fpga_0 rise@0.000ns)
  Data Path Delay:        7.684ns  (logic 1.120ns (14.575%)  route 6.564ns (85.425%))
  Logic Levels:           3  (LUT4=1 LUT6=2)
  Clock Path Skew:        -0.353ns (DCD - SCD + CPR)
    Destination Clock Delay (DCD):    2.657ns = ( 22.657 - 20.000 ) 
    Source Clock Delay      (SCD):    3.139ns
    Clock Pessimism Removal (CPR):    0.129ns
  Clock Uncertainty:      0.302ns  ((TSJ^2 + TIJ^2)^1/2 + DJ) / 2 + PE
    Total System Jitter     (TSJ):    0.071ns
    Total Input Jitter      (TIJ):    0.600ns
    Discrete Jitter          (DJ):    0.000ns
    Phase Error              (PE):    0.000ns

    Location             Delay type                Incr(ns)  Path(ns)    Netlist Resource(s)
  -------------------------------------------------------------------    -------------------
                         (clock clk_fpga_0 rise edge)
                                                      0.000     0.000 r  
    PS7_X0Y0             PS7                          0.000     0.000 r  fdtd_hdmi_bd_i/ps7_0/inst/PS7_i/FCLKCLK[0]
                         net (fo=1, routed)           1.193     1.193    fdtd_hdmi_bd_i/ps7_0/inst/FCLK_CLK_unbuffered[0]
    BUFGCTRL_X0Y17       BUFG (Prop_bufg_I_O)         0.101     1.294 r  fdtd_hdmi_bd_i/ps7_0/inst/buffer_fclk_clk_0.FCLK_CLK_0_BUFG/O
                         net (fo=2333, routed)        1.845     3.139    fdtd_hdmi_bd_i/axi_ic_0/xbar/inst/gen_sasd.crossbar_sasd_0/aclk
    SLICE_X32Y102        FDRE                                         r  fdtd_hdmi_bd_i/axi_ic_0/xbar/inst/gen_sasd.crossbar_sasd_0/m_atarget_enc_reg[0]/C
  -------------------------------------------------------------------    -------------------
    SLICE_X32Y102        FDRE (Prop_fdre_C_Q)         0.518     3.657 r  fdtd_hdmi_bd_i/axi_ic_0/xbar/inst/gen_sasd.crossbar_sasd_0/m_atarget_enc_reg[0]/Q
                         net (fo=93, routed)          3.968     7.625    fdtd_hdmi_bd_i/axi_ic_0/xbar/inst/gen_sasd.crossbar_sasd_0/reg_slice_r/m_payload_i_reg[0]_0[0]
    SLICE_X38Y96         LUT4 (Prop_lut4_I0_O)        0.150     7.775 r  fdtd_hdmi_bd_i/axi_ic_0/xbar/inst/gen_sasd.crossbar_sasd_0/reg_slice_r/m_payload_i[32]_i_7/O
                         net (fo=15, routed)          1.395     9.171    fdtd_hdmi_bd_i/axi_ic_0/xbar/inst/gen_sasd.crossbar_sasd_0/reg_slice_r/m_payload_i[32]_i_7_n_0
    SLICE_X45Y93         LUT6 (Prop_lut6_I5_O)        0.328     9.499 r  fdtd_hdmi_bd_i/axi_ic_0/xbar/inst/gen_sasd.crossbar_sasd_0/reg_slice_r/m_payload_i[4]_i_3/O
                         net (fo=1, routed)           0.637    10.135    fdtd_hdmi_bd_i/axi_ic_0/xbar/inst/gen_sasd.crossbar_sasd_0/reg_slice_r/m_payload_i[4]_i_3_n_0
    SLICE_X45Y94         LUT6 (Prop_lut6_I5_O)        0.124    10.259 r  fdtd_hdmi_bd_i/axi_ic_0/xbar/inst/gen_sasd.crossbar_sasd_0/reg_slice_r/m_payload_i[4]_i_1/O
                         net (fo=2, routed)           0.564    10.823    fdtd_hdmi_bd_i/axi_ic_0/xbar/inst/gen_sasd.crossbar_sasd_0/reg_slice_r/skid_buffer[4]
    SLICE_X45Y93         FDRE                                         r  fdtd_hdmi_bd_i/axi_ic_0/xbar/inst/gen_sasd.crossbar_sasd_0/reg_slice_r/skid_buffer_reg[4]/D
  -------------------------------------------------------------------    -------------------

                         (clock clk_fpga_0 rise edge)
                                                     20.000    20.000 r  
    PS7_X0Y0             PS7                          0.000    20.000 r  fdtd_hdmi_bd_i/ps7_0/inst/PS7_i/FCLKCLK[0]
                         net (fo=1, routed)           1.088    21.088    fdtd_hdmi_bd_i/ps7_0/inst/FCLK_CLK_unbuffered[0]
    BUFGCTRL_X0Y17       BUFG (Prop_bufg_I_O)         0.091    21.179 r  fdtd_hdmi_bd_i/ps7_0/inst/buffer_fclk_clk_0.FCLK_CLK_0_BUFG/O
                         net (fo=2333, routed)        1.478    22.657    fdtd_hdmi_bd_i/axi_ic_0/xbar/inst/gen_sasd.crossbar_sasd_0/reg_slice_r/aclk
    SLICE_X45Y93         FDRE                                         r  fdtd_hdmi_bd_i/axi_ic_0/xbar/inst/gen_sasd.crossbar_sasd_0/reg_slice_r/skid_buffer_reg[4]/C
                         clock pessimism              0.129    22.786    
                         clock uncertainty           -0.302    22.484    
    SLICE_X45Y93         FDRE (Setup_fdre_C_D)       -0.081    22.403    fdtd_hdmi_bd_i/axi_ic_0/xbar/inst/gen_sasd.crossbar_sasd_0/reg_slice_r/skid_buffer_reg[4]
  -------------------------------------------------------------------
                         required time                         22.403    
                         arrival time                         -10.823    
  -------------------------------------------------------------------
                         slack                                 11.579    

Slack (MET) :             11.592ns  (required time - arrival time)
  Source:                 fdtd_hdmi_bd_i/axi_ic_0/xbar/inst/gen_sasd.crossbar_sasd_0/m_atarget_enc_reg[0]/C
                            (rising edge-triggered cell FDRE clocked by clk_fpga_0  {rise@0.000ns fall@10.000ns period=20.000ns})
  Destination:            fdtd_hdmi_bd_i/axi_ic_0/xbar/inst/gen_sasd.crossbar_sasd_0/reg_slice_r/skid_buffer_reg[3]/D
                            (rising edge-triggered cell FDRE clocked by clk_fpga_0  {rise@0.000ns fall@10.000ns period=20.000ns})
  Path Group:             clk_fpga_0
  Path Type:              Setup (Max at Slow Process Corner)
  Requirement:            20.000ns  (clk_fpga_0 rise@20.000ns - clk_fpga_0 rise@0.000ns)
  Data Path Delay:        7.686ns  (logic 1.120ns (14.572%)  route 6.566ns (85.428%))
  Logic Levels:           3  (LUT4=1 LUT6=2)
  Clock Path Skew:        -0.353ns (DCD - SCD + CPR)
    Destination Clock Delay (DCD):    2.657ns = ( 22.657 - 20.000 ) 
    Source Clock Delay      (SCD):    3.139ns
    Clock Pessimism Removal (CPR):    0.129ns
  Clock Uncertainty:      0.302ns  ((TSJ^2 + TIJ^2)^1/2 + DJ) / 2 + PE
    Total System Jitter     (TSJ):    0.071ns
    Total Input Jitter      (TIJ):    0.600ns
    Discrete Jitter          (DJ):    0.000ns
    Phase Error              (PE):    0.000ns

    Location             Delay type                Incr(ns)  Path(ns)    Netlist Resource(s)
  -------------------------------------------------------------------    -------------------
                         (clock clk_fpga_0 rise edge)
                                                      0.000     0.000 r  
    PS7_X0Y0             PS7                          0.000     0.000 r  fdtd_hdmi_bd_i/ps7_0/inst/PS7_i/FCLKCLK[0]
                         net (fo=1, routed)           1.193     1.193    fdtd_hdmi_bd_i/ps7_0/inst/FCLK_CLK_unbuffered[0]
    BUFGCTRL_X0Y17       BUFG (Prop_bufg_I_O)         0.101     1.294 r  fdtd_hdmi_bd_i/ps7_0/inst/buffer_fclk_clk_0.FCLK_CLK_0_BUFG/O
                         net (fo=2333, routed)        1.845     3.139    fdtd_hdmi_bd_i/axi_ic_0/xbar/inst/gen_sasd.crossbar_sasd_0/aclk
    SLICE_X32Y102        FDRE                                         r  fdtd_hdmi_bd_i/axi_ic_0/xbar/inst/gen_sasd.crossbar_sasd_0/m_atarget_enc_reg[0]/C
  -------------------------------------------------------------------    -------------------
    SLICE_X32Y102        FDRE (Prop_fdre_C_Q)         0.518     3.657 r  fdtd_hdmi_bd_i/axi_ic_0/xbar/inst/gen_sasd.crossbar_sasd_0/m_atarget_enc_reg[0]/Q
                         net (fo=93, routed)          3.968     7.625    fdtd_hdmi_bd_i/axi_ic_0/xbar/inst/gen_sasd.crossbar_sasd_0/reg_slice_r/m_payload_i_reg[0]_0[0]
    SLICE_X38Y96         LUT4 (Prop_lut4_I0_O)        0.150     7.775 r  fdtd_hdmi_bd_i/axi_ic_0/xbar/inst/gen_sasd.crossbar_sasd_0/reg_slice_r/m_payload_i[32]_i_7/O
                         net (fo=15, routed)          1.215     8.990    fdtd_hdmi_bd_i/axi_ic_0/xbar/inst/gen_sasd.crossbar_sasd_0/reg_slice_r/m_payload_i[32]_i_7_n_0
    SLICE_X43Y93         LUT6 (Prop_lut6_I5_O)        0.328     9.318 r  fdtd_hdmi_bd_i/axi_ic_0/xbar/inst/gen_sasd.crossbar_sasd_0/reg_slice_r/m_payload_i[3]_i_3/O
                         net (fo=1, routed)           0.828    10.146    fdtd_hdmi_bd_i/axi_ic_0/xbar/inst/gen_sasd.crossbar_sasd_0/reg_slice_r/m_payload_i[3]_i_3_n_0
    SLICE_X44Y94         LUT6 (Prop_lut6_I5_O)        0.124    10.270 r  fdtd_hdmi_bd_i/axi_ic_0/xbar/inst/gen_sasd.crossbar_sasd_0/reg_slice_r/m_payload_i[3]_i_1/O
                         net (fo=2, routed)           0.555    10.825    fdtd_hdmi_bd_i/axi_ic_0/xbar/inst/gen_sasd.crossbar_sasd_0/reg_slice_r/skid_buffer[3]
    SLICE_X45Y93         FDRE                                         r  fdtd_hdmi_bd_i/axi_ic_0/xbar/inst/gen_sasd.crossbar_sasd_0/reg_slice_r/skid_buffer_reg[3]/D
  -------------------------------------------------------------------    -------------------

                         (clock clk_fpga_0 rise edge)
                                                     20.000    20.000 r  
    PS7_X0Y0             PS7                          0.000    20.000 r  fdtd_hdmi_bd_i/ps7_0/inst/PS7_i/FCLKCLK[0]
                         net (fo=1, routed)           1.088    21.088    fdtd_hdmi_bd_i/ps7_0/inst/FCLK_CLK_unbuffered[0]
    BUFGCTRL_X0Y17       BUFG (Prop_bufg_I_O)         0.091    21.179 r  fdtd_hdmi_bd_i/ps7_0/inst/buffer_fclk_clk_0.FCLK_CLK_0_BUFG/O
                         net (fo=2333, routed)        1.478    22.657    fdtd_hdmi_bd_i/axi_ic_0/xbar/inst/gen_sasd.crossbar_sasd_0/reg_slice_r/aclk
    SLICE_X45Y93         FDRE                                         r  fdtd_hdmi_bd_i/axi_ic_0/xbar/inst/gen_sasd.crossbar_sasd_0/reg_slice_r/skid_buffer_reg[3]/C
                         clock pessimism              0.129    22.786    
                         clock uncertainty           -0.302    22.484    
    SLICE_X45Y93         FDRE (Setup_fdre_C_D)       -0.067    22.417    fdtd_hdmi_bd_i/axi_ic_0/xbar/inst/gen_sasd.crossbar_sasd_0/reg_slice_r/skid_buffer_reg[3]
  -------------------------------------------------------------------
                         required time                         22.417    
                         arrival time                         -10.825    
  -------------------------------------------------------------------
                         slack                                 11.592    

Slack (MET) :             11.618ns  (required time - arrival time)
  Source:                 fdtd_hdmi_bd_i/axi_ic_0/xbar/inst/gen_sasd.crossbar_sasd_0/m_atarget_enc_reg[0]/C
                            (rising edge-triggered cell FDRE clocked by clk_fpga_0  {rise@0.000ns fall@10.000ns period=20.000ns})
  Destination:            fdtd_hdmi_bd_i/axi_ic_0/xbar/inst/gen_sasd.crossbar_sasd_0/reg_slice_r/skid_buffer_reg[24]/D
                            (rising edge-triggered cell FDRE clocked by clk_fpga_0  {rise@0.000ns fall@10.000ns period=20.000ns})
  Path Group:             clk_fpga_0
  Path Type:              Setup (Max at Slow Process Corner)
  Requirement:            20.000ns  (clk_fpga_0 rise@20.000ns - clk_fpga_0 rise@0.000ns)
  Data Path Delay:        7.670ns  (logic 1.120ns (14.603%)  route 6.550ns (85.397%))
  Logic Levels:           3  (LUT4=1 LUT6=2)
  Clock Path Skew:        -0.352ns (DCD - SCD + CPR)
    Destination Clock Delay (DCD):    2.658ns = ( 22.658 - 20.000 ) 
    Source Clock Delay      (SCD):    3.139ns
    Clock Pessimism Removal (CPR):    0.129ns
  Clock Uncertainty:      0.302ns  ((TSJ^2 + TIJ^2)^1/2 + DJ) / 2 + PE
    Total System Jitter     (TSJ):    0.071ns
    Total Input Jitter      (TIJ):    0.600ns
    Discrete Jitter          (DJ):    0.000ns
    Phase Error              (PE):    0.000ns

    Location             Delay type                Incr(ns)  Path(ns)    Netlist Resource(s)
  -------------------------------------------------------------------    -------------------
                         (clock clk_fpga_0 rise edge)
                                                      0.000     0.000 r  
    PS7_X0Y0             PS7                          0.000     0.000 r  fdtd_hdmi_bd_i/ps7_0/inst/PS7_i/FCLKCLK[0]
                         net (fo=1, routed)           1.193     1.193    fdtd_hdmi_bd_i/ps7_0/inst/FCLK_CLK_unbuffered[0]
    BUFGCTRL_X0Y17       BUFG (Prop_bufg_I_O)         0.101     1.294 r  fdtd_hdmi_bd_i/ps7_0/inst/buffer_fclk_clk_0.FCLK_CLK_0_BUFG/O
                         net (fo=2333, routed)        1.845     3.139    fdtd_hdmi_bd_i/axi_ic_0/xbar/inst/gen_sasd.crossbar_sasd_0/aclk
    SLICE_X32Y102        FDRE                                         r  fdtd_hdmi_bd_i/axi_ic_0/xbar/inst/gen_sasd.crossbar_sasd_0/m_atarget_enc_reg[0]/C
  -------------------------------------------------------------------    -------------------
    SLICE_X32Y102        FDRE (Prop_fdre_C_Q)         0.518     3.657 r  fdtd_hdmi_bd_i/axi_ic_0/xbar/inst/gen_sasd.crossbar_sasd_0/m_atarget_enc_reg[0]/Q
                         net (fo=93, routed)          3.968     7.625    fdtd_hdmi_bd_i/axi_ic_0/xbar/inst/gen_sasd.crossbar_sasd_0/reg_slice_r/m_payload_i_reg[0]_0[0]
    SLICE_X38Y96         LUT4 (Prop_lut4_I0_O)        0.150     7.775 r  fdtd_hdmi_bd_i/axi_ic_0/xbar/inst/gen_sasd.crossbar_sasd_0/reg_slice_r/m_payload_i[32]_i_7/O
                         net (fo=15, routed)          1.213     8.988    fdtd_hdmi_bd_i/axi_ic_0/xbar/inst/gen_sasd.crossbar_sasd_0/reg_slice_r/m_payload_i[32]_i_7_n_0
    SLICE_X43Y93         LUT6 (Prop_lut6_I5_O)        0.328     9.316 r  fdtd_hdmi_bd_i/axi_ic_0/xbar/inst/gen_sasd.crossbar_sasd_0/reg_slice_r/m_payload_i[24]_i_3/O
                         net (fo=1, routed)           0.743    10.059    fdtd_hdmi_bd_i/axi_ic_0/xbar/inst/gen_sasd.crossbar_sasd_0/reg_slice_r/m_payload_i[24]_i_3_n_0
    SLICE_X44Y95         LUT6 (Prop_lut6_I5_O)        0.124    10.183 r  fdtd_hdmi_bd_i/axi_ic_0/xbar/inst/gen_sasd.crossbar_sasd_0/reg_slice_r/m_payload_i[24]_i_1/O
                         net (fo=2, routed)           0.626    10.809    fdtd_hdmi_bd_i/axi_ic_0/xbar/inst/gen_sasd.crossbar_sasd_0/reg_slice_r/skid_buffer[24]
    SLICE_X43Y93         FDRE                                         r  fdtd_hdmi_bd_i/axi_ic_0/xbar/inst/gen_sasd.crossbar_sasd_0/reg_slice_r/skid_buffer_reg[24]/D
  -------------------------------------------------------------------    -------------------

                         (clock clk_fpga_0 rise edge)
                                                     20.000    20.000 r  
    PS7_X0Y0             PS7                          0.000    20.000 r  fdtd_hdmi_bd_i/ps7_0/inst/PS7_i/FCLKCLK[0]
                         net (fo=1, routed)           1.088    21.088    fdtd_hdmi_bd_i/ps7_0/inst/FCLK_CLK_unbuffered[0]
    BUFGCTRL_X0Y17       BUFG (Prop_bufg_I_O)         0.091    21.179 r  fdtd_hdmi_bd_i/ps7_0/inst/buffer_fclk_clk_0.FCLK_CLK_0_BUFG/O
                         net (fo=2333, routed)        1.479    22.658    fdtd_hdmi_bd_i/axi_ic_0/xbar/inst/gen_sasd.crossbar_sasd_0/reg_slice_r/aclk
    SLICE_X43Y93         FDRE                                         r  fdtd_hdmi_bd_i/axi_ic_0/xbar/inst/gen_sasd.crossbar_sasd_0/reg_slice_r/skid_buffer_reg[24]/C
                         clock pessimism              0.129    22.787    
                         clock uncertainty           -0.302    22.485    
    SLICE_X43Y93         FDRE (Setup_fdre_C_D)       -0.058    22.427    fdtd_hdmi_bd_i/axi_ic_0/xbar/inst/gen_sasd.crossbar_sasd_0/reg_slice_r/skid_buffer_reg[24]
  -------------------------------------------------------------------
                         required time                         22.427    
                         arrival time                         -10.809    
  -------------------------------------------------------------------
                         slack                                 11.618    

Slack (MET) :             11.634ns  (required time - arrival time)
  Source:                 fdtd_hdmi_bd_i/axi_ic_0/xbar/inst/gen_sasd.crossbar_sasd_0/m_atarget_enc_reg[0]/C
                            (rising edge-triggered cell FDRE clocked by clk_fpga_0  {rise@0.000ns fall@10.000ns period=20.000ns})
  Destination:            fdtd_hdmi_bd_i/axi_ic_0/xbar/inst/gen_sasd.crossbar_sasd_0/reg_slice_r/m_payload_i_reg[24]/D
                            (rising edge-triggered cell FDRE clocked by clk_fpga_0  {rise@0.000ns fall@10.000ns period=20.000ns})
  Path Group:             clk_fpga_0
  Path Type:              Setup (Max at Slow Process Corner)
  Requirement:            20.000ns  (clk_fpga_0 rise@20.000ns - clk_fpga_0 rise@0.000ns)
  Data Path Delay:        7.666ns  (logic 1.120ns (14.609%)  route 6.546ns (85.391%))
  Logic Levels:           3  (LUT4=1 LUT6=2)
  Clock Path Skew:        -0.352ns (DCD - SCD + CPR)
    Destination Clock Delay (DCD):    2.658ns = ( 22.658 - 20.000 ) 
    Source Clock Delay      (SCD):    3.139ns
    Clock Pessimism Removal (CPR):    0.129ns
  Clock Uncertainty:      0.302ns  ((TSJ^2 + TIJ^2)^1/2 + DJ) / 2 + PE
    Total System Jitter     (TSJ):    0.071ns
    Total Input Jitter      (TIJ):    0.600ns
    Discrete Jitter          (DJ):    0.000ns
    Phase Error              (PE):    0.000ns

    Location             Delay type                Incr(ns)  Path(ns)    Netlist Resource(s)
  -------------------------------------------------------------------    -------------------
                         (clock clk_fpga_0 rise edge)
                                                      0.000     0.000 r  
    PS7_X0Y0             PS7                          0.000     0.000 r  fdtd_hdmi_bd_i/ps7_0/inst/PS7_i/FCLKCLK[0]
                         net (fo=1, routed)           1.193     1.193    fdtd_hdmi_bd_i/ps7_0/inst/FCLK_CLK_unbuffered[0]
    BUFGCTRL_X0Y17       BUFG (Prop_bufg_I_O)         0.101     1.294 r  fdtd_hdmi_bd_i/ps7_0/inst/buffer_fclk_clk_0.FCLK_CLK_0_BUFG/O
                         net (fo=2333, routed)        1.845     3.139    fdtd_hdmi_bd_i/axi_ic_0/xbar/inst/gen_sasd.crossbar_sasd_0/aclk
    SLICE_X32Y102        FDRE                                         r  fdtd_hdmi_bd_i/axi_ic_0/xbar/inst/gen_sasd.crossbar_sasd_0/m_atarget_enc_reg[0]/C
  -------------------------------------------------------------------    -------------------
    SLICE_X32Y102        FDRE (Prop_fdre_C_Q)         0.518     3.657 r  fdtd_hdmi_bd_i/axi_ic_0/xbar/inst/gen_sasd.crossbar_sasd_0/m_atarget_enc_reg[0]/Q
                         net (fo=93, routed)          3.968     7.625    fdtd_hdmi_bd_i/axi_ic_0/xbar/inst/gen_sasd.crossbar_sasd_0/reg_slice_r/m_payload_i_reg[0]_0[0]
    SLICE_X38Y96         LUT4 (Prop_lut4_I0_O)        0.150     7.775 r  fdtd_hdmi_bd_i/axi_ic_0/xbar/inst/gen_sasd.crossbar_sasd_0/reg_slice_r/m_payload_i[32]_i_7/O
                         net (fo=15, routed)          1.213     8.988    fdtd_hdmi_bd_i/axi_ic_0/xbar/inst/gen_sasd.crossbar_sasd_0/reg_slice_r/m_payload_i[32]_i_7_n_0
    SLICE_X43Y93         LUT6 (Prop_lut6_I5_O)        0.328     9.316 r  fdtd_hdmi_bd_i/axi_ic_0/xbar/inst/gen_sasd.crossbar_sasd_0/reg_slice_r/m_payload_i[24]_i_3/O
                         net (fo=1, routed)           0.743    10.059    fdtd_hdmi_bd_i/axi_ic_0/xbar/inst/gen_sasd.crossbar_sasd_0/reg_slice_r/m_payload_i[24]_i_3_n_0
    SLICE_X44Y95         LUT6 (Prop_lut6_I5_O)        0.124    10.183 r  fdtd_hdmi_bd_i/axi_ic_0/xbar/inst/gen_sasd.crossbar_sasd_0/reg_slice_r/m_payload_i[24]_i_1/O
                         net (fo=2, routed)           0.622    10.805    fdtd_hdmi_bd_i/axi_ic_0/xbar/inst/gen_sasd.crossbar_sasd_0/reg_slice_r/skid_buffer[24]
    SLICE_X36Y96         FDRE                                         r  fdtd_hdmi_bd_i/axi_ic_0/xbar/inst/gen_sasd.crossbar_sasd_0/reg_slice_r/m_payload_i_reg[24]/D
  -------------------------------------------------------------------    -------------------

                         (clock clk_fpga_0 rise edge)
                                                     20.000    20.000 r  
    PS7_X0Y0             PS7                          0.000    20.000 r  fdtd_hdmi_bd_i/ps7_0/inst/PS7_i/FCLKCLK[0]
                         net (fo=1, routed)           1.088    21.088    fdtd_hdmi_bd_i/ps7_0/inst/FCLK_CLK_unbuffered[0]
    BUFGCTRL_X0Y17       BUFG (Prop_bufg_I_O)         0.091    21.179 r  fdtd_hdmi_bd_i/ps7_0/inst/buffer_fclk_clk_0.FCLK_CLK_0_BUFG/O
                         net (fo=2333, routed)        1.479    22.658    fdtd_hdmi_bd_i/axi_ic_0/xbar/inst/gen_sasd.crossbar_sasd_0/reg_slice_r/aclk
    SLICE_X36Y96         FDRE                                         r  fdtd_hdmi_bd_i/axi_ic_0/xbar/inst/gen_sasd.crossbar_sasd_0/reg_slice_r/m_payload_i_reg[24]/C
                         clock pessimism              0.129    22.787    
                         clock uncertainty           -0.302    22.485    
    SLICE_X36Y96         FDRE (Setup_fdre_C_D)       -0.045    22.440    fdtd_hdmi_bd_i/axi_ic_0/xbar/inst/gen_sasd.crossbar_sasd_0/reg_slice_r/m_payload_i_reg[24]
  -------------------------------------------------------------------
                         required time                         22.440    
                         arrival time                         -10.805    
  -------------------------------------------------------------------
                         slack                                 11.634    





Min Delay Paths
--------------------------------------------------------------------------------------
Slack (MET) :             0.027ns  (arrival time - required time)
  Source:                 fdtd_hdmi_bd_i/axi_gpio_cam_b/U0/ip2bus_data_i_D1_reg[16]/C
                            (rising edge-triggered cell FDRE clocked by clk_fpga_0  {rise@0.000ns fall@10.000ns period=20.000ns})
  Destination:            fdtd_hdmi_bd_i/axi_gpio_cam_b/U0/AXI_LITE_IPIF_I/I_SLAVE_ATTACHMENT/s_axi_rdata_i_reg[15]/D
                            (rising edge-triggered cell FDRE clocked by clk_fpga_0  {rise@0.000ns fall@10.000ns period=20.000ns})
  Path Group:             clk_fpga_0
  Path Type:              Hold (Min at Fast Process Corner)
  Requirement:            0.000ns  (clk_fpga_0 rise@0.000ns - clk_fpga_0 rise@0.000ns)
  Data Path Delay:        0.364ns  (logic 0.141ns (38.710%)  route 0.223ns (61.290%))
  Logic Levels:           0  
  Clock Path Skew:        0.267ns (DCD - SCD - CPR)
    Destination Clock Delay (DCD):    1.276ns
    Source Clock Delay      (SCD):    0.970ns
    Clock Pessimism Removal (CPR):    0.039ns

    Location             Delay type                Incr(ns)  Path(ns)    Netlist Resource(s)
  -------------------------------------------------------------------    -------------------
                         (clock clk_fpga_0 rise edge)
                                                      0.000     0.000 r  
    PS7_X0Y0             PS7                          0.000     0.000 r  fdtd_hdmi_bd_i/ps7_0/inst/PS7_i/FCLKCLK[0]
                         net (fo=1, routed)           0.310     0.310    fdtd_hdmi_bd_i/ps7_0/inst/FCLK_CLK_unbuffered[0]
    BUFGCTRL_X0Y17       BUFG (Prop_bufg_I_O)         0.026     0.336 r  fdtd_hdmi_bd_i/ps7_0/inst/buffer_fclk_clk_0.FCLK_CLK_0_BUFG/O
                         net (fo=2333, routed)        0.634     0.970    fdtd_hdmi_bd_i/axi_gpio_cam_b/U0/s_axi_aclk
    SLICE_X52Y105        FDRE                                         r  fdtd_hdmi_bd_i/axi_gpio_cam_b/U0/ip2bus_data_i_D1_reg[16]/C
  -------------------------------------------------------------------    -------------------
    SLICE_X52Y105        FDRE (Prop_fdre_C_Q)         0.141     1.111 r  fdtd_hdmi_bd_i/axi_gpio_cam_b/U0/ip2bus_data_i_D1_reg[16]/Q
                         net (fo=1, routed)           0.223     1.334    fdtd_hdmi_bd_i/axi_gpio_cam_b/U0/AXI_LITE_IPIF_I/I_SLAVE_ATTACHMENT/Q[15]
    SLICE_X47Y105        FDRE                                         r  fdtd_hdmi_bd_i/axi_gpio_cam_b/U0/AXI_LITE_IPIF_I/I_SLAVE_ATTACHMENT/s_axi_rdata_i_reg[15]/D
  -------------------------------------------------------------------    -------------------

                         (clock clk_fpga_0 rise edge)
                                                      0.000     0.000 r  
    PS7_X0Y0             PS7                          0.000     0.000 r  fdtd_hdmi_bd_i/ps7_0/inst/PS7_i/FCLKCLK[0]
                         net (fo=1, routed)           0.337     0.337    fdtd_hdmi_bd_i/ps7_0/inst/FCLK_CLK_unbuffered[0]
    BUFGCTRL_X0Y17       BUFG (Prop_bufg_I_O)         0.029     0.366 r  fdtd_hdmi_bd_i/ps7_0/inst/buffer_fclk_clk_0.FCLK_CLK_0_BUFG/O
                         net (fo=2333, routed)        0.910     1.276    fdtd_hdmi_bd_i/axi_gpio_cam_b/U0/AXI_LITE_IPIF_I/I_SLAVE_ATTACHMENT/s_axi_aclk
    SLICE_X47Y105        FDRE                                         r  fdtd_hdmi_bd_i/axi_gpio_cam_b/U0/AXI_LITE_IPIF_I/I_SLAVE_ATTACHMENT/s_axi_rdata_i_reg[15]/C
                         clock pessimism             -0.039     1.237    
    SLICE_X47Y105        FDRE (Hold_fdre_C_D)         0.070     1.307    fdtd_hdmi_bd_i/axi_gpio_cam_b/U0/AXI_LITE_IPIF_I/I_SLAVE_ATTACHMENT/s_axi_rdata_i_reg[15]
  -------------------------------------------------------------------
                         required time                         -1.307    
                         arrival time                           1.334    
  -------------------------------------------------------------------
                         slack                                  0.027    

Slack (MET) :             0.036ns  (arrival time - required time)
  Source:                 fdtd_hdmi_bd_i/axi_gpio_cam_b/U0/ip2bus_data_i_D1_reg[30]/C
                            (rising edge-triggered cell FDRE clocked by clk_fpga_0  {rise@0.000ns fall@10.000ns period=20.000ns})
  Destination:            fdtd_hdmi_bd_i/axi_gpio_cam_b/U0/AXI_LITE_IPIF_I/I_SLAVE_ATTACHMENT/s_axi_rdata_i_reg[1]/D
                            (rising edge-triggered cell FDRE clocked by clk_fpga_0  {rise@0.000ns fall@10.000ns period=20.000ns})
  Path Group:             clk_fpga_0
  Path Type:              Hold (Min at Fast Process Corner)
  Requirement:            0.000ns  (clk_fpga_0 rise@0.000ns - clk_fpga_0 rise@0.000ns)
  Data Path Delay:        0.369ns  (logic 0.141ns (38.184%)  route 0.228ns (61.816%))
  Logic Levels:           0  
  Clock Path Skew:        0.267ns (DCD - SCD - CPR)
    Destination Clock Delay (DCD):    1.277ns
    Source Clock Delay      (SCD):    0.971ns
    Clock Pessimism Removal (CPR):    0.039ns

    Location             Delay type                Incr(ns)  Path(ns)    Netlist Resource(s)
  -------------------------------------------------------------------    -------------------
                         (clock clk_fpga_0 rise edge)
                                                      0.000     0.000 r  
    PS7_X0Y0             PS7                          0.000     0.000 r  fdtd_hdmi_bd_i/ps7_0/inst/PS7_i/FCLKCLK[0]
                         net (fo=1, routed)           0.310     0.310    fdtd_hdmi_bd_i/ps7_0/inst/FCLK_CLK_unbuffered[0]
    BUFGCTRL_X0Y17       BUFG (Prop_bufg_I_O)         0.026     0.336 r  fdtd_hdmi_bd_i/ps7_0/inst/buffer_fclk_clk_0.FCLK_CLK_0_BUFG/O
                         net (fo=2333, routed)        0.635     0.971    fdtd_hdmi_bd_i/axi_gpio_cam_b/U0/s_axi_aclk
    SLICE_X53Y102        FDRE                                         r  fdtd_hdmi_bd_i/axi_gpio_cam_b/U0/ip2bus_data_i_D1_reg[30]/C
  -------------------------------------------------------------------    -------------------
    SLICE_X53Y102        FDRE (Prop_fdre_C_Q)         0.141     1.112 r  fdtd_hdmi_bd_i/axi_gpio_cam_b/U0/ip2bus_data_i_D1_reg[30]/Q
                         net (fo=1, routed)           0.228     1.340    fdtd_hdmi_bd_i/axi_gpio_cam_b/U0/AXI_LITE_IPIF_I/I_SLAVE_ATTACHMENT/Q[1]
    SLICE_X44Y102        FDRE                                         r  fdtd_hdmi_bd_i/axi_gpio_cam_b/U0/AXI_LITE_IPIF_I/I_SLAVE_ATTACHMENT/s_axi_rdata_i_reg[1]/D
  -------------------------------------------------------------------    -------------------

                         (clock clk_fpga_0 rise edge)
                                                      0.000     0.000 r  
    PS7_X0Y0             PS7                          0.000     0.000 r  fdtd_hdmi_bd_i/ps7_0/inst/PS7_i/FCLKCLK[0]
                         net (fo=1, routed)           0.337     0.337    fdtd_hdmi_bd_i/ps7_0/inst/FCLK_CLK_unbuffered[0]
    BUFGCTRL_X0Y17       BUFG (Prop_bufg_I_O)         0.029     0.366 r  fdtd_hdmi_bd_i/ps7_0/inst/buffer_fclk_clk_0.FCLK_CLK_0_BUFG/O
                         net (fo=2333, routed)        0.911     1.277    fdtd_hdmi_bd_i/axi_gpio_cam_b/U0/AXI_LITE_IPIF_I/I_SLAVE_ATTACHMENT/s_axi_aclk
    SLICE_X44Y102        FDRE                                         r  fdtd_hdmi_bd_i/axi_gpio_cam_b/U0/AXI_LITE_IPIF_I/I_SLAVE_ATTACHMENT/s_axi_rdata_i_reg[1]/C
                         clock pessimism             -0.039     1.238    
    SLICE_X44Y102        FDRE (Hold_fdre_C_D)         0.066     1.304    fdtd_hdmi_bd_i/axi_gpio_cam_b/U0/AXI_LITE_IPIF_I/I_SLAVE_ATTACHMENT/s_axi_rdata_i_reg[1]
  -------------------------------------------------------------------
                         required time                         -1.304    
                         arrival time                           1.340    
  -------------------------------------------------------------------
                         slack                                  0.036    

Slack (MET) :             0.045ns  (arrival time - required time)
  Source:                 fdtd_hdmi_bd_i/axi_gpio_cam_a/U0/gpio_core_1/Dual.ALLOUT0_ND_G1.READ_REG_GEN[20].reg1_reg[20]/C
                            (rising edge-triggered cell FDRE clocked by clk_fpga_0  {rise@0.000ns fall@10.000ns period=20.000ns})
  Destination:            fdtd_hdmi_bd_i/axi_gpio_cam_a/U0/ip2bus_data_i_D1_reg[20]/D
                            (rising edge-triggered cell FDRE clocked by clk_fpga_0  {rise@0.000ns fall@10.000ns period=20.000ns})
  Path Group:             clk_fpga_0
  Path Type:              Hold (Min at Fast Process Corner)
  Requirement:            0.000ns  (clk_fpga_0 rise@0.000ns - clk_fpga_0 rise@0.000ns)
  Data Path Delay:        0.404ns  (logic 0.209ns (51.724%)  route 0.195ns (48.276%))
  Logic Levels:           1  (LUT5=1)
  Clock Path Skew:        0.267ns (DCD - SCD - CPR)
    Destination Clock Delay (DCD):    1.277ns
    Source Clock Delay      (SCD):    0.971ns
    Clock Pessimism Removal (CPR):    0.039ns

    Location             Delay type                Incr(ns)  Path(ns)    Netlist Resource(s)
  -------------------------------------------------------------------    -------------------
                         (clock clk_fpga_0 rise edge)
                                                      0.000     0.000 r  
    PS7_X0Y0             PS7                          0.000     0.000 r  fdtd_hdmi_bd_i/ps7_0/inst/PS7_i/FCLKCLK[0]
                         net (fo=1, routed)           0.310     0.310    fdtd_hdmi_bd_i/ps7_0/inst/FCLK_CLK_unbuffered[0]
    BUFGCTRL_X0Y17       BUFG (Prop_bufg_I_O)         0.026     0.336 r  fdtd_hdmi_bd_i/ps7_0/inst/buffer_fclk_clk_0.FCLK_CLK_0_BUFG/O
                         net (fo=2333, routed)        0.635     0.971    fdtd_hdmi_bd_i/axi_gpio_cam_a/U0/gpio_core_1/s_axi_aclk
    SLICE_X50Y101        FDRE                                         r  fdtd_hdmi_bd_i/axi_gpio_cam_a/U0/gpio_core_1/Dual.ALLOUT0_ND_G1.READ_REG_GEN[20].reg1_reg[20]/C
  -------------------------------------------------------------------    -------------------
    SLICE_X50Y101        FDRE (Prop_fdre_C_Q)         0.164     1.135 r  fdtd_hdmi_bd_i/axi_gpio_cam_a/U0/gpio_core_1/Dual.ALLOUT0_ND_G1.READ_REG_GEN[20].reg1_reg[20]/Q
                         net (fo=1, routed)           0.195     1.330    fdtd_hdmi_bd_i/axi_gpio_cam_a/U0/AXI_LITE_IPIF_I/I_SLAVE_ATTACHMENT/I_DECODER/Dual.ALLOUT0_ND_G1.READ_REG_GEN[20].reg1_reg
    SLICE_X48Y102        LUT5 (Prop_lut5_I2_O)        0.045     1.375 r  fdtd_hdmi_bd_i/axi_gpio_cam_a/U0/AXI_LITE_IPIF_I/I_SLAVE_ATTACHMENT/I_DECODER/ip2bus_data_i_D1[20]_i_1/O
                         net (fo=1, routed)           0.000     1.375    fdtd_hdmi_bd_i/axi_gpio_cam_a/U0/ip2bus_data[20]
    SLICE_X48Y102        FDRE                                         r  fdtd_hdmi_bd_i/axi_gpio_cam_a/U0/ip2bus_data_i_D1_reg[20]/D
  -------------------------------------------------------------------    -------------------

                         (clock clk_fpga_0 rise edge)
                                                      0.000     0.000 r  
    PS7_X0Y0             PS7                          0.000     0.000 r  fdtd_hdmi_bd_i/ps7_0/inst/PS7_i/FCLKCLK[0]
                         net (fo=1, routed)           0.337     0.337    fdtd_hdmi_bd_i/ps7_0/inst/FCLK_CLK_unbuffered[0]
    BUFGCTRL_X0Y17       BUFG (Prop_bufg_I_O)         0.029     0.366 r  fdtd_hdmi_bd_i/ps7_0/inst/buffer_fclk_clk_0.FCLK_CLK_0_BUFG/O
                         net (fo=2333, routed)        0.911     1.277    fdtd_hdmi_bd_i/axi_gpio_cam_a/U0/s_axi_aclk
    SLICE_X48Y102        FDRE                                         r  fdtd_hdmi_bd_i/axi_gpio_cam_a/U0/ip2bus_data_i_D1_reg[20]/C
                         clock pessimism             -0.039     1.238    
    SLICE_X48Y102        FDRE (Hold_fdre_C_D)         0.092     1.330    fdtd_hdmi_bd_i/axi_gpio_cam_a/U0/ip2bus_data_i_D1_reg[20]
  -------------------------------------------------------------------
                         required time                         -1.330    
                         arrival time                           1.375    
  -------------------------------------------------------------------
                         slack                                  0.045    

Slack (MET) :             0.046ns  (arrival time - required time)
  Source:                 fdtd_hdmi_bd_i/axi_ic_0/s00_couplers/auto_pc/inst/gen_axilite.gen_b2s_conv.axilite_b2s/WR.aw_channel_0/s_awid_r_reg[2]/C
                            (rising edge-triggered cell FDRE clocked by clk_fpga_0  {rise@0.000ns fall@10.000ns period=20.000ns})
  Destination:            fdtd_hdmi_bd_i/axi_ic_0/s00_couplers/auto_pc/inst/gen_axilite.gen_b2s_conv.axilite_b2s/WR.b_channel_0/bid_fifo_0/memory_reg[3][10]_srl4/D
                            (rising edge-triggered cell SRL16E clocked by clk_fpga_0  {rise@0.000ns fall@10.000ns period=20.000ns})
  Path Group:             clk_fpga_0
  Path Type:              Hold (Min at Fast Process Corner)
  Requirement:            0.000ns  (clk_fpga_0 rise@0.000ns - clk_fpga_0 rise@0.000ns)
  Data Path Delay:        0.320ns  (logic 0.141ns (44.058%)  route 0.179ns (55.942%))
  Logic Levels:           0  
  Clock Path Skew:        0.180ns (DCD - SCD - CPR)
    Destination Clock Delay (DCD):    1.210ns
    Source Clock Delay      (SCD):    0.995ns
    Clock Pessimism Removal (CPR):    0.035ns

    Location             Delay type                Incr(ns)  Path(ns)    Netlist Resource(s)
  -------------------------------------------------------------------    -------------------
                         (clock clk_fpga_0 rise edge)
                                                      0.000     0.000 r  
    PS7_X0Y0             PS7                          0.000     0.000 r  fdtd_hdmi_bd_i/ps7_0/inst/PS7_i/FCLKCLK[0]
                         net (fo=1, routed)           0.310     0.310    fdtd_hdmi_bd_i/ps7_0/inst/FCLK_CLK_unbuffered[0]
    BUFGCTRL_X0Y17       BUFG (Prop_bufg_I_O)         0.026     0.336 r  fdtd_hdmi_bd_i/ps7_0/inst/buffer_fclk_clk_0.FCLK_CLK_0_BUFG/O
                         net (fo=2333, routed)        0.659     0.995    fdtd_hdmi_bd_i/axi_ic_0/s00_couplers/auto_pc/inst/gen_axilite.gen_b2s_conv.axilite_b2s/WR.aw_channel_0/aclk
    SLICE_X31Y100        FDRE                                         r  fdtd_hdmi_bd_i/axi_ic_0/s00_couplers/auto_pc/inst/gen_axilite.gen_b2s_conv.axilite_b2s/WR.aw_channel_0/s_awid_r_reg[2]/C
  -------------------------------------------------------------------    -------------------
    SLICE_X31Y100        FDRE (Prop_fdre_C_Q)         0.141     1.136 r  fdtd_hdmi_bd_i/axi_ic_0/s00_couplers/auto_pc/inst/gen_axilite.gen_b2s_conv.axilite_b2s/WR.aw_channel_0/s_awid_r_reg[2]/Q
                         net (fo=1, routed)           0.179     1.315    fdtd_hdmi_bd_i/axi_ic_0/s00_couplers/auto_pc/inst/gen_axilite.gen_b2s_conv.axilite_b2s/WR.b_channel_0/bid_fifo_0/in[6]
    SLICE_X26Y99         SRL16E                                       r  fdtd_hdmi_bd_i/axi_ic_0/s00_couplers/auto_pc/inst/gen_axilite.gen_b2s_conv.axilite_b2s/WR.b_channel_0/bid_fifo_0/memory_reg[3][10]_srl4/D
  -------------------------------------------------------------------    -------------------

                         (clock clk_fpga_0 rise edge)
                                                      0.000     0.000 r  
    PS7_X0Y0             PS7                          0.000     0.000 r  fdtd_hdmi_bd_i/ps7_0/inst/PS7_i/FCLKCLK[0]
                         net (fo=1, routed)           0.337     0.337    fdtd_hdmi_bd_i/ps7_0/inst/FCLK_CLK_unbuffered[0]
    BUFGCTRL_X0Y17       BUFG (Prop_bufg_I_O)         0.029     0.366 r  fdtd_hdmi_bd_i/ps7_0/inst/buffer_fclk_clk_0.FCLK_CLK_0_BUFG/O
                         net (fo=2333, routed)        0.844     1.210    fdtd_hdmi_bd_i/axi_ic_0/s00_couplers/auto_pc/inst/gen_axilite.gen_b2s_conv.axilite_b2s/WR.b_channel_0/bid_fifo_0/aclk
    SLICE_X26Y99         SRL16E                                       r  fdtd_hdmi_bd_i/axi_ic_0/s00_couplers/auto_pc/inst/gen_axilite.gen_b2s_conv.axilite_b2s/WR.b_channel_0/bid_fifo_0/memory_reg[3][10]_srl4/CLK
                         clock pessimism             -0.035     1.175    
    SLICE_X26Y99         SRL16E (Hold_srl16e_CLK_D)
                                                      0.094     1.269    fdtd_hdmi_bd_i/axi_ic_0/s00_couplers/auto_pc/inst/gen_axilite.gen_b2s_conv.axilite_b2s/WR.b_channel_0/bid_fifo_0/memory_reg[3][10]_srl4
  -------------------------------------------------------------------
                         required time                         -1.269    
                         arrival time                           1.315    
  -------------------------------------------------------------------
                         slack                                  0.046    

Slack (MET) :             0.048ns  (arrival time - required time)
  Source:                 fdtd_hdmi_bd_i/axi_gpio_cam_a/U0/ip2bus_data_i_D1_reg[11]/C
                            (rising edge-triggered cell FDRE clocked by clk_fpga_0  {rise@0.000ns fall@10.000ns period=20.000ns})
  Destination:            fdtd_hdmi_bd_i/axi_gpio_cam_a/U0/AXI_LITE_IPIF_I/I_SLAVE_ATTACHMENT/s_axi_rdata_i_reg[20]/D
                            (rising edge-triggered cell FDRE clocked by clk_fpga_0  {rise@0.000ns fall@10.000ns period=20.000ns})
  Path Group:             clk_fpga_0
  Path Type:              Hold (Min at Fast Process Corner)
  Requirement:            0.000ns  (clk_fpga_0 rise@0.000ns - clk_fpga_0 rise@0.000ns)
  Data Path Delay:        0.376ns  (logic 0.141ns (37.507%)  route 0.235ns (62.493%))
  Logic Levels:           0  
  Clock Path Skew:        0.268ns (DCD - SCD - CPR)
    Destination Clock Delay (DCD):    1.190ns
    Source Clock Delay      (SCD):    0.887ns
    Clock Pessimism Removal (CPR):    0.035ns

    Location             Delay type                Incr(ns)  Path(ns)    Netlist Resource(s)
  -------------------------------------------------------------------    -------------------
                         (clock clk_fpga_0 rise edge)
                                                      0.000     0.000 r  
    PS7_X0Y0             PS7                          0.000     0.000 r  fdtd_hdmi_bd_i/ps7_0/inst/PS7_i/FCLKCLK[0]
                         net (fo=1, routed)           0.310     0.310    fdtd_hdmi_bd_i/ps7_0/inst/FCLK_CLK_unbuffered[0]
    BUFGCTRL_X0Y17       BUFG (Prop_bufg_I_O)         0.026     0.336 r  fdtd_hdmi_bd_i/ps7_0/inst/buffer_fclk_clk_0.FCLK_CLK_0_BUFG/O
                         net (fo=2333, routed)        0.551     0.887    fdtd_hdmi_bd_i/axi_gpio_cam_a/U0/s_axi_aclk
    SLICE_X51Y92         FDRE                                         r  fdtd_hdmi_bd_i/axi_gpio_cam_a/U0/ip2bus_data_i_D1_reg[11]/C
  -------------------------------------------------------------------    -------------------
    SLICE_X51Y92         FDRE (Prop_fdre_C_Q)         0.141     1.028 r  fdtd_hdmi_bd_i/axi_gpio_cam_a/U0/ip2bus_data_i_D1_reg[11]/Q
                         net (fo=1, routed)           0.235     1.263    fdtd_hdmi_bd_i/axi_gpio_cam_a/U0/AXI_LITE_IPIF_I/I_SLAVE_ATTACHMENT/Q[20]
    SLICE_X46Y94         FDRE                                         r  fdtd_hdmi_bd_i/axi_gpio_cam_a/U0/AXI_LITE_IPIF_I/I_SLAVE_ATTACHMENT/s_axi_rdata_i_reg[20]/D
  -------------------------------------------------------------------    -------------------

                         (clock clk_fpga_0 rise edge)
                                                      0.000     0.000 r  
    PS7_X0Y0             PS7                          0.000     0.000 r  fdtd_hdmi_bd_i/ps7_0/inst/PS7_i/FCLKCLK[0]
                         net (fo=1, routed)           0.337     0.337    fdtd_hdmi_bd_i/ps7_0/inst/FCLK_CLK_unbuffered[0]
    BUFGCTRL_X0Y17       BUFG (Prop_bufg_I_O)         0.029     0.366 r  fdtd_hdmi_bd_i/ps7_0/inst/buffer_fclk_clk_0.FCLK_CLK_0_BUFG/O
                         net (fo=2333, routed)        0.824     1.190    fdtd_hdmi_bd_i/axi_gpio_cam_a/U0/AXI_LITE_IPIF_I/I_SLAVE_ATTACHMENT/s_axi_aclk
    SLICE_X46Y94         FDRE                                         r  fdtd_hdmi_bd_i/axi_gpio_cam_a/U0/AXI_LITE_IPIF_I/I_SLAVE_ATTACHMENT/s_axi_rdata_i_reg[20]/C
                         clock pessimism             -0.035     1.155    
    SLICE_X46Y94         FDRE (Hold_fdre_C_D)         0.060     1.215    fdtd_hdmi_bd_i/axi_gpio_cam_a/U0/AXI_LITE_IPIF_I/I_SLAVE_ATTACHMENT/s_axi_rdata_i_reg[20]
  -------------------------------------------------------------------
                         required time                         -1.215    
                         arrival time                           1.263    
  -------------------------------------------------------------------
                         slack                                  0.048    

Slack (MET) :             0.049ns  (arrival time - required time)
  Source:                 fdtd_hdmi_bd_i/axi_ic_0/s00_couplers/auto_pc/inst/gen_axilite.gen_b2s_conv.axilite_b2s/SI_REG/aw.aw_pipe/skid_buffer_reg[31]/C
                            (rising edge-triggered cell FDRE clocked by clk_fpga_0  {rise@0.000ns fall@10.000ns period=20.000ns})
  Destination:            fdtd_hdmi_bd_i/axi_ic_0/s00_couplers/auto_pc/inst/gen_axilite.gen_b2s_conv.axilite_b2s/SI_REG/aw.aw_pipe/m_payload_i_reg[31]/D
                            (rising edge-triggered cell FDRE clocked by clk_fpga_0  {rise@0.000ns fall@10.000ns period=20.000ns})
  Path Group:             clk_fpga_0
  Path Type:              Hold (Min at Fast Process Corner)
  Requirement:            0.000ns  (clk_fpga_0 rise@0.000ns - clk_fpga_0 rise@0.000ns)
  Data Path Delay:        0.363ns  (logic 0.213ns (58.736%)  route 0.150ns (41.264%))
  Logic Levels:           1  (LUT3=1)
  Clock Path Skew:        0.183ns (DCD - SCD - CPR)
    Destination Clock Delay (DCD):    1.210ns
    Source Clock Delay      (SCD):    0.992ns
    Clock Pessimism Removal (CPR):    0.035ns

    Location             Delay type                Incr(ns)  Path(ns)    Netlist Resource(s)
  -------------------------------------------------------------------    -------------------
                         (clock clk_fpga_0 rise edge)
                                                      0.000     0.000 r  
    PS7_X0Y0             PS7                          0.000     0.000 r  fdtd_hdmi_bd_i/ps7_0/inst/PS7_i/FCLKCLK[0]
                         net (fo=1, routed)           0.310     0.310    fdtd_hdmi_bd_i/ps7_0/inst/FCLK_CLK_unbuffered[0]
    BUFGCTRL_X0Y17       BUFG (Prop_bufg_I_O)         0.026     0.336 r  fdtd_hdmi_bd_i/ps7_0/inst/buffer_fclk_clk_0.FCLK_CLK_0_BUFG/O
                         net (fo=2333, routed)        0.656     0.992    fdtd_hdmi_bd_i/axi_ic_0/s00_couplers/auto_pc/inst/gen_axilite.gen_b2s_conv.axilite_b2s/SI_REG/aw.aw_pipe/aclk
    SLICE_X26Y100        FDRE                                         r  fdtd_hdmi_bd_i/axi_ic_0/s00_couplers/auto_pc/inst/gen_axilite.gen_b2s_conv.axilite_b2s/SI_REG/aw.aw_pipe/skid_buffer_reg[31]/C
  -------------------------------------------------------------------    -------------------
    SLICE_X26Y100        FDRE (Prop_fdre_C_Q)         0.164     1.156 r  fdtd_hdmi_bd_i/axi_ic_0/s00_couplers/auto_pc/inst/gen_axilite.gen_b2s_conv.axilite_b2s/SI_REG/aw.aw_pipe/skid_buffer_reg[31]/Q
                         net (fo=1, routed)           0.150     1.306    fdtd_hdmi_bd_i/axi_ic_0/s00_couplers/auto_pc/inst/gen_axilite.gen_b2s_conv.axilite_b2s/SI_REG/aw.aw_pipe/skid_buffer_reg_n_0_[31]
    SLICE_X26Y98         LUT3 (Prop_lut3_I2_O)        0.049     1.355 r  fdtd_hdmi_bd_i/axi_ic_0/s00_couplers/auto_pc/inst/gen_axilite.gen_b2s_conv.axilite_b2s/SI_REG/aw.aw_pipe/m_payload_i[31]_i_2/O
                         net (fo=1, routed)           0.000     1.355    fdtd_hdmi_bd_i/axi_ic_0/s00_couplers/auto_pc/inst/gen_axilite.gen_b2s_conv.axilite_b2s/SI_REG/aw.aw_pipe/skid_buffer[31]
    SLICE_X26Y98         FDRE                                         r  fdtd_hdmi_bd_i/axi_ic_0/s00_couplers/auto_pc/inst/gen_axilite.gen_b2s_conv.axilite_b2s/SI_REG/aw.aw_pipe/m_payload_i_reg[31]/D
  -------------------------------------------------------------------    -------------------

                         (clock clk_fpga_0 rise edge)
                                                      0.000     0.000 r  
    PS7_X0Y0             PS7                          0.000     0.000 r  fdtd_hdmi_bd_i/ps7_0/inst/PS7_i/FCLKCLK[0]
                         net (fo=1, routed)           0.337     0.337    fdtd_hdmi_bd_i/ps7_0/inst/FCLK_CLK_unbuffered[0]
    BUFGCTRL_X0Y17       BUFG (Prop_bufg_I_O)         0.029     0.366 r  fdtd_hdmi_bd_i/ps7_0/inst/buffer_fclk_clk_0.FCLK_CLK_0_BUFG/O
                         net (fo=2333, routed)        0.844     1.210    fdtd_hdmi_bd_i/axi_ic_0/s00_couplers/auto_pc/inst/gen_axilite.gen_b2s_conv.axilite_b2s/SI_REG/aw.aw_pipe/aclk
    SLICE_X26Y98         FDRE                                         r  fdtd_hdmi_bd_i/axi_ic_0/s00_couplers/auto_pc/inst/gen_axilite.gen_b2s_conv.axilite_b2s/SI_REG/aw.aw_pipe/m_payload_i_reg[31]/C
                         clock pessimism             -0.035     1.175    
    SLICE_X26Y98         FDRE (Hold_fdre_C_D)         0.131     1.306    fdtd_hdmi_bd_i/axi_ic_0/s00_couplers/auto_pc/inst/gen_axilite.gen_b2s_conv.axilite_b2s/SI_REG/aw.aw_pipe/m_payload_i_reg[31]
  -------------------------------------------------------------------
                         required time                         -1.306    
                         arrival time                           1.355    
  -------------------------------------------------------------------
                         slack                                  0.049    

Slack (MET) :             0.049ns  (arrival time - required time)
  Source:                 fdtd_hdmi_bd_i/axi_gpio_motion/U0/AXI_LITE_IPIF_I/I_SLAVE_ATTACHMENT/s_axi_rdata_i_reg[22]/C
                            (rising edge-triggered cell FDRE clocked by clk_fpga_0  {rise@0.000ns fall@10.000ns period=20.000ns})
  Destination:            fdtd_hdmi_bd_i/axi_ic_0/xbar/inst/gen_sasd.crossbar_sasd_0/reg_slice_r/skid_buffer_reg[25]/D
                            (rising edge-triggered cell FDRE clocked by clk_fpga_0  {rise@0.000ns fall@10.000ns period=20.000ns})
  Path Group:             clk_fpga_0
  Path Type:              Hold (Min at Fast Process Corner)
  Requirement:            0.000ns  (clk_fpga_0 rise@0.000ns - clk_fpga_0 rise@0.000ns)
  Data Path Delay:        0.521ns  (logic 0.231ns (44.358%)  route 0.290ns (55.642%))
  Logic Levels:           2  (LUT6=2)
  Clock Path Skew:        0.350ns (DCD - SCD - CPR)
    Destination Clock Delay (DCD):    1.277ns
    Source Clock Delay      (SCD):    0.892ns
    Clock Pessimism Removal (CPR):    0.035ns

    Location             Delay type                Incr(ns)  Path(ns)    Netlist Resource(s)
  -------------------------------------------------------------------    -------------------
                         (clock clk_fpga_0 rise edge)
                                                      0.000     0.000 r  
    PS7_X0Y0             PS7                          0.000     0.000 r  fdtd_hdmi_bd_i/ps7_0/inst/PS7_i/FCLKCLK[0]
                         net (fo=1, routed)           0.310     0.310    fdtd_hdmi_bd_i/ps7_0/inst/FCLK_CLK_unbuffered[0]
    BUFGCTRL_X0Y17       BUFG (Prop_bufg_I_O)         0.026     0.336 r  fdtd_hdmi_bd_i/ps7_0/inst/buffer_fclk_clk_0.FCLK_CLK_0_BUFG/O
                         net (fo=2333, routed)        0.556     0.892    fdtd_hdmi_bd_i/axi_gpio_motion/U0/AXI_LITE_IPIF_I/I_SLAVE_ATTACHMENT/s_axi_aclk
    SLICE_X39Y96         FDRE                                         r  fdtd_hdmi_bd_i/axi_gpio_motion/U0/AXI_LITE_IPIF_I/I_SLAVE_ATTACHMENT/s_axi_rdata_i_reg[22]/C
  -------------------------------------------------------------------    -------------------
    SLICE_X39Y96         FDRE (Prop_fdre_C_Q)         0.141     1.033 r  fdtd_hdmi_bd_i/axi_gpio_motion/U0/AXI_LITE_IPIF_I/I_SLAVE_ATTACHMENT/s_axi_rdata_i_reg[22]/Q
                         net (fo=1, routed)           0.054     1.087    fdtd_hdmi_bd_i/axi_ic_0/xbar/inst/gen_sasd.crossbar_sasd_0/reg_slice_r/m_axi_rdata[86]
    SLICE_X38Y96         LUT6 (Prop_lut6_I1_O)        0.045     1.132 r  fdtd_hdmi_bd_i/axi_ic_0/xbar/inst/gen_sasd.crossbar_sasd_0/reg_slice_r/m_payload_i[25]_i_3/O
                         net (fo=1, routed)           0.236     1.367    fdtd_hdmi_bd_i/axi_ic_0/xbar/inst/gen_sasd.crossbar_sasd_0/reg_slice_r/m_payload_i[25]_i_3_n_0
    SLICE_X38Y102        LUT6 (Prop_lut6_I1_O)        0.045     1.412 r  fdtd_hdmi_bd_i/axi_ic_0/xbar/inst/gen_sasd.crossbar_sasd_0/reg_slice_r/m_payload_i[25]_i_1/O
                         net (fo=2, routed)           0.000     1.412    fdtd_hdmi_bd_i/axi_ic_0/xbar/inst/gen_sasd.crossbar_sasd_0/reg_slice_r/skid_buffer[25]
    SLICE_X38Y102        FDRE                                         r  fdtd_hdmi_bd_i/axi_ic_0/xbar/inst/gen_sasd.crossbar_sasd_0/reg_slice_r/skid_buffer_reg[25]/D
  -------------------------------------------------------------------    -------------------

                         (clock clk_fpga_0 rise edge)
                                                      0.000     0.000 r  
    PS7_X0Y0             PS7                          0.000     0.000 r  fdtd_hdmi_bd_i/ps7_0/inst/PS7_i/FCLKCLK[0]
                         net (fo=1, routed)           0.337     0.337    fdtd_hdmi_bd_i/ps7_0/inst/FCLK_CLK_unbuffered[0]
    BUFGCTRL_X0Y17       BUFG (Prop_bufg_I_O)         0.029     0.366 r  fdtd_hdmi_bd_i/ps7_0/inst/buffer_fclk_clk_0.FCLK_CLK_0_BUFG/O
                         net (fo=2333, routed)        0.911     1.277    fdtd_hdmi_bd_i/axi_ic_0/xbar/inst/gen_sasd.crossbar_sasd_0/reg_slice_r/aclk
    SLICE_X38Y102        FDRE                                         r  fdtd_hdmi_bd_i/axi_ic_0/xbar/inst/gen_sasd.crossbar_sasd_0/reg_slice_r/skid_buffer_reg[25]/C
                         clock pessimism             -0.035     1.242    
    SLICE_X38Y102        FDRE (Hold_fdre_C_D)         0.121     1.363    fdtd_hdmi_bd_i/axi_ic_0/xbar/inst/gen_sasd.crossbar_sasd_0/reg_slice_r/skid_buffer_reg[25]
  -------------------------------------------------------------------
                         required time                         -1.363    
                         arrival time                           1.412    
  -------------------------------------------------------------------
                         slack                                  0.049    

Slack (MET) :             0.052ns  (arrival time - required time)
  Source:                 fdtd_hdmi_bd_i/axi_gpio_cam_b/U0/ip2bus_data_i_D1_reg[23]/C
                            (rising edge-triggered cell FDRE clocked by clk_fpga_0  {rise@0.000ns fall@10.000ns period=20.000ns})
  Destination:            fdtd_hdmi_bd_i/axi_gpio_cam_b/U0/AXI_LITE_IPIF_I/I_SLAVE_ATTACHMENT/s_axi_rdata_i_reg[8]/D
                            (rising edge-triggered cell FDRE clocked by clk_fpga_0  {rise@0.000ns fall@10.000ns period=20.000ns})
  Path Group:             clk_fpga_0
  Path Type:              Hold (Min at Fast Process Corner)
  Requirement:            0.000ns  (clk_fpga_0 rise@0.000ns - clk_fpga_0 rise@0.000ns)
  Data Path Delay:        0.382ns  (logic 0.141ns (36.909%)  route 0.241ns (63.091%))
  Logic Levels:           0  
  Clock Path Skew:        0.267ns (DCD - SCD - CPR)
    Destination Clock Delay (DCD):    1.276ns
    Source Clock Delay      (SCD):    0.970ns
    Clock Pessimism Removal (CPR):    0.039ns

    Location             Delay type                Incr(ns)  Path(ns)    Netlist Resource(s)
  -------------------------------------------------------------------    -------------------
                         (clock clk_fpga_0 rise edge)
                                                      0.000     0.000 r  
    PS7_X0Y0             PS7                          0.000     0.000 r  fdtd_hdmi_bd_i/ps7_0/inst/PS7_i/FCLKCLK[0]
                         net (fo=1, routed)           0.310     0.310    fdtd_hdmi_bd_i/ps7_0/inst/FCLK_CLK_unbuffered[0]
    BUFGCTRL_X0Y17       BUFG (Prop_bufg_I_O)         0.026     0.336 r  fdtd_hdmi_bd_i/ps7_0/inst/buffer_fclk_clk_0.FCLK_CLK_0_BUFG/O
                         net (fo=2333, routed)        0.634     0.970    fdtd_hdmi_bd_i/axi_gpio_cam_b/U0/s_axi_aclk
    SLICE_X53Y104        FDRE                                         r  fdtd_hdmi_bd_i/axi_gpio_cam_b/U0/ip2bus_data_i_D1_reg[23]/C
  -------------------------------------------------------------------    -------------------
    SLICE_X53Y104        FDRE (Prop_fdre_C_Q)         0.141     1.111 r  fdtd_hdmi_bd_i/axi_gpio_cam_b/U0/ip2bus_data_i_D1_reg[23]/Q
                         net (fo=1, routed)           0.241     1.352    fdtd_hdmi_bd_i/axi_gpio_cam_b/U0/AXI_LITE_IPIF_I/I_SLAVE_ATTACHMENT/Q[8]
    SLICE_X46Y105        FDRE                                         r  fdtd_hdmi_bd_i/axi_gpio_cam_b/U0/AXI_LITE_IPIF_I/I_SLAVE_ATTACHMENT/s_axi_rdata_i_reg[8]/D
  -------------------------------------------------------------------    -------------------

                         (clock clk_fpga_0 rise edge)
                                                      0.000     0.000 r  
    PS7_X0Y0             PS7                          0.000     0.000 r  fdtd_hdmi_bd_i/ps7_0/inst/PS7_i/FCLKCLK[0]
                         net (fo=1, routed)           0.337     0.337    fdtd_hdmi_bd_i/ps7_0/inst/FCLK_CLK_unbuffered[0]
    BUFGCTRL_X0Y17       BUFG (Prop_bufg_I_O)         0.029     0.366 r  fdtd_hdmi_bd_i/ps7_0/inst/buffer_fclk_clk_0.FCLK_CLK_0_BUFG/O
                         net (fo=2333, routed)        0.910     1.276    fdtd_hdmi_bd_i/axi_gpio_cam_b/U0/AXI_LITE_IPIF_I/I_SLAVE_ATTACHMENT/s_axi_aclk
    SLICE_X46Y105        FDRE                                         r  fdtd_hdmi_bd_i/axi_gpio_cam_b/U0/AXI_LITE_IPIF_I/I_SLAVE_ATTACHMENT/s_axi_rdata_i_reg[8]/C
                         clock pessimism             -0.039     1.237    
    SLICE_X46Y105        FDRE (Hold_fdre_C_D)         0.063     1.300    fdtd_hdmi_bd_i/axi_gpio_cam_b/U0/AXI_LITE_IPIF_I/I_SLAVE_ATTACHMENT/s_axi_rdata_i_reg[8]
  -------------------------------------------------------------------
                         required time                         -1.300    
                         arrival time                           1.352    
  -------------------------------------------------------------------
                         slack                                  0.052    

Slack (MET) :             0.054ns  (arrival time - required time)
  Source:                 fdtd_hdmi_bd_i/axi_gpio_cam_a/U0/gpio_core_1/Dual.gpio_Data_Out_reg[29]/C
                            (rising edge-triggered cell FDRE clocked by clk_fpga_0  {rise@0.000ns fall@10.000ns period=20.000ns})
  Destination:            fdtd_hdmi_bd_i/axi_gpio_cam_a/U0/gpio_core_1/Dual.ALLOUT0_ND_G1.READ_REG_GEN[29].reg1_reg[29]/D
                            (rising edge-triggered cell FDRE clocked by clk_fpga_0  {rise@0.000ns fall@10.000ns period=20.000ns})
  Path Group:             clk_fpga_0
  Path Type:              Hold (Min at Fast Process Corner)
  Requirement:            0.000ns  (clk_fpga_0 rise@0.000ns - clk_fpga_0 rise@0.000ns)
  Data Path Delay:        0.314ns  (logic 0.128ns (40.781%)  route 0.186ns (59.219%))
  Logic Levels:           0  
  Clock Path Skew:        0.267ns (DCD - SCD - CPR)
    Destination Clock Delay (DCD):    1.277ns
    Source Clock Delay      (SCD):    0.971ns
    Clock Pessimism Removal (CPR):    0.039ns

    Location             Delay type                Incr(ns)  Path(ns)    Netlist Resource(s)
  -------------------------------------------------------------------    -------------------
                         (clock clk_fpga_0 rise edge)
                                                      0.000     0.000 r  
    PS7_X0Y0             PS7                          0.000     0.000 r  fdtd_hdmi_bd_i/ps7_0/inst/PS7_i/FCLKCLK[0]
                         net (fo=1, routed)           0.310     0.310    fdtd_hdmi_bd_i/ps7_0/inst/FCLK_CLK_unbuffered[0]
    BUFGCTRL_X0Y17       BUFG (Prop_bufg_I_O)         0.026     0.336 r  fdtd_hdmi_bd_i/ps7_0/inst/buffer_fclk_clk_0.FCLK_CLK_0_BUFG/O
                         net (fo=2333, routed)        0.635     0.971    fdtd_hdmi_bd_i/axi_gpio_cam_a/U0/gpio_core_1/s_axi_aclk
    SLICE_X52Y100        FDRE                                         r  fdtd_hdmi_bd_i/axi_gpio_cam_a/U0/gpio_core_1/Dual.gpio_Data_Out_reg[29]/C
  -------------------------------------------------------------------    -------------------
    SLICE_X52Y100        FDRE (Prop_fdre_C_Q)         0.128     1.099 r  fdtd_hdmi_bd_i/axi_gpio_cam_a/U0/gpio_core_1/Dual.gpio_Data_Out_reg[29]/Q
                         net (fo=2, routed)           0.186     1.285    fdtd_hdmi_bd_i/axi_gpio_cam_a/U0/gpio_core_1/gpio_io_o[2]
    SLICE_X48Y100        FDRE                                         r  fdtd_hdmi_bd_i/axi_gpio_cam_a/U0/gpio_core_1/Dual.ALLOUT0_ND_G1.READ_REG_GEN[29].reg1_reg[29]/D
  -------------------------------------------------------------------    -------------------

                         (clock clk_fpga_0 rise edge)
                                                      0.000     0.000 r  
    PS7_X0Y0             PS7                          0.000     0.000 r  fdtd_hdmi_bd_i/ps7_0/inst/PS7_i/FCLKCLK[0]
                         net (fo=1, routed)           0.337     0.337    fdtd_hdmi_bd_i/ps7_0/inst/FCLK_CLK_unbuffered[0]
    BUFGCTRL_X0Y17       BUFG (Prop_bufg_I_O)         0.029     0.366 r  fdtd_hdmi_bd_i/ps7_0/inst/buffer_fclk_clk_0.FCLK_CLK_0_BUFG/O
                         net (fo=2333, routed)        0.911     1.277    fdtd_hdmi_bd_i/axi_gpio_cam_a/U0/gpio_core_1/s_axi_aclk
    SLICE_X48Y100        FDRE                                         r  fdtd_hdmi_bd_i/axi_gpio_cam_a/U0/gpio_core_1/Dual.ALLOUT0_ND_G1.READ_REG_GEN[29].reg1_reg[29]/C
                         clock pessimism             -0.039     1.238    
    SLICE_X48Y100        FDRE (Hold_fdre_C_D)        -0.007     1.231    fdtd_hdmi_bd_i/axi_gpio_cam_a/U0/gpio_core_1/Dual.ALLOUT0_ND_G1.READ_REG_GEN[29].reg1_reg[29]
  -------------------------------------------------------------------
                         required time                         -1.231    
                         arrival time                           1.285    
  -------------------------------------------------------------------
                         slack                                  0.054    

Slack (MET) :             0.058ns  (arrival time - required time)
  Source:                 fdtd_hdmi_bd_i/axi_gpio_cam_b/U0/ip2bus_data_i_D1_reg[26]/C
                            (rising edge-triggered cell FDRE clocked by clk_fpga_0  {rise@0.000ns fall@10.000ns period=20.000ns})
  Destination:            fdtd_hdmi_bd_i/axi_gpio_cam_b/U0/AXI_LITE_IPIF_I/I_SLAVE_ATTACHMENT/s_axi_rdata_i_reg[5]/D
                            (rising edge-triggered cell FDRE clocked by clk_fpga_0  {rise@0.000ns fall@10.000ns period=20.000ns})
  Path Group:             clk_fpga_0
  Path Type:              Hold (Min at Fast Process Corner)
  Requirement:            0.000ns  (clk_fpga_0 rise@0.000ns - clk_fpga_0 rise@0.000ns)
  Data Path Delay:        0.384ns  (logic 0.141ns (36.707%)  route 0.243ns (63.293%))
  Logic Levels:           0  
  Clock Path Skew:        0.267ns (DCD - SCD - CPR)
    Destination Clock Delay (DCD):    1.276ns
    Source Clock Delay      (SCD):    0.970ns
    Clock Pessimism Removal (CPR):    0.039ns

    Location             Delay type                Incr(ns)  Path(ns)    Netlist Resource(s)
  -------------------------------------------------------------------    -------------------
                         (clock clk_fpga_0 rise edge)
                                                      0.000     0.000 r  
    PS7_X0Y0             PS7                          0.000     0.000 r  fdtd_hdmi_bd_i/ps7_0/inst/PS7_i/FCLKCLK[0]
                         net (fo=1, routed)           0.310     0.310    fdtd_hdmi_bd_i/ps7_0/inst/FCLK_CLK_unbuffered[0]
    BUFGCTRL_X0Y17       BUFG (Prop_bufg_I_O)         0.026     0.336 r  fdtd_hdmi_bd_i/ps7_0/inst/buffer_fclk_clk_0.FCLK_CLK_0_BUFG/O
                         net (fo=2333, routed)        0.634     0.970    fdtd_hdmi_bd_i/axi_gpio_cam_b/U0/s_axi_aclk
    SLICE_X52Y105        FDRE                                         r  fdtd_hdmi_bd_i/axi_gpio_cam_b/U0/ip2bus_data_i_D1_reg[26]/C
  -------------------------------------------------------------------    -------------------
    SLICE_X52Y105        FDRE (Prop_fdre_C_Q)         0.141     1.111 r  fdtd_hdmi_bd_i/axi_gpio_cam_b/U0/ip2bus_data_i_D1_reg[26]/Q
                         net (fo=1, routed)           0.243     1.354    fdtd_hdmi_bd_i/axi_gpio_cam_b/U0/AXI_LITE_IPIF_I/I_SLAVE_ATTACHMENT/Q[5]
    SLICE_X46Y105        FDRE                                         r  fdtd_hdmi_bd_i/axi_gpio_cam_b/U0/AXI_LITE_IPIF_I/I_SLAVE_ATTACHMENT/s_axi_rdata_i_reg[5]/D
  -------------------------------------------------------------------    -------------------

                         (clock clk_fpga_0 rise edge)
                                                      0.000     0.000 r  
    PS7_X0Y0             PS7                          0.000     0.000 r  fdtd_hdmi_bd_i/ps7_0/inst/PS7_i/FCLKCLK[0]
                         net (fo=1, routed)           0.337     0.337    fdtd_hdmi_bd_i/ps7_0/inst/FCLK_CLK_unbuffered[0]
    BUFGCTRL_X0Y17       BUFG (Prop_bufg_I_O)         0.029     0.366 r  fdtd_hdmi_bd_i/ps7_0/inst/buffer_fclk_clk_0.FCLK_CLK_0_BUFG/O
                         net (fo=2333, routed)        0.910     1.276    fdtd_hdmi_bd_i/axi_gpio_cam_b/U0/AXI_LITE_IPIF_I/I_SLAVE_ATTACHMENT/s_axi_aclk
    SLICE_X46Y105        FDRE                                         r  fdtd_hdmi_bd_i/axi_gpio_cam_b/U0/AXI_LITE_IPIF_I/I_SLAVE_ATTACHMENT/s_axi_rdata_i_reg[5]/C
                         clock pessimism             -0.039     1.237    
    SLICE_X46Y105        FDRE (Hold_fdre_C_D)         0.059     1.296    fdtd_hdmi_bd_i/axi_gpio_cam_b/U0/AXI_LITE_IPIF_I/I_SLAVE_ATTACHMENT/s_axi_rdata_i_reg[5]
  -------------------------------------------------------------------
                         required time                         -1.296    
                         arrival time                           1.354    
  -------------------------------------------------------------------
                         slack                                  0.058    





Pulse Width Checks
--------------------------------------------------------------------------------------
Clock Name:         clk_fpga_0
Waveform(ns):       { 0.000 10.000 }
Period(ns):         20.000
Sources:            { fdtd_hdmi_bd_i/ps7_0/inst/PS7_i/FCLKCLK[0] }

Check Type        Corner  Lib Pin      Reference Pin  Required(ns)  Actual(ns)  Slack(ns)  Location        Pin
Min Period        n/a     BUFG/I       n/a            2.155         20.000      17.845     BUFGCTRL_X0Y17  fdtd_hdmi_bd_i/ps7_0/inst/buffer_fclk_clk_0.FCLK_CLK_0_BUFG/I
Min Period        n/a     FDRE/C       n/a            1.000         20.000      19.000     SLICE_X50Y99    fdtd_hdmi_bd_i/axi_gpio_cam_a/U0/ip2bus_data_i_D1_reg[0]/C
Min Period        n/a     FDRE/C       n/a            1.000         20.000      19.000     SLICE_X48Y99    fdtd_hdmi_bd_i/axi_gpio_cam_a/U0/ip2bus_data_i_D1_reg[10]/C
Min Period        n/a     FDRE/C       n/a            1.000         20.000      19.000     SLICE_X51Y92    fdtd_hdmi_bd_i/axi_gpio_cam_a/U0/ip2bus_data_i_D1_reg[11]/C
Min Period        n/a     FDRE/C       n/a            1.000         20.000      19.000     SLICE_X49Y94    fdtd_hdmi_bd_i/axi_gpio_cam_a/U0/ip2bus_data_i_D1_reg[12]/C
Min Period        n/a     FDRE/C       n/a            1.000         20.000      19.000     SLICE_X49Y94    fdtd_hdmi_bd_i/axi_gpio_cam_a/U0/ip2bus_data_i_D1_reg[13]/C
Min Period        n/a     FDRE/C       n/a            1.000         20.000      19.000     SLICE_X49Y94    fdtd_hdmi_bd_i/axi_gpio_cam_a/U0/ip2bus_data_i_D1_reg[14]/C
Min Period        n/a     FDRE/C       n/a            1.000         20.000      19.000     SLICE_X51Y92    fdtd_hdmi_bd_i/axi_gpio_cam_a/U0/ip2bus_data_i_D1_reg[15]/C
Min Period        n/a     FDRE/C       n/a            1.000         20.000      19.000     SLICE_X48Y103   fdtd_hdmi_bd_i/axi_gpio_cam_a/U0/ip2bus_data_i_D1_reg[16]/C
Min Period        n/a     FDRE/C       n/a            1.000         20.000      19.000     SLICE_X48Y103   fdtd_hdmi_bd_i/axi_gpio_cam_a/U0/ip2bus_data_i_D1_reg[17]/C
Low Pulse Width   Slow    SRLC32E/CLK  n/a            0.980         10.000      9.020      SLICE_X30Y91    fdtd_hdmi_bd_i/axi_ic_0/s00_couplers/auto_pc/inst/gen_axilite.gen_b2s_conv.axilite_b2s/RD.r_channel_0/rd_data_fifo_0/memory_reg[31][0]_srl32/CLK
Low Pulse Width   Fast    SRLC32E/CLK  n/a            0.980         10.000      9.020      SLICE_X30Y91    fdtd_hdmi_bd_i/axi_ic_0/s00_couplers/auto_pc/inst/gen_axilite.gen_b2s_conv.axilite_b2s/RD.r_channel_0/rd_data_fifo_0/memory_reg[31][0]_srl32/CLK
Low Pulse Width   Slow    SRLC32E/CLK  n/a            0.980         10.000      9.020      SLICE_X30Y96    fdtd_hdmi_bd_i/axi_ic_0/s00_couplers/auto_pc/inst/gen_axilite.gen_b2s_conv.axilite_b2s/RD.r_channel_0/rd_data_fifo_0/memory_reg[31][10]_srl32/CLK
Low Pulse Width   Fast    SRLC32E/CLK  n/a            0.980         10.000      9.020      SLICE_X30Y96    fdtd_hdmi_bd_i/axi_ic_0/s00_couplers/auto_pc/inst/gen_axilite.gen_b2s_conv.axilite_b2s/RD.r_channel_0/rd_data_fifo_0/memory_reg[31][10]_srl32/CLK
Low Pulse Width   Slow    SRLC32E/CLK  n/a            0.980         10.000      9.020      SLICE_X30Y95    fdtd_hdmi_bd_i/axi_ic_0/s00_couplers/auto_pc/inst/gen_axilite.gen_b2s_conv.axilite_b2s/RD.r_channel_0/rd_data_fifo_0/memory_reg[31][11]_srl32/CLK
Low Pulse Width   Fast    SRLC32E/CLK  n/a            0.980         10.000      9.020      SLICE_X30Y95    fdtd_hdmi_bd_i/axi_ic_0/s00_couplers/auto_pc/inst/gen_axilite.gen_b2s_conv.axilite_b2s/RD.r_channel_0/rd_data_fifo_0/memory_reg[31][11]_srl32/CLK
Low Pulse Width   Slow    SRLC32E/CLK  n/a            0.980         10.000      9.020      SLICE_X32Y90    fdtd_hdmi_bd_i/axi_ic_0/s00_couplers/auto_pc/inst/gen_axilite.gen_b2s_conv.axilite_b2s/RD.r_channel_0/rd_data_fifo_0/memory_reg[31][12]_srl32/CLK
Low Pulse Width   Fast    SRLC32E/CLK  n/a            0.980         10.000      9.020      SLICE_X32Y90    fdtd_hdmi_bd_i/axi_ic_0/s00_couplers/auto_pc/inst/gen_axilite.gen_b2s_conv.axilite_b2s/RD.r_channel_0/rd_data_fifo_0/memory_reg[31][12]_srl32/CLK
Low Pulse Width   Slow    SRLC32E/CLK  n/a            0.980         10.000      9.020      SLICE_X30Y93    fdtd_hdmi_bd_i/axi_ic_0/s00_couplers/auto_pc/inst/gen_axilite.gen_b2s_conv.axilite_b2s/RD.r_channel_0/rd_data_fifo_0/memory_reg[31][13]_srl32/CLK
Low Pulse Width   Fast    SRLC32E/CLK  n/a            0.980         10.000      9.020      SLICE_X30Y93    fdtd_hdmi_bd_i/axi_ic_0/s00_couplers/auto_pc/inst/gen_axilite.gen_b2s_conv.axilite_b2s/RD.r_channel_0/rd_data_fifo_0/memory_reg[31][13]_srl32/CLK
High Pulse Width  Slow    SRLC32E/CLK  n/a            0.980         10.000      9.020      SLICE_X30Y91    fdtd_hdmi_bd_i/axi_ic_0/s00_couplers/auto_pc/inst/gen_axilite.gen_b2s_conv.axilite_b2s/RD.r_channel_0/rd_data_fifo_0/memory_reg[31][0]_srl32/CLK
High Pulse Width  Fast    SRLC32E/CLK  n/a            0.980         10.000      9.020      SLICE_X30Y91    fdtd_hdmi_bd_i/axi_ic_0/s00_couplers/auto_pc/inst/gen_axilite.gen_b2s_conv.axilite_b2s/RD.r_channel_0/rd_data_fifo_0/memory_reg[31][0]_srl32/CLK
High Pulse Width  Slow    SRLC32E/CLK  n/a            0.980         10.000      9.020      SLICE_X30Y96    fdtd_hdmi_bd_i/axi_ic_0/s00_couplers/auto_pc/inst/gen_axilite.gen_b2s_conv.axilite_b2s/RD.r_channel_0/rd_data_fifo_0/memory_reg[31][10]_srl32/CLK
High Pulse Width  Fast    SRLC32E/CLK  n/a            0.980         10.000      9.020      SLICE_X30Y96    fdtd_hdmi_bd_i/axi_ic_0/s00_couplers/auto_pc/inst/gen_axilite.gen_b2s_conv.axilite_b2s/RD.r_channel_0/rd_data_fifo_0/memory_reg[31][10]_srl32/CLK
High Pulse Width  Slow    SRLC32E/CLK  n/a            0.980         10.000      9.020      SLICE_X30Y95    fdtd_hdmi_bd_i/axi_ic_0/s00_couplers/auto_pc/inst/gen_axilite.gen_b2s_conv.axilite_b2s/RD.r_channel_0/rd_data_fifo_0/memory_reg[31][11]_srl32/CLK
High Pulse Width  Fast    SRLC32E/CLK  n/a            0.980         10.000      9.020      SLICE_X30Y95    fdtd_hdmi_bd_i/axi_ic_0/s00_couplers/auto_pc/inst/gen_axilite.gen_b2s_conv.axilite_b2s/RD.r_channel_0/rd_data_fifo_0/memory_reg[31][11]_srl32/CLK
High Pulse Width  Slow    SRLC32E/CLK  n/a            0.980         10.000      9.020      SLICE_X32Y90    fdtd_hdmi_bd_i/axi_ic_0/s00_couplers/auto_pc/inst/gen_axilite.gen_b2s_conv.axilite_b2s/RD.r_channel_0/rd_data_fifo_0/memory_reg[31][12]_srl32/CLK
High Pulse Width  Fast    SRLC32E/CLK  n/a            0.980         10.000      9.020      SLICE_X32Y90    fdtd_hdmi_bd_i/axi_ic_0/s00_couplers/auto_pc/inst/gen_axilite.gen_b2s_conv.axilite_b2s/RD.r_channel_0/rd_data_fifo_0/memory_reg[31][12]_srl32/CLK
High Pulse Width  Slow    SRLC32E/CLK  n/a            0.980         10.000      9.020      SLICE_X30Y93    fdtd_hdmi_bd_i/axi_ic_0/s00_couplers/auto_pc/inst/gen_axilite.gen_b2s_conv.axilite_b2s/RD.r_channel_0/rd_data_fifo_0/memory_reg[31][13]_srl32/CLK
High Pulse Width  Fast    SRLC32E/CLK  n/a            0.980         10.000      9.020      SLICE_X30Y93    fdtd_hdmi_bd_i/axi_ic_0/s00_couplers/auto_pc/inst/gen_axilite.gen_b2s_conv.axilite_b2s/RD.r_channel_0/rd_data_fifo_0/memory_reg[31][13]_srl32/CLK



---------------------------------------------------------------------------------------------------
From Clock:  clk_out3_fdtd_hdmi_bd_clk_wiz_0_0
  To Clock:  clk_out1_fdtd_hdmi_bd_clk_wiz_0_0

Setup :            0  Failing Endpoints,  Worst Slack        8.733ns,  Total Violation        0.000ns
Hold  :           NA  Failing Endpoints,  Worst Slack           NA  ,  Total Violation           NA
---------------------------------------------------------------------------------------------------


Max Delay Paths
--------------------------------------------------------------------------------------
Slack (MET) :             8.733ns  (required time - arrival time)
  Source:                 fdtd_hdmi_bd_i/renderer_0/inst/u_impl/u_fifo/gnuram_async_fifo.xpm_fifo_base_inst/gen_cdc_pntr.wr_pntr_cdc_inst/src_gray_ff_reg[9]/C
                            (rising edge-triggered cell FDRE clocked by clk_out3_fdtd_hdmi_bd_clk_wiz_0_0  {rise@0.000ns fall@5.000ns period=10.000ns})
  Destination:            fdtd_hdmi_bd_i/renderer_0/inst/u_impl/u_fifo/gnuram_async_fifo.xpm_fifo_base_inst/gen_cdc_pntr.wr_pntr_cdc_inst/dest_graysync_ff_reg[0][9]/D
                            (rising edge-triggered cell FDRE clocked by clk_out1_fdtd_hdmi_bd_clk_wiz_0_0  {rise@0.000ns fall@20.000ns period=40.000ns})
  Path Group:             clk_out1_fdtd_hdmi_bd_clk_wiz_0_0
  Path Type:              Setup (Max at Slow Process Corner)
  Requirement:            10.000ns  (MaxDelay Path 10.000ns)
  Data Path Delay:        1.000ns  (logic 0.478ns (47.802%)  route 0.522ns (52.198%))
  Logic Levels:           0  
  Timing Exception:       MaxDelay Path 10.000ns -datapath_only

    Location             Delay type                Incr(ns)  Path(ns)    Netlist Resource(s)
  -------------------------------------------------------------------    -------------------
    SLICE_X108Y119                                    0.000     0.000 r  fdtd_hdmi_bd_i/renderer_0/inst/u_impl/u_fifo/gnuram_async_fifo.xpm_fifo_base_inst/gen_cdc_pntr.wr_pntr_cdc_inst/src_gray_ff_reg[9]/C
    SLICE_X108Y119       FDRE (Prop_fdre_C_Q)         0.478     0.478 r  fdtd_hdmi_bd_i/renderer_0/inst/u_impl/u_fifo/gnuram_async_fifo.xpm_fifo_base_inst/gen_cdc_pntr.wr_pntr_cdc_inst/src_gray_ff_reg[9]/Q
                         net (fo=1, routed)           0.522     1.000    fdtd_hdmi_bd_i/renderer_0/inst/u_impl/u_fifo/gnuram_async_fifo.xpm_fifo_base_inst/gen_cdc_pntr.wr_pntr_cdc_inst/async_path[9]
    SLICE_X105Y119       FDRE                                         r  fdtd_hdmi_bd_i/renderer_0/inst/u_impl/u_fifo/gnuram_async_fifo.xpm_fifo_base_inst/gen_cdc_pntr.wr_pntr_cdc_inst/dest_graysync_ff_reg[0][9]/D
  -------------------------------------------------------------------    -------------------

                         max delay                   10.000    10.000    
    SLICE_X105Y119       FDRE (Setup_fdre_C_D)       -0.267     9.733    fdtd_hdmi_bd_i/renderer_0/inst/u_impl/u_fifo/gnuram_async_fifo.xpm_fifo_base_inst/gen_cdc_pntr.wr_pntr_cdc_inst/dest_graysync_ff_reg[0][9]
  -------------------------------------------------------------------
                         required time                          9.733    
                         arrival time                          -1.000    
  -------------------------------------------------------------------
                         slack                                  8.733    

Slack (MET) :             8.740ns  (required time - arrival time)
  Source:                 fdtd_hdmi_bd_i/renderer_0/inst/u_impl/u_fifo/gnuram_async_fifo.xpm_fifo_base_inst/gen_cdc_pntr.wr_pntr_cdc_inst/src_gray_ff_reg[2]/C
                            (rising edge-triggered cell FDRE clocked by clk_out3_fdtd_hdmi_bd_clk_wiz_0_0  {rise@0.000ns fall@5.000ns period=10.000ns})
  Destination:            fdtd_hdmi_bd_i/renderer_0/inst/u_impl/u_fifo/gnuram_async_fifo.xpm_fifo_base_inst/gen_cdc_pntr.wr_pntr_cdc_inst/dest_graysync_ff_reg[0][2]/D
                            (rising edge-triggered cell FDRE clocked by clk_out1_fdtd_hdmi_bd_clk_wiz_0_0  {rise@0.000ns fall@20.000ns period=40.000ns})
  Path Group:             clk_out1_fdtd_hdmi_bd_clk_wiz_0_0
  Path Type:              Setup (Max at Slow Process Corner)
  Requirement:            10.000ns  (MaxDelay Path 10.000ns)
  Data Path Delay:        1.165ns  (logic 0.456ns (39.140%)  route 0.709ns (60.860%))
  Logic Levels:           0  
  Timing Exception:       MaxDelay Path 10.000ns -datapath_only

    Location             Delay type                Incr(ns)  Path(ns)    Netlist Resource(s)
  -------------------------------------------------------------------    -------------------
    SLICE_X106Y120                                    0.000     0.000 r  fdtd_hdmi_bd_i/renderer_0/inst/u_impl/u_fifo/gnuram_async_fifo.xpm_fifo_base_inst/gen_cdc_pntr.wr_pntr_cdc_inst/src_gray_ff_reg[2]/C
    SLICE_X106Y120       FDRE (Prop_fdre_C_Q)         0.456     0.456 r  fdtd_hdmi_bd_i/renderer_0/inst/u_impl/u_fifo/gnuram_async_fifo.xpm_fifo_base_inst/gen_cdc_pntr.wr_pntr_cdc_inst/src_gray_ff_reg[2]/Q
                         net (fo=1, routed)           0.709     1.165    fdtd_hdmi_bd_i/renderer_0/inst/u_impl/u_fifo/gnuram_async_fifo.xpm_fifo_base_inst/gen_cdc_pntr.wr_pntr_cdc_inst/async_path[2]
    SLICE_X105Y119       FDRE                                         r  fdtd_hdmi_bd_i/renderer_0/inst/u_impl/u_fifo/gnuram_async_fifo.xpm_fifo_base_inst/gen_cdc_pntr.wr_pntr_cdc_inst/dest_graysync_ff_reg[0][2]/D
  -------------------------------------------------------------------    -------------------

                         max delay                   10.000    10.000    
    SLICE_X105Y119       FDRE (Setup_fdre_C_D)       -0.095     9.905    fdtd_hdmi_bd_i/renderer_0/inst/u_impl/u_fifo/gnuram_async_fifo.xpm_fifo_base_inst/gen_cdc_pntr.wr_pntr_cdc_inst/dest_graysync_ff_reg[0][2]
  -------------------------------------------------------------------
                         required time                          9.905    
                         arrival time                          -1.165    
  -------------------------------------------------------------------
                         slack                                  8.740    

Slack (MET) :             8.773ns  (required time - arrival time)
  Source:                 fdtd_hdmi_bd_i/renderer_0/inst/u_impl/u_fifo/gnuram_async_fifo.xpm_fifo_base_inst/gen_cdc_pntr.wr_pntr_cdc_inst/src_gray_ff_reg[5]/C
                            (rising edge-triggered cell FDRE clocked by clk_out3_fdtd_hdmi_bd_clk_wiz_0_0  {rise@0.000ns fall@5.000ns period=10.000ns})
  Destination:            fdtd_hdmi_bd_i/renderer_0/inst/u_impl/u_fifo/gnuram_async_fifo.xpm_fifo_base_inst/gen_cdc_pntr.wr_pntr_cdc_inst/dest_graysync_ff_reg[0][5]/D
                            (rising edge-triggered cell FDRE clocked by clk_out1_fdtd_hdmi_bd_clk_wiz_0_0  {rise@0.000ns fall@20.000ns period=40.000ns})
  Path Group:             clk_out1_fdtd_hdmi_bd_clk_wiz_0_0
  Path Type:              Setup (Max at Slow Process Corner)
  Requirement:            10.000ns  (MaxDelay Path 10.000ns)
  Data Path Delay:        0.962ns  (logic 0.419ns (43.552%)  route 0.543ns (56.448%))
  Logic Levels:           0  
  Timing Exception:       MaxDelay Path 10.000ns -datapath_only

    Location             Delay type                Incr(ns)  Path(ns)    Netlist Resource(s)
  -------------------------------------------------------------------    -------------------
    SLICE_X106Y120                                    0.000     0.000 r  fdtd_hdmi_bd_i/renderer_0/inst/u_impl/u_fifo/gnuram_async_fifo.xpm_fifo_base_inst/gen_cdc_pntr.wr_pntr_cdc_inst/src_gray_ff_reg[5]/C
    SLICE_X106Y120       FDRE (Prop_fdre_C_Q)         0.419     0.419 r  fdtd_hdmi_bd_i/renderer_0/inst/u_impl/u_fifo/gnuram_async_fifo.xpm_fifo_base_inst/gen_cdc_pntr.wr_pntr_cdc_inst/src_gray_ff_reg[5]/Q
                         net (fo=1, routed)           0.543     0.962    fdtd_hdmi_bd_i/renderer_0/inst/u_impl/u_fifo/gnuram_async_fifo.xpm_fifo_base_inst/gen_cdc_pntr.wr_pntr_cdc_inst/async_path[5]
    SLICE_X106Y119       FDRE                                         r  fdtd_hdmi_bd_i/renderer_0/inst/u_impl/u_fifo/gnuram_async_fifo.xpm_fifo_base_inst/gen_cdc_pntr.wr_pntr_cdc_inst/dest_graysync_ff_reg[0][5]/D
  -------------------------------------------------------------------    -------------------

                         max delay                   10.000    10.000    
    SLICE_X106Y119       FDRE (Setup_fdre_C_D)       -0.265     9.735    fdtd_hdmi_bd_i/renderer_0/inst/u_impl/u_fifo/gnuram_async_fifo.xpm_fifo_base_inst/gen_cdc_pntr.wr_pntr_cdc_inst/dest_graysync_ff_reg[0][5]
  -------------------------------------------------------------------
                         required time                          9.735    
                         arrival time                          -0.962    
  -------------------------------------------------------------------
                         slack                                  8.773    

Slack (MET) :             8.853ns  (required time - arrival time)
  Source:                 fdtd_hdmi_bd_i/renderer_0/inst/u_impl/u_fifo/gnuram_async_fifo.xpm_fifo_base_inst/gen_cdc_pntr.wr_pntr_cdc_inst/src_gray_ff_reg[4]/C
                            (rising edge-triggered cell FDRE clocked by clk_out3_fdtd_hdmi_bd_clk_wiz_0_0  {rise@0.000ns fall@5.000ns period=10.000ns})
  Destination:            fdtd_hdmi_bd_i/renderer_0/inst/u_impl/u_fifo/gnuram_async_fifo.xpm_fifo_base_inst/gen_cdc_pntr.wr_pntr_cdc_inst/dest_graysync_ff_reg[0][4]/D
                            (rising edge-triggered cell FDRE clocked by clk_out1_fdtd_hdmi_bd_clk_wiz_0_0  {rise@0.000ns fall@20.000ns period=40.000ns})
  Path Group:             clk_out1_fdtd_hdmi_bd_clk_wiz_0_0
  Path Type:              Setup (Max at Slow Process Corner)
  Requirement:            10.000ns  (MaxDelay Path 10.000ns)
  Data Path Delay:        1.054ns  (logic 0.456ns (43.284%)  route 0.598ns (56.716%))
  Logic Levels:           0  
  Timing Exception:       MaxDelay Path 10.000ns -datapath_only

    Location             Delay type                Incr(ns)  Path(ns)    Netlist Resource(s)
  -------------------------------------------------------------------    -------------------
    SLICE_X106Y120                                    0.000     0.000 r  fdtd_hdmi_bd_i/renderer_0/inst/u_impl/u_fifo/gnuram_async_fifo.xpm_fifo_base_inst/gen_cdc_pntr.wr_pntr_cdc_inst/src_gray_ff_reg[4]/C
    SLICE_X106Y120       FDRE (Prop_fdre_C_Q)         0.456     0.456 r  fdtd_hdmi_bd_i/renderer_0/inst/u_impl/u_fifo/gnuram_async_fifo.xpm_fifo_base_inst/gen_cdc_pntr.wr_pntr_cdc_inst/src_gray_ff_reg[4]/Q
                         net (fo=1, routed)           0.598     1.054    fdtd_hdmi_bd_i/renderer_0/inst/u_impl/u_fifo/gnuram_async_fifo.xpm_fifo_base_inst/gen_cdc_pntr.wr_pntr_cdc_inst/async_path[4]
    SLICE_X106Y119       FDRE                                         r  fdtd_hdmi_bd_i/renderer_0/inst/u_impl/u_fifo/gnuram_async_fifo.xpm_fifo_base_inst/gen_cdc_pntr.wr_pntr_cdc_inst/dest_graysync_ff_reg[0][4]/D
  -------------------------------------------------------------------    -------------------

                         max delay                   10.000    10.000    
    SLICE_X106Y119       FDRE (Setup_fdre_C_D)       -0.093     9.907    fdtd_hdmi_bd_i/renderer_0/inst/u_impl/u_fifo/gnuram_async_fifo.xpm_fifo_base_inst/gen_cdc_pntr.wr_pntr_cdc_inst/dest_graysync_ff_reg[0][4]
  -------------------------------------------------------------------
                         required time                          9.907    
                         arrival time                          -1.054    
  -------------------------------------------------------------------
                         slack                                  8.853    

Slack (MET) :             8.865ns  (required time - arrival time)
  Source:                 fdtd_hdmi_bd_i/renderer_0/inst/u_impl/u_fifo/gnuram_async_fifo.xpm_fifo_base_inst/gen_cdc_pntr.wr_pntr_cdc_inst/src_gray_ff_reg[3]/C
                            (rising edge-triggered cell FDRE clocked by clk_out3_fdtd_hdmi_bd_clk_wiz_0_0  {rise@0.000ns fall@5.000ns period=10.000ns})
  Destination:            fdtd_hdmi_bd_i/renderer_0/inst/u_impl/u_fifo/gnuram_async_fifo.xpm_fifo_base_inst/gen_cdc_pntr.wr_pntr_cdc_inst/dest_graysync_ff_reg[0][3]/D
                            (rising edge-triggered cell FDRE clocked by clk_out1_fdtd_hdmi_bd_clk_wiz_0_0  {rise@0.000ns fall@20.000ns period=40.000ns})
  Path Group:             clk_out1_fdtd_hdmi_bd_clk_wiz_0_0
  Path Type:              Setup (Max at Slow Process Corner)
  Requirement:            10.000ns  (MaxDelay Path 10.000ns)
  Data Path Delay:        0.870ns  (logic 0.419ns (48.176%)  route 0.451ns (51.824%))
  Logic Levels:           0  
  Timing Exception:       MaxDelay Path 10.000ns -datapath_only

    Location             Delay type                Incr(ns)  Path(ns)    Netlist Resource(s)
  -------------------------------------------------------------------    -------------------
    SLICE_X106Y120                                    0.000     0.000 r  fdtd_hdmi_bd_i/renderer_0/inst/u_impl/u_fifo/gnuram_async_fifo.xpm_fifo_base_inst/gen_cdc_pntr.wr_pntr_cdc_inst/src_gray_ff_reg[3]/C
    SLICE_X106Y120       FDRE (Prop_fdre_C_Q)         0.419     0.419 r  fdtd_hdmi_bd_i/renderer_0/inst/u_impl/u_fifo/gnuram_async_fifo.xpm_fifo_base_inst/gen_cdc_pntr.wr_pntr_cdc_inst/src_gray_ff_reg[3]/Q
                         net (fo=1, routed)           0.451     0.870    fdtd_hdmi_bd_i/renderer_0/inst/u_impl/u_fifo/gnuram_async_fifo.xpm_fifo_base_inst/gen_cdc_pntr.wr_pntr_cdc_inst/async_path[3]
    SLICE_X106Y119       FDRE                                         r  fdtd_hdmi_bd_i/renderer_0/inst/u_impl/u_fifo/gnuram_async_fifo.xpm_fifo_base_inst/gen_cdc_pntr.wr_pntr_cdc_inst/dest_graysync_ff_reg[0][3]/D
  -------------------------------------------------------------------    -------------------

                         max delay                   10.000    10.000    
    SLICE_X106Y119       FDRE (Setup_fdre_C_D)       -0.265     9.735    fdtd_hdmi_bd_i/renderer_0/inst/u_impl/u_fifo/gnuram_async_fifo.xpm_fifo_base_inst/gen_cdc_pntr.wr_pntr_cdc_inst/dest_graysync_ff_reg[0][3]
  -------------------------------------------------------------------
                         required time                          9.735    
                         arrival time                          -0.870    
  -------------------------------------------------------------------
                         slack                                  8.865    

Slack (MET) :             8.869ns  (required time - arrival time)
  Source:                 fdtd_hdmi_bd_i/renderer_0/inst/u_impl/u_fifo/gnuram_async_fifo.xpm_fifo_base_inst/gen_cdc_pntr.wr_pntr_cdc_inst/src_gray_ff_reg[8]/C
                            (rising edge-triggered cell FDRE clocked by clk_out3_fdtd_hdmi_bd_clk_wiz_0_0  {rise@0.000ns fall@5.000ns period=10.000ns})
  Destination:            fdtd_hdmi_bd_i/renderer_0/inst/u_impl/u_fifo/gnuram_async_fifo.xpm_fifo_base_inst/gen_cdc_pntr.wr_pntr_cdc_inst/dest_graysync_ff_reg[0][8]/D
                            (rising edge-triggered cell FDRE clocked by clk_out1_fdtd_hdmi_bd_clk_wiz_0_0  {rise@0.000ns fall@20.000ns period=40.000ns})
  Path Group:             clk_out1_fdtd_hdmi_bd_clk_wiz_0_0
  Path Type:              Setup (Max at Slow Process Corner)
  Requirement:            10.000ns  (MaxDelay Path 10.000ns)
  Data Path Delay:        1.038ns  (logic 0.518ns (49.882%)  route 0.520ns (50.118%))
  Logic Levels:           0  
  Timing Exception:       MaxDelay Path 10.000ns -datapath_only

    Location             Delay type                Incr(ns)  Path(ns)    Netlist Resource(s)
  -------------------------------------------------------------------    -------------------
    SLICE_X108Y119                                    0.000     0.000 r  fdtd_hdmi_bd_i/renderer_0/inst/u_impl/u_fifo/gnuram_async_fifo.xpm_fifo_base_inst/gen_cdc_pntr.wr_pntr_cdc_inst/src_gray_ff_reg[8]/C
    SLICE_X108Y119       FDRE (Prop_fdre_C_Q)         0.518     0.518 r  fdtd_hdmi_bd_i/renderer_0/inst/u_impl/u_fifo/gnuram_async_fifo.xpm_fifo_base_inst/gen_cdc_pntr.wr_pntr_cdc_inst/src_gray_ff_reg[8]/Q
                         net (fo=1, routed)           0.520     1.038    fdtd_hdmi_bd_i/renderer_0/inst/u_impl/u_fifo/gnuram_async_fifo.xpm_fifo_base_inst/gen_cdc_pntr.wr_pntr_cdc_inst/async_path[8]
    SLICE_X105Y119       FDRE                                         r  fdtd_hdmi_bd_i/renderer_0/inst/u_impl/u_fifo/gnuram_async_fifo.xpm_fifo_base_inst/gen_cdc_pntr.wr_pntr_cdc_inst/dest_graysync_ff_reg[0][8]/D
  -------------------------------------------------------------------    -------------------

                         max delay                   10.000    10.000    
    SLICE_X105Y119       FDRE (Setup_fdre_C_D)       -0.093     9.907    fdtd_hdmi_bd_i/renderer_0/inst/u_impl/u_fifo/gnuram_async_fifo.xpm_fifo_base_inst/gen_cdc_pntr.wr_pntr_cdc_inst/dest_graysync_ff_reg[0][8]
  -------------------------------------------------------------------
                         required time                          9.907    
                         arrival time                          -1.038    
  -------------------------------------------------------------------
                         slack                                  8.869    

Slack (MET) :             8.923ns  (required time - arrival time)
  Source:                 fdtd_hdmi_bd_i/renderer_0/inst/u_impl/u_fifo/gnuram_async_fifo.xpm_fifo_base_inst/gen_cdc_pntr.wr_pntr_cdc_inst/src_gray_ff_reg[1]/C
                            (rising edge-triggered cell FDRE clocked by clk_out3_fdtd_hdmi_bd_clk_wiz_0_0  {rise@0.000ns fall@5.000ns period=10.000ns})
  Destination:            fdtd_hdmi_bd_i/renderer_0/inst/u_impl/u_fifo/gnuram_async_fifo.xpm_fifo_base_inst/gen_cdc_pntr.wr_pntr_cdc_inst/dest_graysync_ff_reg[0][1]/D
                            (rising edge-triggered cell FDRE clocked by clk_out1_fdtd_hdmi_bd_clk_wiz_0_0  {rise@0.000ns fall@20.000ns period=40.000ns})
  Path Group:             clk_out1_fdtd_hdmi_bd_clk_wiz_0_0
  Path Type:              Setup (Max at Slow Process Corner)
  Requirement:            10.000ns  (MaxDelay Path 10.000ns)
  Data Path Delay:        0.809ns  (logic 0.419ns (51.789%)  route 0.390ns (48.211%))
  Logic Levels:           0  
  Timing Exception:       MaxDelay Path 10.000ns -datapath_only

    Location             Delay type                Incr(ns)  Path(ns)    Netlist Resource(s)
  -------------------------------------------------------------------    -------------------
    SLICE_X106Y120                                    0.000     0.000 r  fdtd_hdmi_bd_i/renderer_0/inst/u_impl/u_fifo/gnuram_async_fifo.xpm_fifo_base_inst/gen_cdc_pntr.wr_pntr_cdc_inst/src_gray_ff_reg[1]/C
    SLICE_X106Y120       FDRE (Prop_fdre_C_Q)         0.419     0.419 r  fdtd_hdmi_bd_i/renderer_0/inst/u_impl/u_fifo/gnuram_async_fifo.xpm_fifo_base_inst/gen_cdc_pntr.wr_pntr_cdc_inst/src_gray_ff_reg[1]/Q
                         net (fo=1, routed)           0.390     0.809    fdtd_hdmi_bd_i/renderer_0/inst/u_impl/u_fifo/gnuram_async_fifo.xpm_fifo_base_inst/gen_cdc_pntr.wr_pntr_cdc_inst/async_path[1]
    SLICE_X105Y120       FDRE                                         r  fdtd_hdmi_bd_i/renderer_0/inst/u_impl/u_fifo/gnuram_async_fifo.xpm_fifo_base_inst/gen_cdc_pntr.wr_pntr_cdc_inst/dest_graysync_ff_reg[0][1]/D
  -------------------------------------------------------------------    -------------------

                         max delay                   10.000    10.000    
    SLICE_X105Y120       FDRE (Setup_fdre_C_D)       -0.268     9.732    fdtd_hdmi_bd_i/renderer_0/inst/u_impl/u_fifo/gnuram_async_fifo.xpm_fifo_base_inst/gen_cdc_pntr.wr_pntr_cdc_inst/dest_graysync_ff_reg[0][1]
  -------------------------------------------------------------------
                         required time                          9.732    
                         arrival time                          -0.809    
  -------------------------------------------------------------------
                         slack                                  8.923    

Slack (MET) :             8.926ns  (required time - arrival time)
  Source:                 fdtd_hdmi_bd_i/renderer_0/inst/u_impl/u_fifo/gnuram_async_fifo.xpm_fifo_base_inst/gen_cdc_pntr.wr_pntr_cdc_inst/src_gray_ff_reg[0]/C
                            (rising edge-triggered cell FDRE clocked by clk_out3_fdtd_hdmi_bd_clk_wiz_0_0  {rise@0.000ns fall@5.000ns period=10.000ns})
  Destination:            fdtd_hdmi_bd_i/renderer_0/inst/u_impl/u_fifo/gnuram_async_fifo.xpm_fifo_base_inst/gen_cdc_pntr.wr_pntr_cdc_inst/dest_graysync_ff_reg[0][0]/D
                            (rising edge-triggered cell FDRE clocked by clk_out1_fdtd_hdmi_bd_clk_wiz_0_0  {rise@0.000ns fall@20.000ns period=40.000ns})
  Path Group:             clk_out1_fdtd_hdmi_bd_clk_wiz_0_0
  Path Type:              Setup (Max at Slow Process Corner)
  Requirement:            10.000ns  (MaxDelay Path 10.000ns)
  Data Path Delay:        0.979ns  (logic 0.456ns (46.588%)  route 0.523ns (53.412%))
  Logic Levels:           0  
  Timing Exception:       MaxDelay Path 10.000ns -datapath_only

    Location             Delay type                Incr(ns)  Path(ns)    Netlist Resource(s)
  -------------------------------------------------------------------    -------------------
    SLICE_X106Y120                                    0.000     0.000 r  fdtd_hdmi_bd_i/renderer_0/inst/u_impl/u_fifo/gnuram_async_fifo.xpm_fifo_base_inst/gen_cdc_pntr.wr_pntr_cdc_inst/src_gray_ff_reg[0]/C
    SLICE_X106Y120       FDRE (Prop_fdre_C_Q)         0.456     0.456 r  fdtd_hdmi_bd_i/renderer_0/inst/u_impl/u_fifo/gnuram_async_fifo.xpm_fifo_base_inst/gen_cdc_pntr.wr_pntr_cdc_inst/src_gray_ff_reg[0]/Q
                         net (fo=1, routed)           0.523     0.979    fdtd_hdmi_bd_i/renderer_0/inst/u_impl/u_fifo/gnuram_async_fifo.xpm_fifo_base_inst/gen_cdc_pntr.wr_pntr_cdc_inst/async_path[0]
    SLICE_X105Y120       FDRE                                         r  fdtd_hdmi_bd_i/renderer_0/inst/u_impl/u_fifo/gnuram_async_fifo.xpm_fifo_base_inst/gen_cdc_pntr.wr_pntr_cdc_inst/dest_graysync_ff_reg[0][0]/D
  -------------------------------------------------------------------    -------------------

                         max delay                   10.000    10.000    
    SLICE_X105Y120       FDRE (Setup_fdre_C_D)       -0.095     9.905    fdtd_hdmi_bd_i/renderer_0/inst/u_impl/u_fifo/gnuram_async_fifo.xpm_fifo_base_inst/gen_cdc_pntr.wr_pntr_cdc_inst/dest_graysync_ff_reg[0][0]
  -------------------------------------------------------------------
                         required time                          9.905    
                         arrival time                          -0.979    
  -------------------------------------------------------------------
                         slack                                  8.926    

Slack (MET) :             8.959ns  (required time - arrival time)
  Source:                 fdtd_hdmi_bd_i/renderer_0/inst/u_impl/u_fifo/gnuram_async_fifo.xpm_fifo_base_inst/gen_cdc_pntr.wr_pntr_cdc_inst/src_gray_ff_reg[7]/C
                            (rising edge-triggered cell FDRE clocked by clk_out3_fdtd_hdmi_bd_clk_wiz_0_0  {rise@0.000ns fall@5.000ns period=10.000ns})
  Destination:            fdtd_hdmi_bd_i/renderer_0/inst/u_impl/u_fifo/gnuram_async_fifo.xpm_fifo_base_inst/gen_cdc_pntr.wr_pntr_cdc_inst/dest_graysync_ff_reg[0][7]/D
                            (rising edge-triggered cell FDRE clocked by clk_out1_fdtd_hdmi_bd_clk_wiz_0_0  {rise@0.000ns fall@20.000ns period=40.000ns})
  Path Group:             clk_out1_fdtd_hdmi_bd_clk_wiz_0_0
  Path Type:              Setup (Max at Slow Process Corner)
  Requirement:            10.000ns  (MaxDelay Path 10.000ns)
  Data Path Delay:        0.823ns  (logic 0.419ns (50.886%)  route 0.404ns (49.114%))
  Logic Levels:           0  
  Timing Exception:       MaxDelay Path 10.000ns -datapath_only

    Location             Delay type                Incr(ns)  Path(ns)    Netlist Resource(s)
  -------------------------------------------------------------------    -------------------
    SLICE_X106Y120                                    0.000     0.000 r  fdtd_hdmi_bd_i/renderer_0/inst/u_impl/u_fifo/gnuram_async_fifo.xpm_fifo_base_inst/gen_cdc_pntr.wr_pntr_cdc_inst/src_gray_ff_reg[7]/C
    SLICE_X106Y120       FDRE (Prop_fdre_C_Q)         0.419     0.419 r  fdtd_hdmi_bd_i/renderer_0/inst/u_impl/u_fifo/gnuram_async_fifo.xpm_fifo_base_inst/gen_cdc_pntr.wr_pntr_cdc_inst/src_gray_ff_reg[7]/Q
                         net (fo=1, routed)           0.404     0.823    fdtd_hdmi_bd_i/renderer_0/inst/u_impl/u_fifo/gnuram_async_fifo.xpm_fifo_base_inst/gen_cdc_pntr.wr_pntr_cdc_inst/async_path[7]
    SLICE_X104Y120       FDRE                                         r  fdtd_hdmi_bd_i/renderer_0/inst/u_impl/u_fifo/gnuram_async_fifo.xpm_fifo_base_inst/gen_cdc_pntr.wr_pntr_cdc_inst/dest_graysync_ff_reg[0][7]/D
  -------------------------------------------------------------------    -------------------

                         max delay                   10.000    10.000    
    SLICE_X104Y120       FDRE (Setup_fdre_C_D)       -0.218     9.782    fdtd_hdmi_bd_i/renderer_0/inst/u_impl/u_fifo/gnuram_async_fifo.xpm_fifo_base_inst/gen_cdc_pntr.wr_pntr_cdc_inst/dest_graysync_ff_reg[0][7]
  -------------------------------------------------------------------
                         required time                          9.782    
                         arrival time                          -0.823    
  -------------------------------------------------------------------
                         slack                                  8.959    

Slack (MET) :             8.965ns  (required time - arrival time)
  Source:                 fdtd_hdmi_bd_i/renderer_0/inst/u_impl/u_fifo/gnuram_async_fifo.xpm_fifo_base_inst/gen_cdc_pntr.wr_pntr_cdc_inst/src_gray_ff_reg[6]/C
                            (rising edge-triggered cell FDRE clocked by clk_out3_fdtd_hdmi_bd_clk_wiz_0_0  {rise@0.000ns fall@5.000ns period=10.000ns})
  Destination:            fdtd_hdmi_bd_i/renderer_0/inst/u_impl/u_fifo/gnuram_async_fifo.xpm_fifo_base_inst/gen_cdc_pntr.wr_pntr_cdc_inst/dest_graysync_ff_reg[0][6]/D
                            (rising edge-triggered cell FDRE clocked by clk_out1_fdtd_hdmi_bd_clk_wiz_0_0  {rise@0.000ns fall@20.000ns period=40.000ns})
  Path Group:             clk_out1_fdtd_hdmi_bd_clk_wiz_0_0
  Path Type:              Setup (Max at Slow Process Corner)
  Requirement:            10.000ns  (MaxDelay Path 10.000ns)
  Data Path Delay:        0.988ns  (logic 0.456ns (46.166%)  route 0.532ns (53.834%))
  Logic Levels:           0  
  Timing Exception:       MaxDelay Path 10.000ns -datapath_only

    Location             Delay type                Incr(ns)  Path(ns)    Netlist Resource(s)
  -------------------------------------------------------------------    -------------------
    SLICE_X106Y120                                    0.000     0.000 r  fdtd_hdmi_bd_i/renderer_0/inst/u_impl/u_fifo/gnuram_async_fifo.xpm_fifo_base_inst/gen_cdc_pntr.wr_pntr_cdc_inst/src_gray_ff_reg[6]/C
    SLICE_X106Y120       FDRE (Prop_fdre_C_Q)         0.456     0.456 r  fdtd_hdmi_bd_i/renderer_0/inst/u_impl/u_fifo/gnuram_async_fifo.xpm_fifo_base_inst/gen_cdc_pntr.wr_pntr_cdc_inst/src_gray_ff_reg[6]/Q
                         net (fo=1, routed)           0.532     0.988    fdtd_hdmi_bd_i/renderer_0/inst/u_impl/u_fifo/gnuram_async_fifo.xpm_fifo_base_inst/gen_cdc_pntr.wr_pntr_cdc_inst/async_path[6]
    SLICE_X104Y120       FDRE                                         r  fdtd_hdmi_bd_i/renderer_0/inst/u_impl/u_fifo/gnuram_async_fifo.xpm_fifo_base_inst/gen_cdc_pntr.wr_pntr_cdc_inst/dest_graysync_ff_reg[0][6]/D
  -------------------------------------------------------------------    -------------------

                         max delay                   10.000    10.000    
    SLICE_X104Y120       FDRE (Setup_fdre_C_D)       -0.047     9.953    fdtd_hdmi_bd_i/renderer_0/inst/u_impl/u_fifo/gnuram_async_fifo.xpm_fifo_base_inst/gen_cdc_pntr.wr_pntr_cdc_inst/dest_graysync_ff_reg[0][6]
  -------------------------------------------------------------------
                         required time                          9.953    
                         arrival time                          -0.988    
  -------------------------------------------------------------------
                         slack                                  8.965    





---------------------------------------------------------------------------------------------------
From Clock:  clk_out1_fdtd_hdmi_bd_clk_wiz_0_0
  To Clock:  clk_out3_fdtd_hdmi_bd_clk_wiz_0_0

Setup :            0  Failing Endpoints,  Worst Slack       38.549ns,  Total Violation        0.000ns
Hold  :           NA  Failing Endpoints,  Worst Slack           NA  ,  Total Violation           NA
---------------------------------------------------------------------------------------------------


Max Delay Paths
--------------------------------------------------------------------------------------
Slack (MET) :             38.549ns  (required time - arrival time)
  Source:                 fdtd_hdmi_bd_i/renderer_0/inst/u_impl/u_fifo/gnuram_async_fifo.xpm_fifo_base_inst/gen_cdc_pntr.rd_pntr_cdc_inst/src_gray_ff_reg[1]/C
                            (rising edge-triggered cell FDRE clocked by clk_out1_fdtd_hdmi_bd_clk_wiz_0_0  {rise@0.000ns fall@20.000ns period=40.000ns})
  Destination:            fdtd_hdmi_bd_i/renderer_0/inst/u_impl/u_fifo/gnuram_async_fifo.xpm_fifo_base_inst/gen_cdc_pntr.rd_pntr_cdc_inst/dest_graysync_ff_reg[0][1]/D
                            (rising edge-triggered cell FDRE clocked by clk_out3_fdtd_hdmi_bd_clk_wiz_0_0  {rise@0.000ns fall@5.000ns period=10.000ns})
  Path Group:             clk_out3_fdtd_hdmi_bd_clk_wiz_0_0
  Path Type:              Setup (Max at Slow Process Corner)
  Requirement:            40.000ns  (MaxDelay Path 40.000ns)
  Data Path Delay:        1.183ns  (logic 0.419ns (35.408%)  route 0.764ns (64.592%))
  Logic Levels:           0  
  Timing Exception:       MaxDelay Path 40.000ns -datapath_only

    Location             Delay type                Incr(ns)  Path(ns)    Netlist Resource(s)
  -------------------------------------------------------------------    -------------------
    SLICE_X106Y118                                    0.000     0.000 r  fdtd_hdmi_bd_i/renderer_0/inst/u_impl/u_fifo/gnuram_async_fifo.xpm_fifo_base_inst/gen_cdc_pntr.rd_pntr_cdc_inst/src_gray_ff_reg[1]/C
    SLICE_X106Y118       FDRE (Prop_fdre_C_Q)         0.419     0.419 r  fdtd_hdmi_bd_i/renderer_0/inst/u_impl/u_fifo/gnuram_async_fifo.xpm_fifo_base_inst/gen_cdc_pntr.rd_pntr_cdc_inst/src_gray_ff_reg[1]/Q
                         net (fo=1, routed)           0.764     1.183    fdtd_hdmi_bd_i/renderer_0/inst/u_impl/u_fifo/gnuram_async_fifo.xpm_fifo_base_inst/gen_cdc_pntr.rd_pntr_cdc_inst/async_path[1]
    SLICE_X109Y118       FDRE                                         r  fdtd_hdmi_bd_i/renderer_0/inst/u_impl/u_fifo/gnuram_async_fifo.xpm_fifo_base_inst/gen_cdc_pntr.rd_pntr_cdc_inst/dest_graysync_ff_reg[0][1]/D
  -------------------------------------------------------------------    -------------------

                         max delay                   40.000    40.000    
    SLICE_X109Y118       FDRE (Setup_fdre_C_D)       -0.268    39.732    fdtd_hdmi_bd_i/renderer_0/inst/u_impl/u_fifo/gnuram_async_fifo.xpm_fifo_base_inst/gen_cdc_pntr.rd_pntr_cdc_inst/dest_graysync_ff_reg[0][1]
  -------------------------------------------------------------------
                         required time                         39.732    
                         arrival time                          -1.183    
  -------------------------------------------------------------------
                         slack                                 38.549    

Slack (MET) :             38.576ns  (required time - arrival time)
  Source:                 fdtd_hdmi_bd_i/renderer_0/inst/u_impl/u_fifo/gnuram_async_fifo.xpm_fifo_base_inst/gen_cdc_pntr.rd_pntr_cdc_inst/src_gray_ff_reg[3]/C
                            (rising edge-triggered cell FDRE clocked by clk_out1_fdtd_hdmi_bd_clk_wiz_0_0  {rise@0.000ns fall@20.000ns period=40.000ns})
  Destination:            fdtd_hdmi_bd_i/renderer_0/inst/u_impl/u_fifo/gnuram_async_fifo.xpm_fifo_base_inst/gen_cdc_pntr.rd_pntr_cdc_inst/dest_graysync_ff_reg[0][3]/D
                            (rising edge-triggered cell FDRE clocked by clk_out3_fdtd_hdmi_bd_clk_wiz_0_0  {rise@0.000ns fall@5.000ns period=10.000ns})
  Path Group:             clk_out3_fdtd_hdmi_bd_clk_wiz_0_0
  Path Type:              Setup (Max at Slow Process Corner)
  Requirement:            40.000ns  (MaxDelay Path 40.000ns)
  Data Path Delay:        1.209ns  (logic 0.419ns (34.659%)  route 0.790ns (65.341%))
  Logic Levels:           0  
  Timing Exception:       MaxDelay Path 40.000ns -datapath_only

    Location             Delay type                Incr(ns)  Path(ns)    Netlist Resource(s)
  -------------------------------------------------------------------    -------------------
    SLICE_X106Y118                                    0.000     0.000 r  fdtd_hdmi_bd_i/renderer_0/inst/u_impl/u_fifo/gnuram_async_fifo.xpm_fifo_base_inst/gen_cdc_pntr.rd_pntr_cdc_inst/src_gray_ff_reg[3]/C
    SLICE_X106Y118       FDRE (Prop_fdre_C_Q)         0.419     0.419 r  fdtd_hdmi_bd_i/renderer_0/inst/u_impl/u_fifo/gnuram_async_fifo.xpm_fifo_base_inst/gen_cdc_pntr.rd_pntr_cdc_inst/src_gray_ff_reg[3]/Q
                         net (fo=1, routed)           0.790     1.209    fdtd_hdmi_bd_i/renderer_0/inst/u_impl/u_fifo/gnuram_async_fifo.xpm_fifo_base_inst/gen_cdc_pntr.rd_pntr_cdc_inst/async_path[3]
    SLICE_X108Y118       FDRE                                         r  fdtd_hdmi_bd_i/renderer_0/inst/u_impl/u_fifo/gnuram_async_fifo.xpm_fifo_base_inst/gen_cdc_pntr.rd_pntr_cdc_inst/dest_graysync_ff_reg[0][3]/D
  -------------------------------------------------------------------    -------------------

                         max delay                   40.000    40.000    
    SLICE_X108Y118       FDRE (Setup_fdre_C_D)       -0.215    39.785    fdtd_hdmi_bd_i/renderer_0/inst/u_impl/u_fifo/gnuram_async_fifo.xpm_fifo_base_inst/gen_cdc_pntr.rd_pntr_cdc_inst/dest_graysync_ff_reg[0][3]
  -------------------------------------------------------------------
                         required time                         39.785    
                         arrival time                          -1.209    
  -------------------------------------------------------------------
                         slack                                 38.576    

Slack (MET) :             38.597ns  (required time - arrival time)
  Source:                 fdtd_hdmi_bd_i/renderer_0/inst/u_impl/u_fifo/gnuram_async_fifo.xpm_fifo_base_inst/gen_cdc_pntr.rd_pntr_cdc_inst/src_gray_ff_reg[7]/C
                            (rising edge-triggered cell FDRE clocked by clk_out1_fdtd_hdmi_bd_clk_wiz_0_0  {rise@0.000ns fall@20.000ns period=40.000ns})
  Destination:            fdtd_hdmi_bd_i/renderer_0/inst/u_impl/u_fifo/gnuram_async_fifo.xpm_fifo_base_inst/gen_cdc_pntr.rd_pntr_cdc_inst/dest_graysync_ff_reg[0][7]/D
                            (rising edge-triggered cell FDRE clocked by clk_out3_fdtd_hdmi_bd_clk_wiz_0_0  {rise@0.000ns fall@5.000ns period=10.000ns})
  Path Group:             clk_out3_fdtd_hdmi_bd_clk_wiz_0_0
  Path Type:              Setup (Max at Slow Process Corner)
  Requirement:            40.000ns  (MaxDelay Path 40.000ns)
  Data Path Delay:        1.185ns  (logic 0.419ns (35.366%)  route 0.766ns (64.634%))
  Logic Levels:           0  
  Timing Exception:       MaxDelay Path 40.000ns -datapath_only

    Location             Delay type                Incr(ns)  Path(ns)    Netlist Resource(s)
  -------------------------------------------------------------------    -------------------
    SLICE_X106Y118                                    0.000     0.000 r  fdtd_hdmi_bd_i/renderer_0/inst/u_impl/u_fifo/gnuram_async_fifo.xpm_fifo_base_inst/gen_cdc_pntr.rd_pntr_cdc_inst/src_gray_ff_reg[7]/C
    SLICE_X106Y118       FDRE (Prop_fdre_C_Q)         0.419     0.419 r  fdtd_hdmi_bd_i/renderer_0/inst/u_impl/u_fifo/gnuram_async_fifo.xpm_fifo_base_inst/gen_cdc_pntr.rd_pntr_cdc_inst/src_gray_ff_reg[7]/Q
                         net (fo=1, routed)           0.766     1.185    fdtd_hdmi_bd_i/renderer_0/inst/u_impl/u_fifo/gnuram_async_fifo.xpm_fifo_base_inst/gen_cdc_pntr.rd_pntr_cdc_inst/async_path[7]
    SLICE_X108Y118       FDRE                                         r  fdtd_hdmi_bd_i/renderer_0/inst/u_impl/u_fifo/gnuram_async_fifo.xpm_fifo_base_inst/gen_cdc_pntr.rd_pntr_cdc_inst/dest_graysync_ff_reg[0][7]/D
  -------------------------------------------------------------------    -------------------

                         max delay                   40.000    40.000    
    SLICE_X108Y118       FDRE (Setup_fdre_C_D)       -0.218    39.782    fdtd_hdmi_bd_i/renderer_0/inst/u_impl/u_fifo/gnuram_async_fifo.xpm_fifo_base_inst/gen_cdc_pntr.rd_pntr_cdc_inst/dest_graysync_ff_reg[0][7]
  -------------------------------------------------------------------
                         required time                         39.782    
                         arrival time                          -1.185    
  -------------------------------------------------------------------
                         slack                                 38.597    

Slack (MET) :             38.681ns  (required time - arrival time)
  Source:                 fdtd_hdmi_bd_i/renderer_0/inst/u_impl/u_fifo/gnuram_async_fifo.xpm_fifo_base_inst/gen_cdc_pntr.rd_pntr_cdc_inst/src_gray_ff_reg[9]/C
                            (rising edge-triggered cell FDRE clocked by clk_out1_fdtd_hdmi_bd_clk_wiz_0_0  {rise@0.000ns fall@20.000ns period=40.000ns})
  Destination:            fdtd_hdmi_bd_i/renderer_0/inst/u_impl/u_fifo/gnuram_async_fifo.xpm_fifo_base_inst/gen_cdc_pntr.rd_pntr_cdc_inst/dest_graysync_ff_reg[0][9]/D
                            (rising edge-triggered cell FDRE clocked by clk_out3_fdtd_hdmi_bd_clk_wiz_0_0  {rise@0.000ns fall@5.000ns period=10.000ns})
  Path Group:             clk_out3_fdtd_hdmi_bd_clk_wiz_0_0
  Path Type:              Setup (Max at Slow Process Corner)
  Requirement:            40.000ns  (MaxDelay Path 40.000ns)
  Data Path Delay:        1.052ns  (logic 0.419ns (39.836%)  route 0.633ns (60.164%))
  Logic Levels:           0  
  Timing Exception:       MaxDelay Path 40.000ns -datapath_only

    Location             Delay type                Incr(ns)  Path(ns)    Netlist Resource(s)
  -------------------------------------------------------------------    -------------------
    SLICE_X106Y118                                    0.000     0.000 r  fdtd_hdmi_bd_i/renderer_0/inst/u_impl/u_fifo/gnuram_async_fifo.xpm_fifo_base_inst/gen_cdc_pntr.rd_pntr_cdc_inst/src_gray_ff_reg[9]/C
    SLICE_X106Y118       FDRE (Prop_fdre_C_Q)         0.419     0.419 r  fdtd_hdmi_bd_i/renderer_0/inst/u_impl/u_fifo/gnuram_async_fifo.xpm_fifo_base_inst/gen_cdc_pntr.rd_pntr_cdc_inst/src_gray_ff_reg[9]/Q
                         net (fo=1, routed)           0.633     1.052    fdtd_hdmi_bd_i/renderer_0/inst/u_impl/u_fifo/gnuram_async_fifo.xpm_fifo_base_inst/gen_cdc_pntr.rd_pntr_cdc_inst/async_path[9]
    SLICE_X109Y118       FDRE                                         r  fdtd_hdmi_bd_i/renderer_0/inst/u_impl/u_fifo/gnuram_async_fifo.xpm_fifo_base_inst/gen_cdc_pntr.rd_pntr_cdc_inst/dest_graysync_ff_reg[0][9]/D
  -------------------------------------------------------------------    -------------------

                         max delay                   40.000    40.000    
    SLICE_X109Y118       FDRE (Setup_fdre_C_D)       -0.267    39.733    fdtd_hdmi_bd_i/renderer_0/inst/u_impl/u_fifo/gnuram_async_fifo.xpm_fifo_base_inst/gen_cdc_pntr.rd_pntr_cdc_inst/dest_graysync_ff_reg[0][9]
  -------------------------------------------------------------------
                         required time                         39.733    
                         arrival time                          -1.052    
  -------------------------------------------------------------------
                         slack                                 38.681    

Slack (MET) :             38.727ns  (required time - arrival time)
  Source:                 fdtd_hdmi_bd_i/renderer_0/inst/u_impl/u_fifo/gnuram_async_fifo.xpm_fifo_base_inst/gen_cdc_pntr.rd_pntr_cdc_inst/src_gray_ff_reg[4]/C
                            (rising edge-triggered cell FDRE clocked by clk_out1_fdtd_hdmi_bd_clk_wiz_0_0  {rise@0.000ns fall@20.000ns period=40.000ns})
  Destination:            fdtd_hdmi_bd_i/renderer_0/inst/u_impl/u_fifo/gnuram_async_fifo.xpm_fifo_base_inst/gen_cdc_pntr.rd_pntr_cdc_inst/dest_graysync_ff_reg[0][4]/D
                            (rising edge-triggered cell FDRE clocked by clk_out3_fdtd_hdmi_bd_clk_wiz_0_0  {rise@0.000ns fall@5.000ns period=10.000ns})
  Path Group:             clk_out3_fdtd_hdmi_bd_clk_wiz_0_0
  Path Type:              Setup (Max at Slow Process Corner)
  Requirement:            40.000ns  (MaxDelay Path 40.000ns)
  Data Path Delay:        1.226ns  (logic 0.456ns (37.196%)  route 0.770ns (62.804%))
  Logic Levels:           0  
  Timing Exception:       MaxDelay Path 40.000ns -datapath_only

    Location             Delay type                Incr(ns)  Path(ns)    Netlist Resource(s)
  -------------------------------------------------------------------    -------------------
    SLICE_X106Y119                                    0.000     0.000 r  fdtd_hdmi_bd_i/renderer_0/inst/u_impl/u_fifo/gnuram_async_fifo.xpm_fifo_base_inst/gen_cdc_pntr.rd_pntr_cdc_inst/src_gray_ff_reg[4]/C
    SLICE_X106Y119       FDRE (Prop_fdre_C_Q)         0.456     0.456 r  fdtd_hdmi_bd_i/renderer_0/inst/u_impl/u_fifo/gnuram_async_fifo.xpm_fifo_base_inst/gen_cdc_pntr.rd_pntr_cdc_inst/src_gray_ff_reg[4]/Q
                         net (fo=1, routed)           0.770     1.226    fdtd_hdmi_bd_i/renderer_0/inst/u_impl/u_fifo/gnuram_async_fifo.xpm_fifo_base_inst/gen_cdc_pntr.rd_pntr_cdc_inst/async_path[4]
    SLICE_X108Y119       FDRE                                         r  fdtd_hdmi_bd_i/renderer_0/inst/u_impl/u_fifo/gnuram_async_fifo.xpm_fifo_base_inst/gen_cdc_pntr.rd_pntr_cdc_inst/dest_graysync_ff_reg[0][4]/D
  -------------------------------------------------------------------    -------------------

                         max delay                   40.000    40.000    
    SLICE_X108Y119       FDRE (Setup_fdre_C_D)       -0.047    39.953    fdtd_hdmi_bd_i/renderer_0/inst/u_impl/u_fifo/gnuram_async_fifo.xpm_fifo_base_inst/gen_cdc_pntr.rd_pntr_cdc_inst/dest_graysync_ff_reg[0][4]
  -------------------------------------------------------------------
                         required time                         39.953    
                         arrival time                          -1.226    
  -------------------------------------------------------------------
                         slack                                 38.727    

Slack (MET) :             38.745ns  (required time - arrival time)
  Source:                 fdtd_hdmi_bd_i/renderer_0/inst/u_impl/u_fifo/gnuram_async_fifo.xpm_fifo_base_inst/gen_cdc_pntr.rd_pntr_cdc_inst/src_gray_ff_reg[5]/C
                            (rising edge-triggered cell FDRE clocked by clk_out1_fdtd_hdmi_bd_clk_wiz_0_0  {rise@0.000ns fall@20.000ns period=40.000ns})
  Destination:            fdtd_hdmi_bd_i/renderer_0/inst/u_impl/u_fifo/gnuram_async_fifo.xpm_fifo_base_inst/gen_cdc_pntr.rd_pntr_cdc_inst/dest_graysync_ff_reg[0][5]/D
                            (rising edge-triggered cell FDRE clocked by clk_out3_fdtd_hdmi_bd_clk_wiz_0_0  {rise@0.000ns fall@5.000ns period=10.000ns})
  Path Group:             clk_out3_fdtd_hdmi_bd_clk_wiz_0_0
  Path Type:              Setup (Max at Slow Process Corner)
  Requirement:            40.000ns  (MaxDelay Path 40.000ns)
  Data Path Delay:        0.987ns  (logic 0.419ns (42.472%)  route 0.568ns (57.528%))
  Logic Levels:           0  
  Timing Exception:       MaxDelay Path 40.000ns -datapath_only

    Location             Delay type                Incr(ns)  Path(ns)    Netlist Resource(s)
  -------------------------------------------------------------------    -------------------
    SLICE_X106Y119                                    0.000     0.000 r  fdtd_hdmi_bd_i/renderer_0/inst/u_impl/u_fifo/gnuram_async_fifo.xpm_fifo_base_inst/gen_cdc_pntr.rd_pntr_cdc_inst/src_gray_ff_reg[5]/C
    SLICE_X106Y119       FDRE (Prop_fdre_C_Q)         0.419     0.419 r  fdtd_hdmi_bd_i/renderer_0/inst/u_impl/u_fifo/gnuram_async_fifo.xpm_fifo_base_inst/gen_cdc_pntr.rd_pntr_cdc_inst/src_gray_ff_reg[5]/Q
                         net (fo=1, routed)           0.568     0.987    fdtd_hdmi_bd_i/renderer_0/inst/u_impl/u_fifo/gnuram_async_fifo.xpm_fifo_base_inst/gen_cdc_pntr.rd_pntr_cdc_inst/async_path[5]
    SLICE_X109Y118       FDRE                                         r  fdtd_hdmi_bd_i/renderer_0/inst/u_impl/u_fifo/gnuram_async_fifo.xpm_fifo_base_inst/gen_cdc_pntr.rd_pntr_cdc_inst/dest_graysync_ff_reg[0][5]/D
  -------------------------------------------------------------------    -------------------

                         max delay                   40.000    40.000    
    SLICE_X109Y118       FDRE (Setup_fdre_C_D)       -0.268    39.732    fdtd_hdmi_bd_i/renderer_0/inst/u_impl/u_fifo/gnuram_async_fifo.xpm_fifo_base_inst/gen_cdc_pntr.rd_pntr_cdc_inst/dest_graysync_ff_reg[0][5]
  -------------------------------------------------------------------
                         required time                         39.732    
                         arrival time                          -0.987    
  -------------------------------------------------------------------
                         slack                                 38.745    

Slack (MET) :             38.860ns  (required time - arrival time)
  Source:                 fdtd_hdmi_bd_i/renderer_0/inst/u_impl/u_fifo/gnuram_async_fifo.xpm_fifo_base_inst/gen_cdc_pntr.rd_pntr_cdc_inst/src_gray_ff_reg[0]/C
                            (rising edge-triggered cell FDRE clocked by clk_out1_fdtd_hdmi_bd_clk_wiz_0_0  {rise@0.000ns fall@20.000ns period=40.000ns})
  Destination:            fdtd_hdmi_bd_i/renderer_0/inst/u_impl/u_fifo/gnuram_async_fifo.xpm_fifo_base_inst/gen_cdc_pntr.rd_pntr_cdc_inst/dest_graysync_ff_reg[0][0]/D
                            (rising edge-triggered cell FDRE clocked by clk_out3_fdtd_hdmi_bd_clk_wiz_0_0  {rise@0.000ns fall@5.000ns period=10.000ns})
  Path Group:             clk_out3_fdtd_hdmi_bd_clk_wiz_0_0
  Path Type:              Setup (Max at Slow Process Corner)
  Requirement:            40.000ns  (MaxDelay Path 40.000ns)
  Data Path Delay:        1.045ns  (logic 0.456ns (43.646%)  route 0.589ns (56.354%))
  Logic Levels:           0  
  Timing Exception:       MaxDelay Path 40.000ns -datapath_only

    Location             Delay type                Incr(ns)  Path(ns)    Netlist Resource(s)
  -------------------------------------------------------------------    -------------------
    SLICE_X106Y118                                    0.000     0.000 r  fdtd_hdmi_bd_i/renderer_0/inst/u_impl/u_fifo/gnuram_async_fifo.xpm_fifo_base_inst/gen_cdc_pntr.rd_pntr_cdc_inst/src_gray_ff_reg[0]/C
    SLICE_X106Y118       FDRE (Prop_fdre_C_Q)         0.456     0.456 r  fdtd_hdmi_bd_i/renderer_0/inst/u_impl/u_fifo/gnuram_async_fifo.xpm_fifo_base_inst/gen_cdc_pntr.rd_pntr_cdc_inst/src_gray_ff_reg[0]/Q
                         net (fo=1, routed)           0.589     1.045    fdtd_hdmi_bd_i/renderer_0/inst/u_impl/u_fifo/gnuram_async_fifo.xpm_fifo_base_inst/gen_cdc_pntr.rd_pntr_cdc_inst/async_path[0]
    SLICE_X109Y118       FDRE                                         r  fdtd_hdmi_bd_i/renderer_0/inst/u_impl/u_fifo/gnuram_async_fifo.xpm_fifo_base_inst/gen_cdc_pntr.rd_pntr_cdc_inst/dest_graysync_ff_reg[0][0]/D
  -------------------------------------------------------------------    -------------------

                         max delay                   40.000    40.000    
    SLICE_X109Y118       FDRE (Setup_fdre_C_D)       -0.095    39.905    fdtd_hdmi_bd_i/renderer_0/inst/u_impl/u_fifo/gnuram_async_fifo.xpm_fifo_base_inst/gen_cdc_pntr.rd_pntr_cdc_inst/dest_graysync_ff_reg[0][0]
  -------------------------------------------------------------------
                         required time                         39.905    
                         arrival time                          -1.045    
  -------------------------------------------------------------------
                         slack                                 38.860    

Slack (MET) :             38.905ns  (required time - arrival time)
  Source:                 fdtd_hdmi_bd_i/renderer_0/inst/u_impl/u_fifo/gnuram_async_fifo.xpm_fifo_base_inst/gen_cdc_pntr.rd_pntr_cdc_inst/src_gray_ff_reg[6]/C
                            (rising edge-triggered cell FDRE clocked by clk_out1_fdtd_hdmi_bd_clk_wiz_0_0  {rise@0.000ns fall@20.000ns period=40.000ns})
  Destination:            fdtd_hdmi_bd_i/renderer_0/inst/u_impl/u_fifo/gnuram_async_fifo.xpm_fifo_base_inst/gen_cdc_pntr.rd_pntr_cdc_inst/dest_graysync_ff_reg[0][6]/D
                            (rising edge-triggered cell FDRE clocked by clk_out3_fdtd_hdmi_bd_clk_wiz_0_0  {rise@0.000ns fall@5.000ns period=10.000ns})
  Path Group:             clk_out3_fdtd_hdmi_bd_clk_wiz_0_0
  Path Type:              Setup (Max at Slow Process Corner)
  Requirement:            40.000ns  (MaxDelay Path 40.000ns)
  Data Path Delay:        1.052ns  (logic 0.456ns (43.345%)  route 0.596ns (56.655%))
  Logic Levels:           0  
  Timing Exception:       MaxDelay Path 40.000ns -datapath_only

    Location             Delay type                Incr(ns)  Path(ns)    Netlist Resource(s)
  -------------------------------------------------------------------    -------------------
    SLICE_X106Y118                                    0.000     0.000 r  fdtd_hdmi_bd_i/renderer_0/inst/u_impl/u_fifo/gnuram_async_fifo.xpm_fifo_base_inst/gen_cdc_pntr.rd_pntr_cdc_inst/src_gray_ff_reg[6]/C
    SLICE_X106Y118       FDRE (Prop_fdre_C_Q)         0.456     0.456 r  fdtd_hdmi_bd_i/renderer_0/inst/u_impl/u_fifo/gnuram_async_fifo.xpm_fifo_base_inst/gen_cdc_pntr.rd_pntr_cdc_inst/src_gray_ff_reg[6]/Q
                         net (fo=1, routed)           0.596     1.052    fdtd_hdmi_bd_i/renderer_0/inst/u_impl/u_fifo/gnuram_async_fifo.xpm_fifo_base_inst/gen_cdc_pntr.rd_pntr_cdc_inst/async_path[6]
    SLICE_X108Y119       FDRE                                         r  fdtd_hdmi_bd_i/renderer_0/inst/u_impl/u_fifo/gnuram_async_fifo.xpm_fifo_base_inst/gen_cdc_pntr.rd_pntr_cdc_inst/dest_graysync_ff_reg[0][6]/D
  -------------------------------------------------------------------    -------------------

                         max delay                   40.000    40.000    
    SLICE_X108Y119       FDRE (Setup_fdre_C_D)       -0.043    39.957    fdtd_hdmi_bd_i/renderer_0/inst/u_impl/u_fifo/gnuram_async_fifo.xpm_fifo_base_inst/gen_cdc_pntr.rd_pntr_cdc_inst/dest_graysync_ff_reg[0][6]
  -------------------------------------------------------------------
                         required time                         39.957    
                         arrival time                          -1.052    
  -------------------------------------------------------------------
                         slack                                 38.905    

Slack (MET) :             38.905ns  (required time - arrival time)
  Source:                 fdtd_hdmi_bd_i/renderer_0/inst/u_impl/u_fifo/gnuram_async_fifo.xpm_fifo_base_inst/gen_cdc_pntr.rd_pntr_cdc_inst/src_gray_ff_reg[8]/C
                            (rising edge-triggered cell FDRE clocked by clk_out1_fdtd_hdmi_bd_clk_wiz_0_0  {rise@0.000ns fall@20.000ns period=40.000ns})
  Destination:            fdtd_hdmi_bd_i/renderer_0/inst/u_impl/u_fifo/gnuram_async_fifo.xpm_fifo_base_inst/gen_cdc_pntr.rd_pntr_cdc_inst/dest_graysync_ff_reg[0][8]/D
                            (rising edge-triggered cell FDRE clocked by clk_out3_fdtd_hdmi_bd_clk_wiz_0_0  {rise@0.000ns fall@5.000ns period=10.000ns})
  Path Group:             clk_out3_fdtd_hdmi_bd_clk_wiz_0_0
  Path Type:              Setup (Max at Slow Process Corner)
  Requirement:            40.000ns  (MaxDelay Path 40.000ns)
  Data Path Delay:        1.050ns  (logic 0.456ns (43.428%)  route 0.594ns (56.572%))
  Logic Levels:           0  
  Timing Exception:       MaxDelay Path 40.000ns -datapath_only

    Location             Delay type                Incr(ns)  Path(ns)    Netlist Resource(s)
  -------------------------------------------------------------------    -------------------
    SLICE_X106Y118                                    0.000     0.000 r  fdtd_hdmi_bd_i/renderer_0/inst/u_impl/u_fifo/gnuram_async_fifo.xpm_fifo_base_inst/gen_cdc_pntr.rd_pntr_cdc_inst/src_gray_ff_reg[8]/C
    SLICE_X106Y118       FDRE (Prop_fdre_C_Q)         0.456     0.456 r  fdtd_hdmi_bd_i/renderer_0/inst/u_impl/u_fifo/gnuram_async_fifo.xpm_fifo_base_inst/gen_cdc_pntr.rd_pntr_cdc_inst/src_gray_ff_reg[8]/Q
                         net (fo=1, routed)           0.594     1.050    fdtd_hdmi_bd_i/renderer_0/inst/u_impl/u_fifo/gnuram_async_fifo.xpm_fifo_base_inst/gen_cdc_pntr.rd_pntr_cdc_inst/async_path[8]
    SLICE_X108Y119       FDRE                                         r  fdtd_hdmi_bd_i/renderer_0/inst/u_impl/u_fifo/gnuram_async_fifo.xpm_fifo_base_inst/gen_cdc_pntr.rd_pntr_cdc_inst/dest_graysync_ff_reg[0][8]/D
  -------------------------------------------------------------------    -------------------

                         max delay                   40.000    40.000    
    SLICE_X108Y119       FDRE (Setup_fdre_C_D)       -0.045    39.955    fdtd_hdmi_bd_i/renderer_0/inst/u_impl/u_fifo/gnuram_async_fifo.xpm_fifo_base_inst/gen_cdc_pntr.rd_pntr_cdc_inst/dest_graysync_ff_reg[0][8]
  -------------------------------------------------------------------
                         required time                         39.955    
                         arrival time                          -1.050    
  -------------------------------------------------------------------
                         slack                                 38.905    

Slack (MET) :             39.032ns  (required time - arrival time)
  Source:                 fdtd_hdmi_bd_i/renderer_0/inst/u_impl/u_fifo/gnuram_async_fifo.xpm_fifo_base_inst/gen_cdc_pntr.rd_pntr_cdc_inst/src_gray_ff_reg[2]/C
                            (rising edge-triggered cell FDRE clocked by clk_out1_fdtd_hdmi_bd_clk_wiz_0_0  {rise@0.000ns fall@20.000ns period=40.000ns})
  Destination:            fdtd_hdmi_bd_i/renderer_0/inst/u_impl/u_fifo/gnuram_async_fifo.xpm_fifo_base_inst/gen_cdc_pntr.rd_pntr_cdc_inst/dest_graysync_ff_reg[0][2]/D
                            (rising edge-triggered cell FDRE clocked by clk_out3_fdtd_hdmi_bd_clk_wiz_0_0  {rise@0.000ns fall@5.000ns period=10.000ns})
  Path Group:             clk_out3_fdtd_hdmi_bd_clk_wiz_0_0
  Path Type:              Setup (Max at Slow Process Corner)
  Requirement:            40.000ns  (MaxDelay Path 40.000ns)
  Data Path Delay:        0.921ns  (logic 0.456ns (49.537%)  route 0.465ns (50.463%))
  Logic Levels:           0  
  Timing Exception:       MaxDelay Path 40.000ns -datapath_only

    Location             Delay type                Incr(ns)  Path(ns)    Netlist Resource(s)
  -------------------------------------------------------------------    -------------------
    SLICE_X106Y118                                    0.000     0.000 r  fdtd_hdmi_bd_i/renderer_0/inst/u_impl/u_fifo/gnuram_async_fifo.xpm_fifo_base_inst/gen_cdc_pntr.rd_pntr_cdc_inst/src_gray_ff_reg[2]/C
    SLICE_X106Y118       FDRE (Prop_fdre_C_Q)         0.456     0.456 r  fdtd_hdmi_bd_i/renderer_0/inst/u_impl/u_fifo/gnuram_async_fifo.xpm_fifo_base_inst/gen_cdc_pntr.rd_pntr_cdc_inst/src_gray_ff_reg[2]/Q
                         net (fo=1, routed)           0.465     0.921    fdtd_hdmi_bd_i/renderer_0/inst/u_impl/u_fifo/gnuram_async_fifo.xpm_fifo_base_inst/gen_cdc_pntr.rd_pntr_cdc_inst/async_path[2]
    SLICE_X108Y118       FDRE                                         r  fdtd_hdmi_bd_i/renderer_0/inst/u_impl/u_fifo/gnuram_async_fifo.xpm_fifo_base_inst/gen_cdc_pntr.rd_pntr_cdc_inst/dest_graysync_ff_reg[0][2]/D
  -------------------------------------------------------------------    -------------------

                         max delay                   40.000    40.000    
    SLICE_X108Y118       FDRE (Setup_fdre_C_D)       -0.047    39.953    fdtd_hdmi_bd_i/renderer_0/inst/u_impl/u_fifo/gnuram_async_fifo.xpm_fifo_base_inst/gen_cdc_pntr.rd_pntr_cdc_inst/dest_graysync_ff_reg[0][2]
  -------------------------------------------------------------------
                         required time                         39.953    
                         arrival time                          -0.921    
  -------------------------------------------------------------------
                         slack                                 39.032    





---------------------------------------------------------------------------------------------------
Path Group:  **async_default**
From Clock:  clk_out1_fdtd_hdmi_bd_clk_wiz_0_0
  To Clock:  clk_out3_fdtd_hdmi_bd_clk_wiz_0_0

Setup :            0  Failing Endpoints,  Worst Slack        5.382ns,  Total Violation        0.000ns
Hold  :            0  Failing Endpoints,  Worst Slack        1.011ns,  Total Violation        0.000ns
---------------------------------------------------------------------------------------------------


Max Delay Paths
--------------------------------------------------------------------------------------
Slack (MET) :             5.382ns  (required time - arrival time)
  Source:                 fdtd_hdmi_bd_i/rst_pix_25M/U0/ACTIVE_LOW_PR_OUT_DFF[0].FDRE_PER_N/C
                            (rising edge-triggered cell FDRE clocked by clk_out1_fdtd_hdmi_bd_clk_wiz_0_0  {rise@0.000ns fall@20.000ns period=40.000ns})
  Destination:            fdtd_hdmi_bd_i/renderer_0/inst/u_impl/core_rst_sync_reg[0]/CLR
                            (recovery check against rising-edge clock clk_out3_fdtd_hdmi_bd_clk_wiz_0_0  {rise@0.000ns fall@5.000ns period=10.000ns})
  Path Group:             **async_default**
  Path Type:              Recovery (Max at Slow Process Corner)
  Requirement:            10.000ns  (clk_out3_fdtd_hdmi_bd_clk_wiz_0_0 rise@10.000ns - clk_out1_fdtd_hdmi_bd_clk_wiz_0_0 rise@0.000ns)
  Data Path Delay:        3.346ns  (logic 0.580ns (17.336%)  route 2.766ns (82.664%))
  Logic Levels:           1  (LUT1=1)
  Clock Path Skew:        -0.657ns (DCD - SCD + CPR)
    Destination Clock Delay (DCD):    -1.572ns = ( 8.428 - 10.000 ) 
    Source Clock Delay      (SCD):    -0.666ns
    Clock Pessimism Removal (CPR):    0.249ns
  Clock Uncertainty:      0.210ns  ((TSJ^2 + DJ^2)^1/2) / 2 + PE
    Total System Jitter     (TSJ):    0.071ns
    Discrete Jitter          (DJ):    0.165ns
    Phase Error              (PE):    0.120ns

    Location             Delay type                Incr(ns)  Path(ns)    Netlist Resource(s)
  -------------------------------------------------------------------    -------------------
                         (clock clk_out1_fdtd_hdmi_bd_clk_wiz_0_0 rise edge)
                                                      0.000     0.000 r  
    H16                                               0.000     0.000 r  clk (IN)
                         net (fo=0)                   0.000     0.000    fdtd_hdmi_bd_i/clk_wiz_0/inst/clk_in1
    H16                  IBUF (Prop_ibuf_I_O)         1.451     1.451 r  fdtd_hdmi_bd_i/clk_wiz_0/inst/clkin1_ibufg/O
                         net (fo=1, routed)           1.285     2.736    fdtd_hdmi_bd_i/clk_wiz_0/inst/clk_in1_fdtd_hdmi_bd_clk_wiz_0_0
    MMCME2_ADV_X1Y2      MMCME2_ADV (Prop_mmcme2_adv_CLKIN1_CLKOUT0)
                                                     -7.759    -5.023 r  fdtd_hdmi_bd_i/clk_wiz_0/inst/mmcm_adv_inst/CLKOUT0
                         net (fo=1, routed)           2.206    -2.817    fdtd_hdmi_bd_i/clk_wiz_0/inst/clk_out1_fdtd_hdmi_bd_clk_wiz_0_0
    BUFGCTRL_X0Y16       BUFG (Prop_bufg_I_O)         0.101    -2.716 r  fdtd_hdmi_bd_i/clk_wiz_0/inst/clkout1_buf/O
                         net (fo=3160, routed)        2.050    -0.666    fdtd_hdmi_bd_i/rst_pix_25M/U0/slowest_sync_clk
    SLICE_X107Y113       FDRE                                         r  fdtd_hdmi_bd_i/rst_pix_25M/U0/ACTIVE_LOW_PR_OUT_DFF[0].FDRE_PER_N/C
  -------------------------------------------------------------------    -------------------
    SLICE_X107Y113       FDRE (Prop_fdre_C_Q)         0.456    -0.210 r  fdtd_hdmi_bd_i/rst_pix_25M/U0/ACTIVE_LOW_PR_OUT_DFF[0].FDRE_PER_N/Q
                         net (fo=2, routed)           0.709     0.499    fdtd_hdmi_bd_i/renderer_0/inst/u_impl/u_timing/rst_pix_n
    SLICE_X109Y111       LUT1 (Prop_lut1_I0_O)        0.124     0.623 f  fdtd_hdmi_bd_i/renderer_0/inst/u_impl/u_timing/hdmi_r[7]_i_1/O
                         net (fo=382, routed)         2.056     2.679    fdtd_hdmi_bd_i/renderer_0/inst/u_impl/u_timing_n_0
    SLICE_X103Y71        FDCE                                         f  fdtd_hdmi_bd_i/renderer_0/inst/u_impl/core_rst_sync_reg[0]/CLR
  -------------------------------------------------------------------    -------------------

                         (clock clk_out3_fdtd_hdmi_bd_clk_wiz_0_0 rise edge)
                                                     10.000    10.000 r  
    H16                                               0.000    10.000 r  clk (IN)
                         net (fo=0)                   0.000    10.000    fdtd_hdmi_bd_i/clk_wiz_0/inst/clk_in1
    H16                  IBUF (Prop_ibuf_I_O)         1.380    11.380 r  fdtd_hdmi_bd_i/clk_wiz_0/inst/clkin1_ibufg/O
                         net (fo=1, routed)           1.162    12.542    fdtd_hdmi_bd_i/clk_wiz_0/inst/clk_in1_fdtd_hdmi_bd_clk_wiz_0_0
    MMCME2_ADV_X1Y2      MMCME2_ADV (Prop_mmcme2_adv_CLKIN1_CLKOUT2)
                                                     -7.814     4.728 r  fdtd_hdmi_bd_i/clk_wiz_0/inst/mmcm_adv_inst/CLKOUT2
                         net (fo=1, routed)           2.012     6.740    fdtd_hdmi_bd_i/clk_wiz_0/inst/clk_out3_fdtd_hdmi_bd_clk_wiz_0_0
    BUFGCTRL_X0Y19       BUFG (Prop_bufg_I_O)         0.091     6.831 r  fdtd_hdmi_bd_i/clk_wiz_0/inst/clkout3_buf/O
                         net (fo=28854, routed)       1.597     8.428    fdtd_hdmi_bd_i/renderer_0/inst/u_impl/clk_core
    SLICE_X103Y71        FDCE                                         r  fdtd_hdmi_bd_i/renderer_0/inst/u_impl/core_rst_sync_reg[0]/C
                         clock pessimism              0.249     8.677    
                         clock uncertainty           -0.210     8.467    
    SLICE_X103Y71        FDCE (Recov_fdce_C_CLR)     -0.405     8.062    fdtd_hdmi_bd_i/renderer_0/inst/u_impl/core_rst_sync_reg[0]
  -------------------------------------------------------------------
                         required time                          8.062    
                         arrival time                          -2.679    
  -------------------------------------------------------------------
                         slack                                  5.382    

Slack (MET) :             5.382ns  (required time - arrival time)
  Source:                 fdtd_hdmi_bd_i/rst_pix_25M/U0/ACTIVE_LOW_PR_OUT_DFF[0].FDRE_PER_N/C
                            (rising edge-triggered cell FDRE clocked by clk_out1_fdtd_hdmi_bd_clk_wiz_0_0  {rise@0.000ns fall@20.000ns period=40.000ns})
  Destination:            fdtd_hdmi_bd_i/renderer_0/inst/u_impl/core_rst_sync_reg[1]/CLR
                            (recovery check against rising-edge clock clk_out3_fdtd_hdmi_bd_clk_wiz_0_0  {rise@0.000ns fall@5.000ns period=10.000ns})
  Path Group:             **async_default**
  Path Type:              Recovery (Max at Slow Process Corner)
  Requirement:            10.000ns  (clk_out3_fdtd_hdmi_bd_clk_wiz_0_0 rise@10.000ns - clk_out1_fdtd_hdmi_bd_clk_wiz_0_0 rise@0.000ns)
  Data Path Delay:        3.346ns  (logic 0.580ns (17.336%)  route 2.766ns (82.664%))
  Logic Levels:           1  (LUT1=1)
  Clock Path Skew:        -0.657ns (DCD - SCD + CPR)
    Destination Clock Delay (DCD):    -1.572ns = ( 8.428 - 10.000 ) 
    Source Clock Delay      (SCD):    -0.666ns
    Clock Pessimism Removal (CPR):    0.249ns
  Clock Uncertainty:      0.210ns  ((TSJ^2 + DJ^2)^1/2) / 2 + PE
    Total System Jitter     (TSJ):    0.071ns
    Discrete Jitter          (DJ):    0.165ns
    Phase Error              (PE):    0.120ns

    Location             Delay type                Incr(ns)  Path(ns)    Netlist Resource(s)
  -------------------------------------------------------------------    -------------------
                         (clock clk_out1_fdtd_hdmi_bd_clk_wiz_0_0 rise edge)
                                                      0.000     0.000 r  
    H16                                               0.000     0.000 r  clk (IN)
                         net (fo=0)                   0.000     0.000    fdtd_hdmi_bd_i/clk_wiz_0/inst/clk_in1
    H16                  IBUF (Prop_ibuf_I_O)         1.451     1.451 r  fdtd_hdmi_bd_i/clk_wiz_0/inst/clkin1_ibufg/O
                         net (fo=1, routed)           1.285     2.736    fdtd_hdmi_bd_i/clk_wiz_0/inst/clk_in1_fdtd_hdmi_bd_clk_wiz_0_0
    MMCME2_ADV_X1Y2      MMCME2_ADV (Prop_mmcme2_adv_CLKIN1_CLKOUT0)
                                                     -7.759    -5.023 r  fdtd_hdmi_bd_i/clk_wiz_0/inst/mmcm_adv_inst/CLKOUT0
                         net (fo=1, routed)           2.206    -2.817    fdtd_hdmi_bd_i/clk_wiz_0/inst/clk_out1_fdtd_hdmi_bd_clk_wiz_0_0
    BUFGCTRL_X0Y16       BUFG (Prop_bufg_I_O)         0.101    -2.716 r  fdtd_hdmi_bd_i/clk_wiz_0/inst/clkout1_buf/O
                         net (fo=3160, routed)        2.050    -0.666    fdtd_hdmi_bd_i/rst_pix_25M/U0/slowest_sync_clk
    SLICE_X107Y113       FDRE                                         r  fdtd_hdmi_bd_i/rst_pix_25M/U0/ACTIVE_LOW_PR_OUT_DFF[0].FDRE_PER_N/C
  -------------------------------------------------------------------    -------------------
    SLICE_X107Y113       FDRE (Prop_fdre_C_Q)         0.456    -0.210 r  fdtd_hdmi_bd_i/rst_pix_25M/U0/ACTIVE_LOW_PR_OUT_DFF[0].FDRE_PER_N/Q
                         net (fo=2, routed)           0.709     0.499    fdtd_hdmi_bd_i/renderer_0/inst/u_impl/u_timing/rst_pix_n
    SLICE_X109Y111       LUT1 (Prop_lut1_I0_O)        0.124     0.623 f  fdtd_hdmi_bd_i/renderer_0/inst/u_impl/u_timing/hdmi_r[7]_i_1/O
                         net (fo=382, routed)         2.056     2.679    fdtd_hdmi_bd_i/renderer_0/inst/u_impl/u_timing_n_0
    SLICE_X103Y71        FDCE                                         f  fdtd_hdmi_bd_i/renderer_0/inst/u_impl/core_rst_sync_reg[1]/CLR
  -------------------------------------------------------------------    -------------------

                         (clock clk_out3_fdtd_hdmi_bd_clk_wiz_0_0 rise edge)
                                                     10.000    10.000 r  
    H16                                               0.000    10.000 r  clk (IN)
                         net (fo=0)                   0.000    10.000    fdtd_hdmi_bd_i/clk_wiz_0/inst/clk_in1
    H16                  IBUF (Prop_ibuf_I_O)         1.380    11.380 r  fdtd_hdmi_bd_i/clk_wiz_0/inst/clkin1_ibufg/O
                         net (fo=1, routed)           1.162    12.542    fdtd_hdmi_bd_i/clk_wiz_0/inst/clk_in1_fdtd_hdmi_bd_clk_wiz_0_0
    MMCME2_ADV_X1Y2      MMCME2_ADV (Prop_mmcme2_adv_CLKIN1_CLKOUT2)
                                                     -7.814     4.728 r  fdtd_hdmi_bd_i/clk_wiz_0/inst/mmcm_adv_inst/CLKOUT2
                         net (fo=1, routed)           2.012     6.740    fdtd_hdmi_bd_i/clk_wiz_0/inst/clk_out3_fdtd_hdmi_bd_clk_wiz_0_0
    BUFGCTRL_X0Y19       BUFG (Prop_bufg_I_O)         0.091     6.831 r  fdtd_hdmi_bd_i/clk_wiz_0/inst/clkout3_buf/O
                         net (fo=28854, routed)       1.597     8.428    fdtd_hdmi_bd_i/renderer_0/inst/u_impl/clk_core
    SLICE_X103Y71        FDCE                                         r  fdtd_hdmi_bd_i/renderer_0/inst/u_impl/core_rst_sync_reg[1]/C
                         clock pessimism              0.249     8.677    
                         clock uncertainty           -0.210     8.467    
    SLICE_X103Y71        FDCE (Recov_fdce_C_CLR)     -0.405     8.062    fdtd_hdmi_bd_i/renderer_0/inst/u_impl/core_rst_sync_reg[1]
  -------------------------------------------------------------------
                         required time                          8.062    
                         arrival time                          -2.679    
  -------------------------------------------------------------------
                         slack                                  5.382    

Slack (MET) :             5.382ns  (required time - arrival time)
  Source:                 fdtd_hdmi_bd_i/rst_pix_25M/U0/ACTIVE_LOW_PR_OUT_DFF[0].FDRE_PER_N/C
                            (rising edge-triggered cell FDRE clocked by clk_out1_fdtd_hdmi_bd_clk_wiz_0_0  {rise@0.000ns fall@20.000ns period=40.000ns})
  Destination:            fdtd_hdmi_bd_i/renderer_0/inst/u_impl/core_rst_sync_reg[2]/CLR
                            (recovery check against rising-edge clock clk_out3_fdtd_hdmi_bd_clk_wiz_0_0  {rise@0.000ns fall@5.000ns period=10.000ns})
  Path Group:             **async_default**
  Path Type:              Recovery (Max at Slow Process Corner)
  Requirement:            10.000ns  (clk_out3_fdtd_hdmi_bd_clk_wiz_0_0 rise@10.000ns - clk_out1_fdtd_hdmi_bd_clk_wiz_0_0 rise@0.000ns)
  Data Path Delay:        3.346ns  (logic 0.580ns (17.336%)  route 2.766ns (82.664%))
  Logic Levels:           1  (LUT1=1)
  Clock Path Skew:        -0.657ns (DCD - SCD + CPR)
    Destination Clock Delay (DCD):    -1.572ns = ( 8.428 - 10.000 ) 
    Source Clock Delay      (SCD):    -0.666ns
    Clock Pessimism Removal (CPR):    0.249ns
  Clock Uncertainty:      0.210ns  ((TSJ^2 + DJ^2)^1/2) / 2 + PE
    Total System Jitter     (TSJ):    0.071ns
    Discrete Jitter          (DJ):    0.165ns
    Phase Error              (PE):    0.120ns

    Location             Delay type                Incr(ns)  Path(ns)    Netlist Resource(s)
  -------------------------------------------------------------------    -------------------
                         (clock clk_out1_fdtd_hdmi_bd_clk_wiz_0_0 rise edge)
                                                      0.000     0.000 r  
    H16                                               0.000     0.000 r  clk (IN)
                         net (fo=0)                   0.000     0.000    fdtd_hdmi_bd_i/clk_wiz_0/inst/clk_in1
    H16                  IBUF (Prop_ibuf_I_O)         1.451     1.451 r  fdtd_hdmi_bd_i/clk_wiz_0/inst/clkin1_ibufg/O
                         net (fo=1, routed)           1.285     2.736    fdtd_hdmi_bd_i/clk_wiz_0/inst/clk_in1_fdtd_hdmi_bd_clk_wiz_0_0
    MMCME2_ADV_X1Y2      MMCME2_ADV (Prop_mmcme2_adv_CLKIN1_CLKOUT0)
                                                     -7.759    -5.023 r  fdtd_hdmi_bd_i/clk_wiz_0/inst/mmcm_adv_inst/CLKOUT0
                         net (fo=1, routed)           2.206    -2.817    fdtd_hdmi_bd_i/clk_wiz_0/inst/clk_out1_fdtd_hdmi_bd_clk_wiz_0_0
    BUFGCTRL_X0Y16       BUFG (Prop_bufg_I_O)         0.101    -2.716 r  fdtd_hdmi_bd_i/clk_wiz_0/inst/clkout1_buf/O
                         net (fo=3160, routed)        2.050    -0.666    fdtd_hdmi_bd_i/rst_pix_25M/U0/slowest_sync_clk
    SLICE_X107Y113       FDRE                                         r  fdtd_hdmi_bd_i/rst_pix_25M/U0/ACTIVE_LOW_PR_OUT_DFF[0].FDRE_PER_N/C
  -------------------------------------------------------------------    -------------------
    SLICE_X107Y113       FDRE (Prop_fdre_C_Q)         0.456    -0.210 r  fdtd_hdmi_bd_i/rst_pix_25M/U0/ACTIVE_LOW_PR_OUT_DFF[0].FDRE_PER_N/Q
                         net (fo=2, routed)           0.709     0.499    fdtd_hdmi_bd_i/renderer_0/inst/u_impl/u_timing/rst_pix_n
    SLICE_X109Y111       LUT1 (Prop_lut1_I0_O)        0.124     0.623 f  fdtd_hdmi_bd_i/renderer_0/inst/u_impl/u_timing/hdmi_r[7]_i_1/O
                         net (fo=382, routed)         2.056     2.679    fdtd_hdmi_bd_i/renderer_0/inst/u_impl/u_timing_n_0
    SLICE_X103Y71        FDCE                                         f  fdtd_hdmi_bd_i/renderer_0/inst/u_impl/core_rst_sync_reg[2]/CLR
  -------------------------------------------------------------------    -------------------

                         (clock clk_out3_fdtd_hdmi_bd_clk_wiz_0_0 rise edge)
                                                     10.000    10.000 r  
    H16                                               0.000    10.000 r  clk (IN)
                         net (fo=0)                   0.000    10.000    fdtd_hdmi_bd_i/clk_wiz_0/inst/clk_in1
    H16                  IBUF (Prop_ibuf_I_O)         1.380    11.380 r  fdtd_hdmi_bd_i/clk_wiz_0/inst/clkin1_ibufg/O
                         net (fo=1, routed)           1.162    12.542    fdtd_hdmi_bd_i/clk_wiz_0/inst/clk_in1_fdtd_hdmi_bd_clk_wiz_0_0
    MMCME2_ADV_X1Y2      MMCME2_ADV (Prop_mmcme2_adv_CLKIN1_CLKOUT2)
                                                     -7.814     4.728 r  fdtd_hdmi_bd_i/clk_wiz_0/inst/mmcm_adv_inst/CLKOUT2
                         net (fo=1, routed)           2.012     6.740    fdtd_hdmi_bd_i/clk_wiz_0/inst/clk_out3_fdtd_hdmi_bd_clk_wiz_0_0
    BUFGCTRL_X0Y19       BUFG (Prop_bufg_I_O)         0.091     6.831 r  fdtd_hdmi_bd_i/clk_wiz_0/inst/clkout3_buf/O
                         net (fo=28854, routed)       1.597     8.428    fdtd_hdmi_bd_i/renderer_0/inst/u_impl/clk_core
    SLICE_X103Y71        FDCE                                         r  fdtd_hdmi_bd_i/renderer_0/inst/u_impl/core_rst_sync_reg[2]/C
                         clock pessimism              0.249     8.677    
                         clock uncertainty           -0.210     8.467    
    SLICE_X103Y71        FDCE (Recov_fdce_C_CLR)     -0.405     8.062    fdtd_hdmi_bd_i/renderer_0/inst/u_impl/core_rst_sync_reg[2]
  -------------------------------------------------------------------
                         required time                          8.062    
                         arrival time                          -2.679    
  -------------------------------------------------------------------
                         slack                                  5.382    





Min Delay Paths
--------------------------------------------------------------------------------------
Slack (MET) :             1.011ns  (arrival time - required time)
  Source:                 fdtd_hdmi_bd_i/rst_pix_25M/U0/ACTIVE_LOW_PR_OUT_DFF[0].FDRE_PER_N/C
                            (rising edge-triggered cell FDRE clocked by clk_out1_fdtd_hdmi_bd_clk_wiz_0_0  {rise@0.000ns fall@20.000ns period=40.000ns})
  Destination:            fdtd_hdmi_bd_i/renderer_0/inst/u_impl/core_rst_sync_reg[0]/CLR
                            (removal check against rising-edge clock clk_out3_fdtd_hdmi_bd_clk_wiz_0_0  {rise@0.000ns fall@5.000ns period=10.000ns})
  Path Group:             **async_default**
  Path Type:              Removal (Min at Fast Process Corner)
  Requirement:            0.000ns  (clk_out3_fdtd_hdmi_bd_clk_wiz_0_0 rise@0.000ns - clk_out1_fdtd_hdmi_bd_clk_wiz_0_0 rise@0.000ns)
  Data Path Delay:        1.341ns  (logic 0.186ns (13.874%)  route 1.155ns (86.126%))
  Logic Levels:           1  (LUT1=1)
  Clock Path Skew:        0.211ns (DCD - SCD - CPR)
    Destination Clock Delay (DCD):    -0.874ns
    Source Clock Delay      (SCD):    -0.518ns
    Clock Pessimism Removal (CPR):    -0.567ns
  Clock Uncertainty:      0.210ns  ((TSJ^2 + DJ^2)^1/2) / 2 + PE
    Total System Jitter     (TSJ):    0.071ns
    Discrete Jitter          (DJ):    0.165ns
    Phase Error              (PE):    0.120ns

    Location             Delay type                Incr(ns)  Path(ns)    Netlist Resource(s)
  -------------------------------------------------------------------    -------------------
                         (clock clk_out1_fdtd_hdmi_bd_clk_wiz_0_0 rise edge)
                                                      0.000     0.000 r  
    H16                                               0.000     0.000 r  clk (IN)
                         net (fo=0)                   0.000     0.000    fdtd_hdmi_bd_i/clk_wiz_0/inst/clk_in1
    H16                  IBUF (Prop_ibuf_I_O)         0.219     0.219 r  fdtd_hdmi_bd_i/clk_wiz_0/inst/clkin1_ibufg/O
                         net (fo=1, routed)           0.440     0.659    fdtd_hdmi_bd_i/clk_wiz_0/inst/clk_in1_fdtd_hdmi_bd_clk_wiz_0_0
    MMCME2_ADV_X1Y2      MMCME2_ADV (Prop_mmcme2_adv_CLKIN1_CLKOUT0)
                                                     -2.613    -1.954 r  fdtd_hdmi_bd_i/clk_wiz_0/inst/mmcm_adv_inst/CLKOUT0
                         net (fo=1, routed)           0.696    -1.257    fdtd_hdmi_bd_i/clk_wiz_0/inst/clk_out1_fdtd_hdmi_bd_clk_wiz_0_0
    BUFGCTRL_X0Y16       BUFG (Prop_bufg_I_O)         0.026    -1.231 r  fdtd_hdmi_bd_i/clk_wiz_0/inst/clkout1_buf/O
                         net (fo=3160, routed)        0.713    -0.518    fdtd_hdmi_bd_i/rst_pix_25M/U0/slowest_sync_clk
    SLICE_X107Y113       FDRE                                         r  fdtd_hdmi_bd_i/rst_pix_25M/U0/ACTIVE_LOW_PR_OUT_DFF[0].FDRE_PER_N/C
  -------------------------------------------------------------------    -------------------
    SLICE_X107Y113       FDRE (Prop_fdre_C_Q)         0.141    -0.377 r  fdtd_hdmi_bd_i/rst_pix_25M/U0/ACTIVE_LOW_PR_OUT_DFF[0].FDRE_PER_N/Q
                         net (fo=2, routed)           0.241    -0.136    fdtd_hdmi_bd_i/renderer_0/inst/u_impl/u_timing/rst_pix_n
    SLICE_X109Y111       LUT1 (Prop_lut1_I0_O)        0.045    -0.091 f  fdtd_hdmi_bd_i/renderer_0/inst/u_impl/u_timing/hdmi_r[7]_i_1/O
                         net (fo=382, routed)         0.913     0.823    fdtd_hdmi_bd_i/renderer_0/inst/u_impl/u_timing_n_0
    SLICE_X103Y71        FDCE                                         f  fdtd_hdmi_bd_i/renderer_0/inst/u_impl/core_rst_sync_reg[0]/CLR
  -------------------------------------------------------------------    -------------------

                         (clock clk_out3_fdtd_hdmi_bd_clk_wiz_0_0 rise edge)
                                                      0.000     0.000 r  
    H16                                               0.000     0.000 r  clk (IN)
                         net (fo=0)                   0.000     0.000    fdtd_hdmi_bd_i/clk_wiz_0/inst/clk_in1
    H16                  IBUF (Prop_ibuf_I_O)         0.406     0.406 r  fdtd_hdmi_bd_i/clk_wiz_0/inst/clkin1_ibufg/O
                         net (fo=1, routed)           0.480     0.886    fdtd_hdmi_bd_i/clk_wiz_0/inst/clk_in1_fdtd_hdmi_bd_clk_wiz_0_0
    MMCME2_ADV_X1Y2      MMCME2_ADV (Prop_mmcme2_adv_CLKIN1_CLKOUT2)
                                                     -3.407    -2.521 r  fdtd_hdmi_bd_i/clk_wiz_0/inst/mmcm_adv_inst/CLKOUT2
                         net (fo=1, routed)           0.752    -1.769    fdtd_hdmi_bd_i/clk_wiz_0/inst/clk_out3_fdtd_hdmi_bd_clk_wiz_0_0
    BUFGCTRL_X0Y19       BUFG (Prop_bufg_I_O)         0.029    -1.740 r  fdtd_hdmi_bd_i/clk_wiz_0/inst/clkout3_buf/O
                         net (fo=28854, routed)       0.866    -0.874    fdtd_hdmi_bd_i/renderer_0/inst/u_impl/clk_core
    SLICE_X103Y71        FDCE                                         r  fdtd_hdmi_bd_i/renderer_0/inst/u_impl/core_rst_sync_reg[0]/C
                         clock pessimism              0.567    -0.307    
                         clock uncertainty            0.210    -0.097    
    SLICE_X103Y71        FDCE (Remov_fdce_C_CLR)     -0.092    -0.189    fdtd_hdmi_bd_i/renderer_0/inst/u_impl/core_rst_sync_reg[0]
  -------------------------------------------------------------------
                         required time                          0.189    
                         arrival time                           0.823    
  -------------------------------------------------------------------
                         slack                                  1.011    

Slack (MET) :             1.011ns  (arrival time - required time)
  Source:                 fdtd_hdmi_bd_i/rst_pix_25M/U0/ACTIVE_LOW_PR_OUT_DFF[0].FDRE_PER_N/C
                            (rising edge-triggered cell FDRE clocked by clk_out1_fdtd_hdmi_bd_clk_wiz_0_0  {rise@0.000ns fall@20.000ns period=40.000ns})
  Destination:            fdtd_hdmi_bd_i/renderer_0/inst/u_impl/core_rst_sync_reg[1]/CLR
                            (removal check against rising-edge clock clk_out3_fdtd_hdmi_bd_clk_wiz_0_0  {rise@0.000ns fall@5.000ns period=10.000ns})
  Path Group:             **async_default**
  Path Type:              Removal (Min at Fast Process Corner)
  Requirement:            0.000ns  (clk_out3_fdtd_hdmi_bd_clk_wiz_0_0 rise@0.000ns - clk_out1_fdtd_hdmi_bd_clk_wiz_0_0 rise@0.000ns)
  Data Path Delay:        1.341ns  (logic 0.186ns (13.874%)  route 1.155ns (86.126%))
  Logic Levels:           1  (LUT1=1)
  Clock Path Skew:        0.211ns (DCD - SCD - CPR)
    Destination Clock Delay (DCD):    -0.874ns
    Source Clock Delay      (SCD):    -0.518ns
    Clock Pessimism Removal (CPR):    -0.567ns
  Clock Uncertainty:      0.210ns  ((TSJ^2 + DJ^2)^1/2) / 2 + PE
    Total System Jitter     (TSJ):    0.071ns
    Discrete Jitter          (DJ):    0.165ns
    Phase Error              (PE):    0.120ns

    Location             Delay type                Incr(ns)  Path(ns)    Netlist Resource(s)
  -------------------------------------------------------------------    -------------------
                         (clock clk_out1_fdtd_hdmi_bd_clk_wiz_0_0 rise edge)
                                                      0.000     0.000 r  
    H16                                               0.000     0.000 r  clk (IN)
                         net (fo=0)                   0.000     0.000    fdtd_hdmi_bd_i/clk_wiz_0/inst/clk_in1
    H16                  IBUF (Prop_ibuf_I_O)         0.219     0.219 r  fdtd_hdmi_bd_i/clk_wiz_0/inst/clkin1_ibufg/O
                         net (fo=1, routed)           0.440     0.659    fdtd_hdmi_bd_i/clk_wiz_0/inst/clk_in1_fdtd_hdmi_bd_clk_wiz_0_0
    MMCME2_ADV_X1Y2      MMCME2_ADV (Prop_mmcme2_adv_CLKIN1_CLKOUT0)
                                                     -2.613    -1.954 r  fdtd_hdmi_bd_i/clk_wiz_0/inst/mmcm_adv_inst/CLKOUT0
                         net (fo=1, routed)           0.696    -1.257    fdtd_hdmi_bd_i/clk_wiz_0/inst/clk_out1_fdtd_hdmi_bd_clk_wiz_0_0
    BUFGCTRL_X0Y16       BUFG (Prop_bufg_I_O)         0.026    -1.231 r  fdtd_hdmi_bd_i/clk_wiz_0/inst/clkout1_buf/O
                         net (fo=3160, routed)        0.713    -0.518    fdtd_hdmi_bd_i/rst_pix_25M/U0/slowest_sync_clk
    SLICE_X107Y113       FDRE                                         r  fdtd_hdmi_bd_i/rst_pix_25M/U0/ACTIVE_LOW_PR_OUT_DFF[0].FDRE_PER_N/C
  -------------------------------------------------------------------    -------------------
    SLICE_X107Y113       FDRE (Prop_fdre_C_Q)         0.141    -0.377 r  fdtd_hdmi_bd_i/rst_pix_25M/U0/ACTIVE_LOW_PR_OUT_DFF[0].FDRE_PER_N/Q
                         net (fo=2, routed)           0.241    -0.136    fdtd_hdmi_bd_i/renderer_0/inst/u_impl/u_timing/rst_pix_n
    SLICE_X109Y111       LUT1 (Prop_lut1_I0_O)        0.045    -0.091 f  fdtd_hdmi_bd_i/renderer_0/inst/u_impl/u_timing/hdmi_r[7]_i_1/O
                         net (fo=382, routed)         0.913     0.823    fdtd_hdmi_bd_i/renderer_0/inst/u_impl/u_timing_n_0
    SLICE_X103Y71        FDCE                                         f  fdtd_hdmi_bd_i/renderer_0/inst/u_impl/core_rst_sync_reg[1]/CLR
  -------------------------------------------------------------------    -------------------

                         (clock clk_out3_fdtd_hdmi_bd_clk_wiz_0_0 rise edge)
                                                      0.000     0.000 r  
    H16                                               0.000     0.000 r  clk (IN)
                         net (fo=0)                   0.000     0.000    fdtd_hdmi_bd_i/clk_wiz_0/inst/clk_in1
    H16                  IBUF (Prop_ibuf_I_O)         0.406     0.406 r  fdtd_hdmi_bd_i/clk_wiz_0/inst/clkin1_ibufg/O
                         net (fo=1, routed)           0.480     0.886    fdtd_hdmi_bd_i/clk_wiz_0/inst/clk_in1_fdtd_hdmi_bd_clk_wiz_0_0
    MMCME2_ADV_X1Y2      MMCME2_ADV (Prop_mmcme2_adv_CLKIN1_CLKOUT2)
                                                     -3.407    -2.521 r  fdtd_hdmi_bd_i/clk_wiz_0/inst/mmcm_adv_inst/CLKOUT2
                         net (fo=1, routed)           0.752    -1.769    fdtd_hdmi_bd_i/clk_wiz_0/inst/clk_out3_fdtd_hdmi_bd_clk_wiz_0_0
    BUFGCTRL_X0Y19       BUFG (Prop_bufg_I_O)         0.029    -1.740 r  fdtd_hdmi_bd_i/clk_wiz_0/inst/clkout3_buf/O
                         net (fo=28854, routed)       0.866    -0.874    fdtd_hdmi_bd_i/renderer_0/inst/u_impl/clk_core
    SLICE_X103Y71        FDCE                                         r  fdtd_hdmi_bd_i/renderer_0/inst/u_impl/core_rst_sync_reg[1]/C
                         clock pessimism              0.567    -0.307    
                         clock uncertainty            0.210    -0.097    
    SLICE_X103Y71        FDCE (Remov_fdce_C_CLR)     -0.092    -0.189    fdtd_hdmi_bd_i/renderer_0/inst/u_impl/core_rst_sync_reg[1]
  -------------------------------------------------------------------
                         required time                          0.189    
                         arrival time                           0.823    
  -------------------------------------------------------------------
                         slack                                  1.011    

Slack (MET) :             1.011ns  (arrival time - required time)
  Source:                 fdtd_hdmi_bd_i/rst_pix_25M/U0/ACTIVE_LOW_PR_OUT_DFF[0].FDRE_PER_N/C
                            (rising edge-triggered cell FDRE clocked by clk_out1_fdtd_hdmi_bd_clk_wiz_0_0  {rise@0.000ns fall@20.000ns period=40.000ns})
  Destination:            fdtd_hdmi_bd_i/renderer_0/inst/u_impl/core_rst_sync_reg[2]/CLR
                            (removal check against rising-edge clock clk_out3_fdtd_hdmi_bd_clk_wiz_0_0  {rise@0.000ns fall@5.000ns period=10.000ns})
  Path Group:             **async_default**
  Path Type:              Removal (Min at Fast Process Corner)
  Requirement:            0.000ns  (clk_out3_fdtd_hdmi_bd_clk_wiz_0_0 rise@0.000ns - clk_out1_fdtd_hdmi_bd_clk_wiz_0_0 rise@0.000ns)
  Data Path Delay:        1.341ns  (logic 0.186ns (13.874%)  route 1.155ns (86.126%))
  Logic Levels:           1  (LUT1=1)
  Clock Path Skew:        0.211ns (DCD - SCD - CPR)
    Destination Clock Delay (DCD):    -0.874ns
    Source Clock Delay      (SCD):    -0.518ns
    Clock Pessimism Removal (CPR):    -0.567ns
  Clock Uncertainty:      0.210ns  ((TSJ^2 + DJ^2)^1/2) / 2 + PE
    Total System Jitter     (TSJ):    0.071ns
    Discrete Jitter          (DJ):    0.165ns
    Phase Error              (PE):    0.120ns

    Location             Delay type                Incr(ns)  Path(ns)    Netlist Resource(s)
  -------------------------------------------------------------------    -------------------
                         (clock clk_out1_fdtd_hdmi_bd_clk_wiz_0_0 rise edge)
                                                      0.000     0.000 r  
    H16                                               0.000     0.000 r  clk (IN)
                         net (fo=0)                   0.000     0.000    fdtd_hdmi_bd_i/clk_wiz_0/inst/clk_in1
    H16                  IBUF (Prop_ibuf_I_O)         0.219     0.219 r  fdtd_hdmi_bd_i/clk_wiz_0/inst/clkin1_ibufg/O
                         net (fo=1, routed)           0.440     0.659    fdtd_hdmi_bd_i/clk_wiz_0/inst/clk_in1_fdtd_hdmi_bd_clk_wiz_0_0
    MMCME2_ADV_X1Y2      MMCME2_ADV (Prop_mmcme2_adv_CLKIN1_CLKOUT0)
                                                     -2.613    -1.954 r  fdtd_hdmi_bd_i/clk_wiz_0/inst/mmcm_adv_inst/CLKOUT0
                         net (fo=1, routed)           0.696    -1.257    fdtd_hdmi_bd_i/clk_wiz_0/inst/clk_out1_fdtd_hdmi_bd_clk_wiz_0_0
    BUFGCTRL_X0Y16       BUFG (Prop_bufg_I_O)         0.026    -1.231 r  fdtd_hdmi_bd_i/clk_wiz_0/inst/clkout1_buf/O
                         net (fo=3160, routed)        0.713    -0.518    fdtd_hdmi_bd_i/rst_pix_25M/U0/slowest_sync_clk
    SLICE_X107Y113       FDRE                                         r  fdtd_hdmi_bd_i/rst_pix_25M/U0/ACTIVE_LOW_PR_OUT_DFF[0].FDRE_PER_N/C
  -------------------------------------------------------------------    -------------------
    SLICE_X107Y113       FDRE (Prop_fdre_C_Q)         0.141    -0.377 r  fdtd_hdmi_bd_i/rst_pix_25M/U0/ACTIVE_LOW_PR_OUT_DFF[0].FDRE_PER_N/Q
                         net (fo=2, routed)           0.241    -0.136    fdtd_hdmi_bd_i/renderer_0/inst/u_impl/u_timing/rst_pix_n
    SLICE_X109Y111       LUT1 (Prop_lut1_I0_O)        0.045    -0.091 f  fdtd_hdmi_bd_i/renderer_0/inst/u_impl/u_timing/hdmi_r[7]_i_1/O
                         net (fo=382, routed)         0.913     0.823    fdtd_hdmi_bd_i/renderer_0/inst/u_impl/u_timing_n_0
    SLICE_X103Y71        FDCE                                         f  fdtd_hdmi_bd_i/renderer_0/inst/u_impl/core_rst_sync_reg[2]/CLR
  -------------------------------------------------------------------    -------------------

                         (clock clk_out3_fdtd_hdmi_bd_clk_wiz_0_0 rise edge)
                                                      0.000     0.000 r  
    H16                                               0.000     0.000 r  clk (IN)
                         net (fo=0)                   0.000     0.000    fdtd_hdmi_bd_i/clk_wiz_0/inst/clk_in1
    H16                  IBUF (Prop_ibuf_I_O)         0.406     0.406 r  fdtd_hdmi_bd_i/clk_wiz_0/inst/clkin1_ibufg/O
                         net (fo=1, routed)           0.480     0.886    fdtd_hdmi_bd_i/clk_wiz_0/inst/clk_in1_fdtd_hdmi_bd_clk_wiz_0_0
    MMCME2_ADV_X1Y2      MMCME2_ADV (Prop_mmcme2_adv_CLKIN1_CLKOUT2)
                                                     -3.407    -2.521 r  fdtd_hdmi_bd_i/clk_wiz_0/inst/mmcm_adv_inst/CLKOUT2
                         net (fo=1, routed)           0.752    -1.769    fdtd_hdmi_bd_i/clk_wiz_0/inst/clk_out3_fdtd_hdmi_bd_clk_wiz_0_0
    BUFGCTRL_X0Y19       BUFG (Prop_bufg_I_O)         0.029    -1.740 r  fdtd_hdmi_bd_i/clk_wiz_0/inst/clkout3_buf/O
                         net (fo=28854, routed)       0.866    -0.874    fdtd_hdmi_bd_i/renderer_0/inst/u_impl/clk_core
    SLICE_X103Y71        FDCE                                         r  fdtd_hdmi_bd_i/renderer_0/inst/u_impl/core_rst_sync_reg[2]/C
                         clock pessimism              0.567    -0.307    
                         clock uncertainty            0.210    -0.097    
    SLICE_X103Y71        FDCE (Remov_fdce_C_CLR)     -0.092    -0.189    fdtd_hdmi_bd_i/renderer_0/inst/u_impl/core_rst_sync_reg[2]
  -------------------------------------------------------------------
                         required time                          0.189    
                         arrival time                           0.823    
  -------------------------------------------------------------------
                         slack                                  1.011    





